ground_truth_id,order_id,expected_scenario,expected_outcome,expected_resolution_class,expected_root_cause,expected_human_escalation,expected_ai_investigation,expected_confidence_band,expected_financial_impact,linked_payment_ids,linked_settlement_ids,notes
GT-000001,ORD-000001,EXACT_MATCH,MATCHED,AUTO_RESOLVED,EXACT_1TO1_MATCH_VERIFIED,False,False,HIGH,0.00,"PAY-000001","SET-000001","Standard exact 1:1 match across order, payment, settlement, and invoice within T+1 SLA."
GT-000002,ORD-000002,EXACT_MATCH,MATCHED,AUTO_RESOLVED,EXACT_1TO1_MATCH_VERIFIED,False,False,HIGH,0.00,"PAY-000002","SET-000002","Standard exact 1:1 match across order, payment, settlement, and invoice within T+1 SLA."
GT-000003,ORD-000003,EXACT_MATCH,MATCHED,AUTO_RESOLVED,EXACT_1TO1_MATCH_VERIFIED,False,False,HIGH,0.00,"PAY-000003","SET-000003","Standard exact 1:1 match across order, payment, settlement, and invoice within T+1 SLA."
GT-000004,ORD-000004,EXACT_MATCH,MATCHED,AUTO_RESOLVED,EXACT_1TO1_MATCH_VERIFIED,False,False,HIGH,0.00,"PAY-000004","SET-000004","Standard exact 1:1 match across order, payment, settlement, and invoice within T+1 SLA."
GT-000005,ORD-000005,EXACT_MATCH,MATCHED,AUTO_RESOLVED,EXACT_1TO1_MATCH_VERIFIED,False,False,HIGH,0.00,"PAY-000005","SET-000005","Standard exact 1:1 match across order, payment, settlement, and invoice within T+1 SLA."
GT-000006,ORD-000006,EXACT_MATCH,MATCHED,AUTO_RESOLVED,EXACT_1TO1_MATCH_VERIFIED,False,False,HIGH,0.00,"PAY-000006","SET-000006","Standard exact 1:1 match across order, payment, settlement, and invoice within T+1 SLA."
GT-000007,ORD-000007,EXACT_MATCH,MATCHED,AUTO_RESOLVED,EXACT_1TO1_MATCH_VERIFIED,False,False,HIGH,0.00,"PAY-000007","SET-000007","Standard exact 1:1 match across order, payment, settlement, and invoice within T+1 SLA."
GT-000008,ORD-000008,EXACT_MATCH,MATCHED,AUTO_RESOLVED,EXACT_1TO1_MATCH_VERIFIED,False,False,HIGH,0.00,"PAY-000008","SET-000008","Standard exact 1:1 match across order, payment, settlement, and invoice within T+1 SLA."
GT-000009,ORD-000009,EXACT_MATCH,MATCHED,AUTO_RESOLVED,EXACT_1TO1_MATCH_VERIFIED,False,False,HIGH,0.00,"PAY-000009","SET-000009","Standard exact 1:1 match across order, payment, settlement, and invoice within T+1 SLA."
GT-000010,ORD-000010,EXACT_MATCH,MATCHED,AUTO_RESOLVED,EXACT_1TO1_MATCH_VERIFIED,False,False,HIGH,0.00,"PAY-000010","SET-000010","Standard exact 1:1 match across order, payment, settlement, and invoice within T+1 SLA."
GT-000011,ORD-000011,EXACT_MATCH,MATCHED,AUTO_RESOLVED,EXACT_1TO1_MATCH_VERIFIED,False,False,HIGH,0.00,"PAY-000011","SET-000011","Standard exact 1:1 match across order, payment, settlement, and invoice within T+1 SLA."
GT-000012,ORD-000012,EXACT_MATCH,MATCHED,AUTO_RESOLVED,EXACT_1TO1_MATCH_VERIFIED,False,False,HIGH,0.00,"PAY-000012","SET-000012","Standard exact 1:1 match across order, payment, settlement, and invoice within T+1 SLA."
GT-000013,ORD-000013,EXACT_MATCH,MATCHED,AUTO_RESOLVED,EXACT_1TO1_MATCH_VERIFIED,False,False,HIGH,0.00,"PAY-000013","SET-000013","Standard exact 1:1 match across order, payment, settlement, and invoice within T+1 SLA."
GT-000014,ORD-000014,EXACT_MATCH,MATCHED,AUTO_RESOLVED,EXACT_1TO1_MATCH_VERIFIED,False,False,HIGH,0.00,"PAY-000014","SET-000014","Standard exact 1:1 match across order, payment, settlement, and invoice within T+1 SLA."
GT-000015,ORD-000015,EXACT_MATCH,MATCHED,AUTO_RESOLVED,EXACT_1TO1_MATCH_VERIFIED,False,False,HIGH,0.00,"PAY-000015","SET-000015","Standard exact 1:1 match across order, payment, settlement, and invoice within T+1 SLA."
GT-000016,ORD-000016,EXACT_MATCH,MATCHED,AUTO_RESOLVED,EXACT_1TO1_MATCH_VERIFIED,False,False,HIGH,0.00,"PAY-000016","SET-000016","Standard exact 1:1 match across order, payment, settlement, and invoice within T+1 SLA."
GT-000017,ORD-000017,EXACT_MATCH,MATCHED,AUTO_RESOLVED,EXACT_1TO1_MATCH_VERIFIED,False,False,HIGH,0.00,"PAY-000017","SET-000017","Standard exact 1:1 match across order, payment, settlement, and invoice within T+1 SLA."
GT-000018,ORD-000018,EXACT_MATCH,MATCHED,AUTO_RESOLVED,EXACT_1TO1_MATCH_VERIFIED,False,False,HIGH,0.00,"PAY-000018","SET-000018","Standard exact 1:1 match across order, payment, settlement, and invoice within T+1 SLA."
GT-000019,ORD-000019,EXACT_MATCH,MATCHED,AUTO_RESOLVED,EXACT_1TO1_MATCH_VERIFIED,False,False,HIGH,0.00,"PAY-000019","SET-000019","Standard exact 1:1 match across order, payment, settlement, and invoice within T+1 SLA."
GT-000020,ORD-000020,EXACT_MATCH,MATCHED,AUTO_RESOLVED,EXACT_1TO1_MATCH_VERIFIED,False,False,HIGH,0.00,"PAY-000020","SET-000020","Standard exact 1:1 match across order, payment, settlement, and invoice within T+1 SLA."
GT-000021,ORD-000021,EXACT_MATCH,MATCHED,AUTO_RESOLVED,EXACT_1TO1_MATCH_VERIFIED,False,False,HIGH,0.00,"PAY-000021","SET-000021","Standard exact 1:1 match across order, payment, settlement, and invoice within T+1 SLA."
GT-000022,ORD-000022,EXACT_MATCH,MATCHED,AUTO_RESOLVED,EXACT_1TO1_MATCH_VERIFIED,False,False,HIGH,0.00,"PAY-000022","SET-000022","Standard exact 1:1 match across order, payment, settlement, and invoice within T+1 SLA."
GT-000023,ORD-000023,EXACT_MATCH,MATCHED,AUTO_RESOLVED,EXACT_1TO1_MATCH_VERIFIED,False,False,HIGH,0.00,"PAY-000023","SET-000023","Standard exact 1:1 match across order, payment, settlement, and invoice within T+1 SLA."
GT-000024,ORD-000024,EXACT_MATCH,MATCHED,AUTO_RESOLVED,EXACT_1TO1_MATCH_VERIFIED,False,False,HIGH,0.00,"PAY-000024","SET-000024","Standard exact 1:1 match across order, payment, settlement, and invoice within T+1 SLA."
GT-000025,ORD-000025,EXACT_MATCH,MATCHED,AUTO_RESOLVED,EXACT_1TO1_MATCH_VERIFIED,False,False,HIGH,0.00,"PAY-000025","SET-000025","Standard exact 1:1 match across order, payment, settlement, and invoice within T+1 SLA."
GT-000026,ORD-000026,EXACT_MATCH,MATCHED,AUTO_RESOLVED,EXACT_1TO1_MATCH_VERIFIED,False,False,HIGH,0.00,"PAY-000026","SET-000026","Standard exact 1:1 match across order, payment, settlement, and invoice within T+1 SLA."
GT-000027,ORD-000027,EXACT_MATCH,MATCHED,AUTO_RESOLVED,EXACT_1TO1_MATCH_VERIFIED,False,False,HIGH,0.00,"PAY-000027","SET-000027","Standard exact 1:1 match across order, payment, settlement, and invoice within T+1 SLA."
GT-000028,ORD-000028,EXACT_MATCH,MATCHED,AUTO_RESOLVED,EXACT_1TO1_MATCH_VERIFIED,False,False,HIGH,0.00,"PAY-000028","SET-000028","Standard exact 1:1 match across order, payment, settlement, and invoice within T+1 SLA."
GT-000029,ORD-000029,EXACT_MATCH,MATCHED,AUTO_RESOLVED,EXACT_1TO1_MATCH_VERIFIED,False,False,HIGH,0.00,"PAY-000029","SET-000029","Standard exact 1:1 match across order, payment, settlement, and invoice within T+1 SLA."
GT-000030,ORD-000030,EXACT_MATCH,MATCHED,AUTO_RESOLVED,EXACT_1TO1_MATCH_VERIFIED,False,False,HIGH,0.00,"PAY-000030","SET-000030","Standard exact 1:1 match across order, payment, settlement, and invoice within T+1 SLA."
GT-000031,ORD-000031,EXACT_MATCH,MATCHED,AUTO_RESOLVED,EXACT_1TO1_MATCH_VERIFIED,False,False,HIGH,0.00,"PAY-000031","SET-000031","Standard exact 1:1 match across order, payment, settlement, and invoice within T+1 SLA."
GT-000032,ORD-000032,EXACT_MATCH,MATCHED,AUTO_RESOLVED,EXACT_1TO1_MATCH_VERIFIED,False,False,HIGH,0.00,"PAY-000032","SET-000032","Standard exact 1:1 match across order, payment, settlement, and invoice within T+1 SLA."
GT-000033,ORD-000033,EXACT_MATCH,MATCHED,AUTO_RESOLVED,EXACT_1TO1_MATCH_VERIFIED,False,False,HIGH,0.00,"PAY-000033","SET-000033","Standard exact 1:1 match across order, payment, settlement, and invoice within T+1 SLA."
GT-000034,ORD-000034,EXACT_MATCH,MATCHED,AUTO_RESOLVED,EXACT_1TO1_MATCH_VERIFIED,False,False,HIGH,0.00,"PAY-000034","SET-000034","Standard exact 1:1 match across order, payment, settlement, and invoice within T+1 SLA."
GT-000035,ORD-000035,EXACT_MATCH,MATCHED,AUTO_RESOLVED,EXACT_1TO1_MATCH_VERIFIED,False,False,HIGH,0.00,"PAY-000035","SET-000035","Standard exact 1:1 match across order, payment, settlement, and invoice within T+1 SLA."
GT-000036,ORD-000036,EXACT_MATCH,MATCHED,AUTO_RESOLVED,EXACT_1TO1_MATCH_VERIFIED,False,False,HIGH,0.00,"PAY-000036","SET-000036","Standard exact 1:1 match across order, payment, settlement, and invoice within T+1 SLA."
GT-000037,ORD-000037,EXACT_MATCH,MATCHED,AUTO_RESOLVED,EXACT_1TO1_MATCH_VERIFIED,False,False,HIGH,0.00,"PAY-000037","SET-000037","Standard exact 1:1 match across order, payment, settlement, and invoice within T+1 SLA."
GT-000038,ORD-000038,EXACT_MATCH,MATCHED,AUTO_RESOLVED,EXACT_1TO1_MATCH_VERIFIED,False,False,HIGH,0.00,"PAY-000038","SET-000038","Standard exact 1:1 match across order, payment, settlement, and invoice within T+1 SLA."
GT-000039,ORD-000039,EXACT_MATCH,MATCHED,AUTO_RESOLVED,EXACT_1TO1_MATCH_VERIFIED,False,False,HIGH,0.00,"PAY-000039","SET-000039","Standard exact 1:1 match across order, payment, settlement, and invoice within T+1 SLA."
GT-000040,ORD-000040,EXACT_MATCH,MATCHED,AUTO_RESOLVED,EXACT_1TO1_MATCH_VERIFIED,False,False,HIGH,0.00,"PAY-000040","SET-000040","Standard exact 1:1 match across order, payment, settlement, and invoice within T+1 SLA."
GT-000041,ORD-000041,EXACT_MATCH,MATCHED,AUTO_RESOLVED,EXACT_1TO1_MATCH_VERIFIED,False,False,HIGH,0.00,"PAY-000041","SET-000041","Standard exact 1:1 match across order, payment, settlement, and invoice within T+1 SLA."
GT-000042,ORD-000042,EXACT_MATCH,MATCHED,AUTO_RESOLVED,EXACT_1TO1_MATCH_VERIFIED,False,False,HIGH,0.00,"PAY-000042","SET-000042","Standard exact 1:1 match across order, payment, settlement, and invoice within T+1 SLA."
GT-000043,ORD-000043,EXACT_MATCH,MATCHED,AUTO_RESOLVED,EXACT_1TO1_MATCH_VERIFIED,False,False,HIGH,0.00,"PAY-000043","SET-000043","Standard exact 1:1 match across order, payment, settlement, and invoice within T+1 SLA."
GT-000044,ORD-000044,EXACT_MATCH,MATCHED,AUTO_RESOLVED,EXACT_1TO1_MATCH_VERIFIED,False,False,HIGH,0.00,"PAY-000044","SET-000044","Standard exact 1:1 match across order, payment, settlement, and invoice within T+1 SLA."
GT-000045,ORD-000045,EXACT_MATCH,MATCHED,AUTO_RESOLVED,EXACT_1TO1_MATCH_VERIFIED,False,False,HIGH,0.00,"PAY-000045","SET-000045","Standard exact 1:1 match across order, payment, settlement, and invoice within T+1 SLA."
GT-000046,ORD-000046,EXACT_MATCH,MATCHED,AUTO_RESOLVED,EXACT_1TO1_MATCH_VERIFIED,False,False,HIGH,0.00,"PAY-000046","SET-000046","Standard exact 1:1 match across order, payment, settlement, and invoice within T+1 SLA."
GT-000047,ORD-000047,EXACT_MATCH,MATCHED,AUTO_RESOLVED,EXACT_1TO1_MATCH_VERIFIED,False,False,HIGH,0.00,"PAY-000047","SET-000047","Standard exact 1:1 match across order, payment, settlement, and invoice within T+1 SLA."
GT-000048,ORD-000048,EXACT_MATCH,MATCHED,AUTO_RESOLVED,EXACT_1TO1_MATCH_VERIFIED,False,False,HIGH,0.00,"PAY-000048","SET-000048","Standard exact 1:1 match across order, payment, settlement, and invoice within T+1 SLA."
GT-000049,ORD-000049,EXACT_MATCH,MATCHED,AUTO_RESOLVED,EXACT_1TO1_MATCH_VERIFIED,False,False,HIGH,0.00,"PAY-000049","SET-000049","Standard exact 1:1 match across order, payment, settlement, and invoice within T+1 SLA."
GT-000050,ORD-000050,EXACT_MATCH,MATCHED,AUTO_RESOLVED,EXACT_1TO1_MATCH_VERIFIED,False,False,HIGH,0.00,"PAY-000050","SET-000050","Standard exact 1:1 match across order, payment, settlement, and invoice within T+1 SLA."
GT-000051,ORD-000051,EXACT_MATCH,MATCHED,AUTO_RESOLVED,EXACT_1TO1_MATCH_VERIFIED,False,False,HIGH,0.00,"PAY-000051","SET-000051","Standard exact 1:1 match across order, payment, settlement, and invoice within T+1 SLA."
GT-000052,ORD-000052,EXACT_MATCH,MATCHED,AUTO_RESOLVED,EXACT_1TO1_MATCH_VERIFIED,False,False,HIGH,0.00,"PAY-000052","SET-000052","Standard exact 1:1 match across order, payment, settlement, and invoice within T+1 SLA."
GT-000053,ORD-000053,EXACT_MATCH,MATCHED,AUTO_RESOLVED,EXACT_1TO1_MATCH_VERIFIED,False,False,HIGH,0.00,"PAY-000053","SET-000053","Standard exact 1:1 match across order, payment, settlement, and invoice within T+1 SLA."
GT-000054,ORD-000054,EXACT_MATCH,MATCHED,AUTO_RESOLVED,EXACT_1TO1_MATCH_VERIFIED,False,False,HIGH,0.00,"PAY-000054","SET-000054","Standard exact 1:1 match across order, payment, settlement, and invoice within T+1 SLA."
GT-000055,ORD-000055,EXACT_MATCH,MATCHED,AUTO_RESOLVED,EXACT_1TO1_MATCH_VERIFIED,False,False,HIGH,0.00,"PAY-000055","SET-000055","Standard exact 1:1 match across order, payment, settlement, and invoice within T+1 SLA."
GT-000056,ORD-000056,EXACT_MATCH,MATCHED,AUTO_RESOLVED,EXACT_1TO1_MATCH_VERIFIED,False,False,HIGH,0.00,"PAY-000056","SET-000056","Standard exact 1:1 match across order, payment, settlement, and invoice within T+1 SLA."
GT-000057,ORD-000057,EXACT_MATCH,MATCHED,AUTO_RESOLVED,EXACT_1TO1_MATCH_VERIFIED,False,False,HIGH,0.00,"PAY-000057","SET-000057","Standard exact 1:1 match across order, payment, settlement, and invoice within T+1 SLA."
GT-000058,ORD-000058,EXACT_MATCH,MATCHED,AUTO_RESOLVED,EXACT_1TO1_MATCH_VERIFIED,False,False,HIGH,0.00,"PAY-000058","SET-000058","Standard exact 1:1 match across order, payment, settlement, and invoice within T+1 SLA."
GT-000059,ORD-000059,EXACT_MATCH,MATCHED,AUTO_RESOLVED,EXACT_1TO1_MATCH_VERIFIED,False,False,HIGH,0.00,"PAY-000059","SET-000059","Standard exact 1:1 match across order, payment, settlement, and invoice within T+1 SLA."
GT-000060,ORD-000060,EXACT_MATCH,MATCHED,AUTO_RESOLVED,EXACT_1TO1_MATCH_VERIFIED,False,False,HIGH,0.00,"PAY-000060","SET-000060","Standard exact 1:1 match across order, payment, settlement, and invoice within T+1 SLA."
GT-000061,ORD-000061,EXACT_MATCH,MATCHED,AUTO_RESOLVED,EXACT_1TO1_MATCH_VERIFIED,False,False,HIGH,0.00,"PAY-000061","SET-000061","Standard exact 1:1 match across order, payment, settlement, and invoice within T+1 SLA."
GT-000062,ORD-000062,EXACT_MATCH,MATCHED,AUTO_RESOLVED,EXACT_1TO1_MATCH_VERIFIED,False,False,HIGH,0.00,"PAY-000062","SET-000062","Standard exact 1:1 match across order, payment, settlement, and invoice within T+1 SLA."
GT-000063,ORD-000063,EXACT_MATCH,MATCHED,AUTO_RESOLVED,EXACT_1TO1_MATCH_VERIFIED,False,False,HIGH,0.00,"PAY-000063","SET-000063","Standard exact 1:1 match across order, payment, settlement, and invoice within T+1 SLA."
GT-000064,ORD-000064,EXACT_MATCH,MATCHED,AUTO_RESOLVED,EXACT_1TO1_MATCH_VERIFIED,False,False,HIGH,0.00,"PAY-000064","SET-000064","Standard exact 1:1 match across order, payment, settlement, and invoice within T+1 SLA."
GT-000065,ORD-000065,EXACT_MATCH,MATCHED,AUTO_RESOLVED,EXACT_1TO1_MATCH_VERIFIED,False,False,HIGH,0.00,"PAY-000065","SET-000065","Standard exact 1:1 match across order, payment, settlement, and invoice within T+1 SLA."
GT-000066,ORD-000066,EXACT_MATCH,MATCHED,AUTO_RESOLVED,EXACT_1TO1_MATCH_VERIFIED,False,False,HIGH,0.00,"PAY-000066","SET-000066","Standard exact 1:1 match across order, payment, settlement, and invoice within T+1 SLA."
GT-000067,ORD-000067,EXACT_MATCH,MATCHED,AUTO_RESOLVED,EXACT_1TO1_MATCH_VERIFIED,False,False,HIGH,0.00,"PAY-000067","SET-000067","Standard exact 1:1 match across order, payment, settlement, and invoice within T+1 SLA."
GT-000068,ORD-000068,EXACT_MATCH,MATCHED,AUTO_RESOLVED,EXACT_1TO1_MATCH_VERIFIED,False,False,HIGH,0.00,"PAY-000068","SET-000068","Standard exact 1:1 match across order, payment, settlement, and invoice within T+1 SLA."
GT-000069,ORD-000069,EXACT_MATCH,MATCHED,AUTO_RESOLVED,EXACT_1TO1_MATCH_VERIFIED,False,False,HIGH,0.00,"PAY-000069","SET-000069","Standard exact 1:1 match across order, payment, settlement, and invoice within T+1 SLA."
GT-000070,ORD-000070,EXACT_MATCH,MATCHED,AUTO_RESOLVED,EXACT_1TO1_MATCH_VERIFIED,False,False,HIGH,0.00,"PAY-000070","SET-000070","Standard exact 1:1 match across order, payment, settlement, and invoice within T+1 SLA."
GT-000071,ORD-000071,EXACT_MATCH,MATCHED,AUTO_RESOLVED,EXACT_1TO1_MATCH_VERIFIED,False,False,HIGH,0.00,"PAY-000071","SET-000071","Standard exact 1:1 match across order, payment, settlement, and invoice within T+1 SLA."
GT-000072,ORD-000072,EXACT_MATCH,MATCHED,AUTO_RESOLVED,EXACT_1TO1_MATCH_VERIFIED,False,False,HIGH,0.00,"PAY-000072","SET-000072","Standard exact 1:1 match across order, payment, settlement, and invoice within T+1 SLA."
GT-000073,ORD-000073,EXACT_MATCH,MATCHED,AUTO_RESOLVED,EXACT_1TO1_MATCH_VERIFIED,False,False,HIGH,0.00,"PAY-000073","SET-000073","Standard exact 1:1 match across order, payment, settlement, and invoice within T+1 SLA."
GT-000074,ORD-000074,EXACT_MATCH,MATCHED,AUTO_RESOLVED,EXACT_1TO1_MATCH_VERIFIED,False,False,HIGH,0.00,"PAY-000074","SET-000074","Standard exact 1:1 match across order, payment, settlement, and invoice within T+1 SLA."
GT-000075,ORD-000075,EXACT_MATCH,MATCHED,AUTO_RESOLVED,EXACT_1TO1_MATCH_VERIFIED,False,False,HIGH,0.00,"PAY-000075","SET-000075","Standard exact 1:1 match across order, payment, settlement, and invoice within T+1 SLA."
GT-000076,ORD-000076,EXACT_MATCH,MATCHED,AUTO_RESOLVED,EXACT_1TO1_MATCH_VERIFIED,False,False,HIGH,0.00,"PAY-000076","SET-000076","Standard exact 1:1 match across order, payment, settlement, and invoice within T+1 SLA."
GT-000077,ORD-000077,EXACT_MATCH,MATCHED,AUTO_RESOLVED,EXACT_1TO1_MATCH_VERIFIED,False,False,HIGH,0.00,"PAY-000077","SET-000077","Standard exact 1:1 match across order, payment, settlement, and invoice within T+1 SLA."
GT-000078,ORD-000078,EXACT_MATCH,MATCHED,AUTO_RESOLVED,EXACT_1TO1_MATCH_VERIFIED,False,False,HIGH,0.00,"PAY-000078","SET-000078","Standard exact 1:1 match across order, payment, settlement, and invoice within T+1 SLA."
GT-000079,ORD-000079,EXACT_MATCH,MATCHED,AUTO_RESOLVED,EXACT_1TO1_MATCH_VERIFIED,False,False,HIGH,0.00,"PAY-000079","SET-000079","Standard exact 1:1 match across order, payment, settlement, and invoice within T+1 SLA."
GT-000080,ORD-000080,EXACT_MATCH,MATCHED,AUTO_RESOLVED,EXACT_1TO1_MATCH_VERIFIED,False,False,HIGH,0.00,"PAY-000080","SET-000080","Standard exact 1:1 match across order, payment, settlement, and invoice within T+1 SLA."
GT-000081,ORD-000081,EXACT_MATCH,MATCHED,AUTO_RESOLVED,EXACT_1TO1_MATCH_VERIFIED,False,False,HIGH,0.00,"PAY-000081","SET-000081","Standard exact 1:1 match across order, payment, settlement, and invoice within T+1 SLA."
GT-000082,ORD-000082,EXACT_MATCH,MATCHED,AUTO_RESOLVED,EXACT_1TO1_MATCH_VERIFIED,False,False,HIGH,0.00,"PAY-000082","SET-000082","Standard exact 1:1 match across order, payment, settlement, and invoice within T+1 SLA."
GT-000083,ORD-000083,EXACT_MATCH,MATCHED,AUTO_RESOLVED,EXACT_1TO1_MATCH_VERIFIED,False,False,HIGH,0.00,"PAY-000083","SET-000083","Standard exact 1:1 match across order, payment, settlement, and invoice within T+1 SLA."
GT-000084,ORD-000084,EXACT_MATCH,MATCHED,AUTO_RESOLVED,EXACT_1TO1_MATCH_VERIFIED,False,False,HIGH,0.00,"PAY-000084","SET-000084","Standard exact 1:1 match across order, payment, settlement, and invoice within T+1 SLA."
GT-000085,ORD-000085,EXACT_MATCH,MATCHED,AUTO_RESOLVED,EXACT_1TO1_MATCH_VERIFIED,False,False,HIGH,0.00,"PAY-000085","SET-000085","Standard exact 1:1 match across order, payment, settlement, and invoice within T+1 SLA."
GT-000086,ORD-000086,EXACT_MATCH,MATCHED,AUTO_RESOLVED,EXACT_1TO1_MATCH_VERIFIED,False,False,HIGH,0.00,"PAY-000086","SET-000086","Standard exact 1:1 match across order, payment, settlement, and invoice within T+1 SLA."
GT-000087,ORD-000087,EXACT_MATCH,MATCHED,AUTO_RESOLVED,EXACT_1TO1_MATCH_VERIFIED,False,False,HIGH,0.00,"PAY-000087","SET-000087","Standard exact 1:1 match across order, payment, settlement, and invoice within T+1 SLA."
GT-000088,ORD-000088,EXACT_MATCH,MATCHED,AUTO_RESOLVED,EXACT_1TO1_MATCH_VERIFIED,False,False,HIGH,0.00,"PAY-000088","SET-000088","Standard exact 1:1 match across order, payment, settlement, and invoice within T+1 SLA."
GT-000089,ORD-000089,EXACT_MATCH,MATCHED,AUTO_RESOLVED,EXACT_1TO1_MATCH_VERIFIED,False,False,HIGH,0.00,"PAY-000089","SET-000089","Standard exact 1:1 match across order, payment, settlement, and invoice within T+1 SLA."
GT-000090,ORD-000090,EXACT_MATCH,MATCHED,AUTO_RESOLVED,EXACT_1TO1_MATCH_VERIFIED,False,False,HIGH,0.00,"PAY-000090","SET-000090","Standard exact 1:1 match across order, payment, settlement, and invoice within T+1 SLA."
GT-000091,ORD-000091,EXACT_MATCH,MATCHED,AUTO_RESOLVED,EXACT_1TO1_MATCH_VERIFIED,False,False,HIGH,0.00,"PAY-000091","SET-000091","Standard exact 1:1 match across order, payment, settlement, and invoice within T+1 SLA."
GT-000092,ORD-000092,EXACT_MATCH,MATCHED,AUTO_RESOLVED,EXACT_1TO1_MATCH_VERIFIED,False,False,HIGH,0.00,"PAY-000092","SET-000092","Standard exact 1:1 match across order, payment, settlement, and invoice within T+1 SLA."
GT-000093,ORD-000093,EXACT_MATCH,MATCHED,AUTO_RESOLVED,EXACT_1TO1_MATCH_VERIFIED,False,False,HIGH,0.00,"PAY-000093","SET-000093","Standard exact 1:1 match across order, payment, settlement, and invoice within T+1 SLA."
GT-000094,ORD-000094,EXACT_MATCH,MATCHED,AUTO_RESOLVED,EXACT_1TO1_MATCH_VERIFIED,False,False,HIGH,0.00,"PAY-000094","SET-000094","Standard exact 1:1 match across order, payment, settlement, and invoice within T+1 SLA."
GT-000095,ORD-000095,EXACT_MATCH,MATCHED,AUTO_RESOLVED,EXACT_1TO1_MATCH_VERIFIED,False,False,HIGH,0.00,"PAY-000095","SET-000095","Standard exact 1:1 match across order, payment, settlement, and invoice within T+1 SLA."
GT-000096,ORD-000096,EXACT_MATCH,MATCHED,AUTO_RESOLVED,EXACT_1TO1_MATCH_VERIFIED,False,False,HIGH,0.00,"PAY-000096","SET-000096","Standard exact 1:1 match across order, payment, settlement, and invoice within T+1 SLA."
GT-000097,ORD-000097,EXACT_MATCH,MATCHED,AUTO_RESOLVED,EXACT_1TO1_MATCH_VERIFIED,False,False,HIGH,0.00,"PAY-000097","SET-000097","Standard exact 1:1 match across order, payment, settlement, and invoice within T+1 SLA."
GT-000098,ORD-000098,EXACT_MATCH,MATCHED,AUTO_RESOLVED,EXACT_1TO1_MATCH_VERIFIED,False,False,HIGH,0.00,"PAY-000098","SET-000098","Standard exact 1:1 match across order, payment, settlement, and invoice within T+1 SLA."
GT-000099,ORD-000099,EXACT_MATCH,MATCHED,AUTO_RESOLVED,EXACT_1TO1_MATCH_VERIFIED,False,False,HIGH,0.00,"PAY-000099","SET-000099","Standard exact 1:1 match across order, payment, settlement, and invoice within T+1 SLA."
GT-000100,ORD-000100,EXACT_MATCH,MATCHED,AUTO_RESOLVED,EXACT_1TO1_MATCH_VERIFIED,False,False,HIGH,0.00,"PAY-000100","SET-000100","Standard exact 1:1 match across order, payment, settlement, and invoice within T+1 SLA."
GT-000101,ORD-000101,EXACT_MATCH,MATCHED,AUTO_RESOLVED,EXACT_1TO1_MATCH_VERIFIED,False,False,HIGH,0.00,"PAY-000101","SET-000101","Standard exact 1:1 match across order, payment, settlement, and invoice within T+1 SLA."
GT-000102,ORD-000102,EXACT_MATCH,MATCHED,AUTO_RESOLVED,EXACT_1TO1_MATCH_VERIFIED,False,False,HIGH,0.00,"PAY-000102","SET-000102","Standard exact 1:1 match across order, payment, settlement, and invoice within T+1 SLA."
GT-000103,ORD-000103,EXACT_MATCH,MATCHED,AUTO_RESOLVED,EXACT_1TO1_MATCH_VERIFIED,False,False,HIGH,0.00,"PAY-000103","SET-000103","Standard exact 1:1 match across order, payment, settlement, and invoice within T+1 SLA."
GT-000104,ORD-000104,EXACT_MATCH,MATCHED,AUTO_RESOLVED,EXACT_1TO1_MATCH_VERIFIED,False,False,HIGH,0.00,"PAY-000104","SET-000104","Standard exact 1:1 match across order, payment, settlement, and invoice within T+1 SLA."
GT-000105,ORD-000105,EXACT_MATCH,MATCHED,AUTO_RESOLVED,EXACT_1TO1_MATCH_VERIFIED,False,False,HIGH,0.00,"PAY-000105","SET-000105","Standard exact 1:1 match across order, payment, settlement, and invoice within T+1 SLA."
GT-000106,ORD-000106,EXACT_MATCH,MATCHED,AUTO_RESOLVED,EXACT_1TO1_MATCH_VERIFIED,False,False,HIGH,0.00,"PAY-000106","SET-000106","Standard exact 1:1 match across order, payment, settlement, and invoice within T+1 SLA."
GT-000107,ORD-000107,EXACT_MATCH,MATCHED,AUTO_RESOLVED,EXACT_1TO1_MATCH_VERIFIED,False,False,HIGH,0.00,"PAY-000107","SET-000107","Standard exact 1:1 match across order, payment, settlement, and invoice within T+1 SLA."
GT-000108,ORD-000108,EXACT_MATCH,MATCHED,AUTO_RESOLVED,EXACT_1TO1_MATCH_VERIFIED,False,False,HIGH,0.00,"PAY-000108","SET-000108","Standard exact 1:1 match across order, payment, settlement, and invoice within T+1 SLA."
GT-000109,ORD-000109,EXACT_MATCH,MATCHED,AUTO_RESOLVED,EXACT_1TO1_MATCH_VERIFIED,False,False,HIGH,0.00,"PAY-000109","SET-000109","Standard exact 1:1 match across order, payment, settlement, and invoice within T+1 SLA."
GT-000110,ORD-000110,EXACT_MATCH,MATCHED,AUTO_RESOLVED,EXACT_1TO1_MATCH_VERIFIED,False,False,HIGH,0.00,"PAY-000110","SET-000110","Standard exact 1:1 match across order, payment, settlement, and invoice within T+1 SLA."
GT-000111,ORD-000111,EXACT_MATCH,MATCHED,AUTO_RESOLVED,EXACT_1TO1_MATCH_VERIFIED,False,False,HIGH,0.00,"PAY-000111","SET-000111","Standard exact 1:1 match across order, payment, settlement, and invoice within T+1 SLA."
GT-000112,ORD-000112,EXACT_MATCH,MATCHED,AUTO_RESOLVED,EXACT_1TO1_MATCH_VERIFIED,False,False,HIGH,0.00,"PAY-000112","SET-000112","Standard exact 1:1 match across order, payment, settlement, and invoice within T+1 SLA."
GT-000113,ORD-000113,EXACT_MATCH,MATCHED,AUTO_RESOLVED,EXACT_1TO1_MATCH_VERIFIED,False,False,HIGH,0.00,"PAY-000113","SET-000113","Standard exact 1:1 match across order, payment, settlement, and invoice within T+1 SLA."
GT-000114,ORD-000114,EXACT_MATCH,MATCHED,AUTO_RESOLVED,EXACT_1TO1_MATCH_VERIFIED,False,False,HIGH,0.00,"PAY-000114","SET-000114","Standard exact 1:1 match across order, payment, settlement, and invoice within T+1 SLA."
GT-000115,ORD-000115,EXACT_MATCH,MATCHED,AUTO_RESOLVED,EXACT_1TO1_MATCH_VERIFIED,False,False,HIGH,0.00,"PAY-000115","SET-000115","Standard exact 1:1 match across order, payment, settlement, and invoice within T+1 SLA."
GT-000116,ORD-000116,EXACT_MATCH,MATCHED,AUTO_RESOLVED,EXACT_1TO1_MATCH_VERIFIED,False,False,HIGH,0.00,"PAY-000116","SET-000116","Standard exact 1:1 match across order, payment, settlement, and invoice within T+1 SLA."
GT-000117,ORD-000117,EXACT_MATCH,MATCHED,AUTO_RESOLVED,EXACT_1TO1_MATCH_VERIFIED,False,False,HIGH,0.00,"PAY-000117","SET-000117","Standard exact 1:1 match across order, payment, settlement, and invoice within T+1 SLA."
GT-000118,ORD-000118,EXACT_MATCH,MATCHED,AUTO_RESOLVED,EXACT_1TO1_MATCH_VERIFIED,False,False,HIGH,0.00,"PAY-000118","SET-000118","Standard exact 1:1 match across order, payment, settlement, and invoice within T+1 SLA."
GT-000119,ORD-000119,EXACT_MATCH,MATCHED,AUTO_RESOLVED,EXACT_1TO1_MATCH_VERIFIED,False,False,HIGH,0.00,"PAY-000119","SET-000119","Standard exact 1:1 match across order, payment, settlement, and invoice within T+1 SLA."
GT-000120,ORD-000120,EXACT_MATCH,MATCHED,AUTO_RESOLVED,EXACT_1TO1_MATCH_VERIFIED,False,False,HIGH,0.00,"PAY-000120","SET-000120","Standard exact 1:1 match across order, payment, settlement, and invoice within T+1 SLA."
GT-000121,ORD-000121,EXACT_MATCH,MATCHED,AUTO_RESOLVED,EXACT_1TO1_MATCH_VERIFIED,False,False,HIGH,0.00,"PAY-000121","SET-000121","Standard exact 1:1 match across order, payment, settlement, and invoice within T+1 SLA."
GT-000122,ORD-000122,EXACT_MATCH,MATCHED,AUTO_RESOLVED,EXACT_1TO1_MATCH_VERIFIED,False,False,HIGH,0.00,"PAY-000122","SET-000122","Standard exact 1:1 match across order, payment, settlement, and invoice within T+1 SLA."
GT-000123,ORD-000123,EXACT_MATCH,MATCHED,AUTO_RESOLVED,EXACT_1TO1_MATCH_VERIFIED,False,False,HIGH,0.00,"PAY-000123","SET-000123","Standard exact 1:1 match across order, payment, settlement, and invoice within T+1 SLA."
GT-000124,ORD-000124,EXACT_MATCH,MATCHED,AUTO_RESOLVED,EXACT_1TO1_MATCH_VERIFIED,False,False,HIGH,0.00,"PAY-000124","SET-000124","Standard exact 1:1 match across order, payment, settlement, and invoice within T+1 SLA."
GT-000125,ORD-000125,EXACT_MATCH,MATCHED,AUTO_RESOLVED,EXACT_1TO1_MATCH_VERIFIED,False,False,HIGH,0.00,"PAY-000125","SET-000125","Standard exact 1:1 match across order, payment, settlement, and invoice within T+1 SLA."
GT-000126,ORD-000126,EXACT_MATCH,MATCHED,AUTO_RESOLVED,EXACT_1TO1_MATCH_VERIFIED,False,False,HIGH,0.00,"PAY-000126","SET-000126","Standard exact 1:1 match across order, payment, settlement, and invoice within T+1 SLA."
GT-000127,ORD-000127,EXACT_MATCH,MATCHED,AUTO_RESOLVED,EXACT_1TO1_MATCH_VERIFIED,False,False,HIGH,0.00,"PAY-000127","SET-000127","Standard exact 1:1 match across order, payment, settlement, and invoice within T+1 SLA."
GT-000128,ORD-000128,EXACT_MATCH,MATCHED,AUTO_RESOLVED,EXACT_1TO1_MATCH_VERIFIED,False,False,HIGH,0.00,"PAY-000128","SET-000128","Standard exact 1:1 match across order, payment, settlement, and invoice within T+1 SLA."
GT-000129,ORD-000129,EXACT_MATCH,MATCHED,AUTO_RESOLVED,EXACT_1TO1_MATCH_VERIFIED,False,False,HIGH,0.00,"PAY-000129","SET-000129","Standard exact 1:1 match across order, payment, settlement, and invoice within T+1 SLA."
GT-000130,ORD-000130,EXACT_MATCH,MATCHED,AUTO_RESOLVED,EXACT_1TO1_MATCH_VERIFIED,False,False,HIGH,0.00,"PAY-000130","SET-000130","Standard exact 1:1 match across order, payment, settlement, and invoice within T+1 SLA."
GT-000131,ORD-000131,EXACT_MATCH,MATCHED,AUTO_RESOLVED,EXACT_1TO1_MATCH_VERIFIED,False,False,HIGH,0.00,"PAY-000131","SET-000131","Standard exact 1:1 match across order, payment, settlement, and invoice within T+1 SLA."
GT-000132,ORD-000132,EXACT_MATCH,MATCHED,AUTO_RESOLVED,EXACT_1TO1_MATCH_VERIFIED,False,False,HIGH,0.00,"PAY-000132","SET-000132","Standard exact 1:1 match across order, payment, settlement, and invoice within T+1 SLA."
GT-000133,ORD-000133,EXACT_MATCH,MATCHED,AUTO_RESOLVED,EXACT_1TO1_MATCH_VERIFIED,False,False,HIGH,0.00,"PAY-000133","SET-000133","Standard exact 1:1 match across order, payment, settlement, and invoice within T+1 SLA."
GT-000134,ORD-000134,EXACT_MATCH,MATCHED,AUTO_RESOLVED,EXACT_1TO1_MATCH_VERIFIED,False,False,HIGH,0.00,"PAY-000134","SET-000134","Standard exact 1:1 match across order, payment, settlement, and invoice within T+1 SLA."
GT-000135,ORD-000135,EXACT_MATCH,MATCHED,AUTO_RESOLVED,EXACT_1TO1_MATCH_VERIFIED,False,False,HIGH,0.00,"PAY-000135","SET-000135","Standard exact 1:1 match across order, payment, settlement, and invoice within T+1 SLA."
GT-000136,ORD-000136,EXACT_MATCH,MATCHED,AUTO_RESOLVED,EXACT_1TO1_MATCH_VERIFIED,False,False,HIGH,0.00,"PAY-000136","SET-000136","Standard exact 1:1 match across order, payment, settlement, and invoice within T+1 SLA."
GT-000137,ORD-000137,EXACT_MATCH,MATCHED,AUTO_RESOLVED,EXACT_1TO1_MATCH_VERIFIED,False,False,HIGH,0.00,"PAY-000137","SET-000137","Standard exact 1:1 match across order, payment, settlement, and invoice within T+1 SLA."
GT-000138,ORD-000138,EXACT_MATCH,MATCHED,AUTO_RESOLVED,EXACT_1TO1_MATCH_VERIFIED,False,False,HIGH,0.00,"PAY-000138","SET-000138","Standard exact 1:1 match across order, payment, settlement, and invoice within T+1 SLA."
GT-000139,ORD-000139,EXACT_MATCH,MATCHED,AUTO_RESOLVED,EXACT_1TO1_MATCH_VERIFIED,False,False,HIGH,0.00,"PAY-000139","SET-000139","Standard exact 1:1 match across order, payment, settlement, and invoice within T+1 SLA."
GT-000140,ORD-000140,EXACT_MATCH,MATCHED,AUTO_RESOLVED,EXACT_1TO1_MATCH_VERIFIED,False,False,HIGH,0.00,"PAY-000140","SET-000140","Standard exact 1:1 match across order, payment, settlement, and invoice within T+1 SLA."
GT-000141,ORD-000141,EXACT_MATCH,MATCHED,AUTO_RESOLVED,EXACT_1TO1_MATCH_VERIFIED,False,False,HIGH,0.00,"PAY-000141","SET-000141","Standard exact 1:1 match across order, payment, settlement, and invoice within T+1 SLA."
GT-000142,ORD-000142,EXACT_MATCH,MATCHED,AUTO_RESOLVED,EXACT_1TO1_MATCH_VERIFIED,False,False,HIGH,0.00,"PAY-000142","SET-000142","Standard exact 1:1 match across order, payment, settlement, and invoice within T+1 SLA."
GT-000143,ORD-000143,EXACT_MATCH,MATCHED,AUTO_RESOLVED,EXACT_1TO1_MATCH_VERIFIED,False,False,HIGH,0.00,"PAY-000143","SET-000143","Standard exact 1:1 match across order, payment, settlement, and invoice within T+1 SLA."
GT-000144,ORD-000144,EXACT_MATCH,MATCHED,AUTO_RESOLVED,EXACT_1TO1_MATCH_VERIFIED,False,False,HIGH,0.00,"PAY-000144","SET-000144","Standard exact 1:1 match across order, payment, settlement, and invoice within T+1 SLA."
GT-000145,ORD-000145,EXACT_MATCH,MATCHED,AUTO_RESOLVED,EXACT_1TO1_MATCH_VERIFIED,False,False,HIGH,0.00,"PAY-000145","SET-000145","Standard exact 1:1 match across order, payment, settlement, and invoice within T+1 SLA."
GT-000146,ORD-000146,EXACT_MATCH,MATCHED,AUTO_RESOLVED,EXACT_1TO1_MATCH_VERIFIED,False,False,HIGH,0.00,"PAY-000146","SET-000146","Standard exact 1:1 match across order, payment, settlement, and invoice within T+1 SLA."
GT-000147,ORD-000147,EXACT_MATCH,MATCHED,AUTO_RESOLVED,EXACT_1TO1_MATCH_VERIFIED,False,False,HIGH,0.00,"PAY-000147","SET-000147","Standard exact 1:1 match across order, payment, settlement, and invoice within T+1 SLA."
GT-000148,ORD-000148,EXACT_MATCH,MATCHED,AUTO_RESOLVED,EXACT_1TO1_MATCH_VERIFIED,False,False,HIGH,0.00,"PAY-000148","SET-000148","Standard exact 1:1 match across order, payment, settlement, and invoice within T+1 SLA."
GT-000149,ORD-000149,EXACT_MATCH,MATCHED,AUTO_RESOLVED,EXACT_1TO1_MATCH_VERIFIED,False,False,HIGH,0.00,"PAY-000149","SET-000149","Standard exact 1:1 match across order, payment, settlement, and invoice within T+1 SLA."
GT-000150,ORD-000150,EXACT_MATCH,MATCHED,AUTO_RESOLVED,EXACT_1TO1_MATCH_VERIFIED,False,False,HIGH,0.00,"PAY-000150","SET-000150","Standard exact 1:1 match across order, payment, settlement, and invoice within T+1 SLA."
GT-000151,ORD-000151,EXACT_MATCH,MATCHED,AUTO_RESOLVED,EXACT_1TO1_MATCH_VERIFIED,False,False,HIGH,0.00,"PAY-000151","SET-000151","Standard exact 1:1 match across order, payment, settlement, and invoice within T+1 SLA."
GT-000152,ORD-000152,EXACT_MATCH,MATCHED,AUTO_RESOLVED,EXACT_1TO1_MATCH_VERIFIED,False,False,HIGH,0.00,"PAY-000152","SET-000152","Standard exact 1:1 match across order, payment, settlement, and invoice within T+1 SLA."
GT-000153,ORD-000153,EXACT_MATCH,MATCHED,AUTO_RESOLVED,EXACT_1TO1_MATCH_VERIFIED,False,False,HIGH,0.00,"PAY-000153","SET-000153","Standard exact 1:1 match across order, payment, settlement, and invoice within T+1 SLA."
GT-000154,ORD-000154,EXACT_MATCH,MATCHED,AUTO_RESOLVED,EXACT_1TO1_MATCH_VERIFIED,False,False,HIGH,0.00,"PAY-000154","SET-000154","Standard exact 1:1 match across order, payment, settlement, and invoice within T+1 SLA."
GT-000155,ORD-000155,EXACT_MATCH,MATCHED,AUTO_RESOLVED,EXACT_1TO1_MATCH_VERIFIED,False,False,HIGH,0.00,"PAY-000155","SET-000155","Standard exact 1:1 match across order, payment, settlement, and invoice within T+1 SLA."
GT-000156,ORD-000156,EXACT_MATCH,MATCHED,AUTO_RESOLVED,EXACT_1TO1_MATCH_VERIFIED,False,False,HIGH,0.00,"PAY-000156","SET-000156","Standard exact 1:1 match across order, payment, settlement, and invoice within T+1 SLA."
GT-000157,ORD-000157,EXACT_MATCH,MATCHED,AUTO_RESOLVED,EXACT_1TO1_MATCH_VERIFIED,False,False,HIGH,0.00,"PAY-000157","SET-000157","Standard exact 1:1 match across order, payment, settlement, and invoice within T+1 SLA."
GT-000158,ORD-000158,EXACT_MATCH,MATCHED,AUTO_RESOLVED,EXACT_1TO1_MATCH_VERIFIED,False,False,HIGH,0.00,"PAY-000158","SET-000158","Standard exact 1:1 match across order, payment, settlement, and invoice within T+1 SLA."
GT-000159,ORD-000159,EXACT_MATCH,MATCHED,AUTO_RESOLVED,EXACT_1TO1_MATCH_VERIFIED,False,False,HIGH,0.00,"PAY-000159","SET-000159","Standard exact 1:1 match across order, payment, settlement, and invoice within T+1 SLA."
GT-000160,ORD-000160,EXACT_MATCH,MATCHED,AUTO_RESOLVED,EXACT_1TO1_MATCH_VERIFIED,False,False,HIGH,0.00,"PAY-000160","SET-000160","Standard exact 1:1 match across order, payment, settlement, and invoice within T+1 SLA."
GT-000161,ORD-000161,EXACT_MATCH,MATCHED,AUTO_RESOLVED,EXACT_1TO1_MATCH_VERIFIED,False,False,HIGH,0.00,"PAY-000161","SET-000161","Standard exact 1:1 match across order, payment, settlement, and invoice within T+1 SLA."
GT-000162,ORD-000162,EXACT_MATCH,MATCHED,AUTO_RESOLVED,EXACT_1TO1_MATCH_VERIFIED,False,False,HIGH,0.00,"PAY-000162","SET-000162","Standard exact 1:1 match across order, payment, settlement, and invoice within T+1 SLA."
GT-000163,ORD-000163,EXACT_MATCH,MATCHED,AUTO_RESOLVED,EXACT_1TO1_MATCH_VERIFIED,False,False,HIGH,0.00,"PAY-000163","SET-000163","Standard exact 1:1 match across order, payment, settlement, and invoice within T+1 SLA."
GT-000164,ORD-000164,EXACT_MATCH,MATCHED,AUTO_RESOLVED,EXACT_1TO1_MATCH_VERIFIED,False,False,HIGH,0.00,"PAY-000164","SET-000164","Standard exact 1:1 match across order, payment, settlement, and invoice within T+1 SLA."
GT-000165,ORD-000165,EXACT_MATCH,MATCHED,AUTO_RESOLVED,EXACT_1TO1_MATCH_VERIFIED,False,False,HIGH,0.00,"PAY-000165","SET-000165","Standard exact 1:1 match across order, payment, settlement, and invoice within T+1 SLA."
GT-000166,ORD-000166,EXACT_MATCH,MATCHED,AUTO_RESOLVED,EXACT_1TO1_MATCH_VERIFIED,False,False,HIGH,0.00,"PAY-000166","SET-000166","Standard exact 1:1 match across order, payment, settlement, and invoice within T+1 SLA."
GT-000167,ORD-000167,EXACT_MATCH,MATCHED,AUTO_RESOLVED,EXACT_1TO1_MATCH_VERIFIED,False,False,HIGH,0.00,"PAY-000167","SET-000167","Standard exact 1:1 match across order, payment, settlement, and invoice within T+1 SLA."
GT-000168,ORD-000168,EXACT_MATCH,MATCHED,AUTO_RESOLVED,EXACT_1TO1_MATCH_VERIFIED,False,False,HIGH,0.00,"PAY-000168","SET-000168","Standard exact 1:1 match across order, payment, settlement, and invoice within T+1 SLA."
GT-000169,ORD-000169,EXACT_MATCH,MATCHED,AUTO_RESOLVED,EXACT_1TO1_MATCH_VERIFIED,False,False,HIGH,0.00,"PAY-000169","SET-000169","Standard exact 1:1 match across order, payment, settlement, and invoice within T+1 SLA."
GT-000170,ORD-000170,EXACT_MATCH,MATCHED,AUTO_RESOLVED,EXACT_1TO1_MATCH_VERIFIED,False,False,HIGH,0.00,"PAY-000170","SET-000170","Standard exact 1:1 match across order, payment, settlement, and invoice within T+1 SLA."
GT-000171,ORD-000171,EXACT_MATCH,MATCHED,AUTO_RESOLVED,EXACT_1TO1_MATCH_VERIFIED,False,False,HIGH,0.00,"PAY-000171","SET-000171","Standard exact 1:1 match across order, payment, settlement, and invoice within T+1 SLA."
GT-000172,ORD-000172,EXACT_MATCH,MATCHED,AUTO_RESOLVED,EXACT_1TO1_MATCH_VERIFIED,False,False,HIGH,0.00,"PAY-000172","SET-000172","Standard exact 1:1 match across order, payment, settlement, and invoice within T+1 SLA."
GT-000173,ORD-000173,EXACT_MATCH,MATCHED,AUTO_RESOLVED,EXACT_1TO1_MATCH_VERIFIED,False,False,HIGH,0.00,"PAY-000173","SET-000173","Standard exact 1:1 match across order, payment, settlement, and invoice within T+1 SLA."
GT-000174,ORD-000174,EXACT_MATCH,MATCHED,AUTO_RESOLVED,EXACT_1TO1_MATCH_VERIFIED,False,False,HIGH,0.00,"PAY-000174","SET-000174","Standard exact 1:1 match across order, payment, settlement, and invoice within T+1 SLA."
GT-000175,ORD-000175,EXACT_MATCH,MATCHED,AUTO_RESOLVED,EXACT_1TO1_MATCH_VERIFIED,False,False,HIGH,0.00,"PAY-000175","SET-000175","Standard exact 1:1 match across order, payment, settlement, and invoice within T+1 SLA."
GT-000176,ORD-000176,EXACT_MATCH,MATCHED,AUTO_RESOLVED,EXACT_1TO1_MATCH_VERIFIED,False,False,HIGH,0.00,"PAY-000176","SET-000176","Standard exact 1:1 match across order, payment, settlement, and invoice within T+1 SLA."
GT-000177,ORD-000177,EXACT_MATCH,MATCHED,AUTO_RESOLVED,EXACT_1TO1_MATCH_VERIFIED,False,False,HIGH,0.00,"PAY-000177","SET-000177","Standard exact 1:1 match across order, payment, settlement, and invoice within T+1 SLA."
GT-000178,ORD-000178,EXACT_MATCH,MATCHED,AUTO_RESOLVED,EXACT_1TO1_MATCH_VERIFIED,False,False,HIGH,0.00,"PAY-000178","SET-000178","Standard exact 1:1 match across order, payment, settlement, and invoice within T+1 SLA."
GT-000179,ORD-000179,EXACT_MATCH,MATCHED,AUTO_RESOLVED,EXACT_1TO1_MATCH_VERIFIED,False,False,HIGH,0.00,"PAY-000179","SET-000179","Standard exact 1:1 match across order, payment, settlement, and invoice within T+1 SLA."
GT-000180,ORD-000180,EXACT_MATCH,MATCHED,AUTO_RESOLVED,EXACT_1TO1_MATCH_VERIFIED,False,False,HIGH,0.00,"PAY-000180","SET-000180","Standard exact 1:1 match across order, payment, settlement, and invoice within T+1 SLA."
GT-000181,ORD-000181,EXACT_MATCH,MATCHED,AUTO_RESOLVED,EXACT_1TO1_MATCH_VERIFIED,False,False,HIGH,0.00,"PAY-000181","SET-000181","Standard exact 1:1 match across order, payment, settlement, and invoice within T+1 SLA."
GT-000182,ORD-000182,EXACT_MATCH,MATCHED,AUTO_RESOLVED,EXACT_1TO1_MATCH_VERIFIED,False,False,HIGH,0.00,"PAY-000182","SET-000182","Standard exact 1:1 match across order, payment, settlement, and invoice within T+1 SLA."
GT-000183,ORD-000183,EXACT_MATCH,MATCHED,AUTO_RESOLVED,EXACT_1TO1_MATCH_VERIFIED,False,False,HIGH,0.00,"PAY-000183","SET-000183","Standard exact 1:1 match across order, payment, settlement, and invoice within T+1 SLA."
GT-000184,ORD-000184,EXACT_MATCH,MATCHED,AUTO_RESOLVED,EXACT_1TO1_MATCH_VERIFIED,False,False,HIGH,0.00,"PAY-000184","SET-000184","Standard exact 1:1 match across order, payment, settlement, and invoice within T+1 SLA."
GT-000185,ORD-000185,EXACT_MATCH,MATCHED,AUTO_RESOLVED,EXACT_1TO1_MATCH_VERIFIED,False,False,HIGH,0.00,"PAY-000185","SET-000185","Standard exact 1:1 match across order, payment, settlement, and invoice within T+1 SLA."
GT-000186,ORD-000186,EXACT_MATCH,MATCHED,AUTO_RESOLVED,EXACT_1TO1_MATCH_VERIFIED,False,False,HIGH,0.00,"PAY-000186","SET-000186","Standard exact 1:1 match across order, payment, settlement, and invoice within T+1 SLA."
GT-000187,ORD-000187,EXACT_MATCH,MATCHED,AUTO_RESOLVED,EXACT_1TO1_MATCH_VERIFIED,False,False,HIGH,0.00,"PAY-000187","SET-000187","Standard exact 1:1 match across order, payment, settlement, and invoice within T+1 SLA."
GT-000188,ORD-000188,EXACT_MATCH,MATCHED,AUTO_RESOLVED,EXACT_1TO1_MATCH_VERIFIED,False,False,HIGH,0.00,"PAY-000188","SET-000188","Standard exact 1:1 match across order, payment, settlement, and invoice within T+1 SLA."
GT-000189,ORD-000189,EXACT_MATCH,MATCHED,AUTO_RESOLVED,EXACT_1TO1_MATCH_VERIFIED,False,False,HIGH,0.00,"PAY-000189","SET-000189","Standard exact 1:1 match across order, payment, settlement, and invoice within T+1 SLA."
GT-000190,ORD-000190,EXACT_MATCH,MATCHED,AUTO_RESOLVED,EXACT_1TO1_MATCH_VERIFIED,False,False,HIGH,0.00,"PAY-000190","SET-000190","Standard exact 1:1 match across order, payment, settlement, and invoice within T+1 SLA."
GT-000191,ORD-000191,EXACT_MATCH,MATCHED,AUTO_RESOLVED,EXACT_1TO1_MATCH_VERIFIED,False,False,HIGH,0.00,"PAY-000191","SET-000191","Standard exact 1:1 match across order, payment, settlement, and invoice within T+1 SLA."
GT-000192,ORD-000192,EXACT_MATCH,MATCHED,AUTO_RESOLVED,EXACT_1TO1_MATCH_VERIFIED,False,False,HIGH,0.00,"PAY-000192","SET-000192","Standard exact 1:1 match across order, payment, settlement, and invoice within T+1 SLA."
GT-000193,ORD-000193,EXACT_MATCH,MATCHED,AUTO_RESOLVED,EXACT_1TO1_MATCH_VERIFIED,False,False,HIGH,0.00,"PAY-000193","SET-000193","Standard exact 1:1 match across order, payment, settlement, and invoice within T+1 SLA."
GT-000194,ORD-000194,EXACT_MATCH,MATCHED,AUTO_RESOLVED,EXACT_1TO1_MATCH_VERIFIED,False,False,HIGH,0.00,"PAY-000194","SET-000194","Standard exact 1:1 match across order, payment, settlement, and invoice within T+1 SLA."
GT-000195,ORD-000195,EXACT_MATCH,MATCHED,AUTO_RESOLVED,EXACT_1TO1_MATCH_VERIFIED,False,False,HIGH,0.00,"PAY-000195","SET-000195","Standard exact 1:1 match across order, payment, settlement, and invoice within T+1 SLA."
GT-000196,ORD-000196,EXACT_MATCH,MATCHED,AUTO_RESOLVED,EXACT_1TO1_MATCH_VERIFIED,False,False,HIGH,0.00,"PAY-000196","SET-000196","Standard exact 1:1 match across order, payment, settlement, and invoice within T+1 SLA."
GT-000197,ORD-000197,EXACT_MATCH,MATCHED,AUTO_RESOLVED,EXACT_1TO1_MATCH_VERIFIED,False,False,HIGH,0.00,"PAY-000197","SET-000197","Standard exact 1:1 match across order, payment, settlement, and invoice within T+1 SLA."
GT-000198,ORD-000198,EXACT_MATCH,MATCHED,AUTO_RESOLVED,EXACT_1TO1_MATCH_VERIFIED,False,False,HIGH,0.00,"PAY-000198","SET-000198","Standard exact 1:1 match across order, payment, settlement, and invoice within T+1 SLA."
GT-000199,ORD-000199,EXACT_MATCH,MATCHED,AUTO_RESOLVED,EXACT_1TO1_MATCH_VERIFIED,False,False,HIGH,0.00,"PAY-000199","SET-000199","Standard exact 1:1 match across order, payment, settlement, and invoice within T+1 SLA."
GT-000200,ORD-000200,EXACT_MATCH,MATCHED,AUTO_RESOLVED,EXACT_1TO1_MATCH_VERIFIED,False,False,HIGH,0.00,"PAY-000200","SET-000200","Standard exact 1:1 match across order, payment, settlement, and invoice within T+1 SLA."
GT-000201,ORD-000201,EXACT_MATCH,MATCHED,AUTO_RESOLVED,EXACT_1TO1_MATCH_VERIFIED,False,False,HIGH,0.00,"PAY-000201","SET-000201","Standard exact 1:1 match across order, payment, settlement, and invoice within T+1 SLA."
GT-000202,ORD-000202,EXACT_MATCH,MATCHED,AUTO_RESOLVED,EXACT_1TO1_MATCH_VERIFIED,False,False,HIGH,0.00,"PAY-000202","SET-000202","Standard exact 1:1 match across order, payment, settlement, and invoice within T+1 SLA."
GT-000203,ORD-000203,EXACT_MATCH,MATCHED,AUTO_RESOLVED,EXACT_1TO1_MATCH_VERIFIED,False,False,HIGH,0.00,"PAY-000203","SET-000203","Standard exact 1:1 match across order, payment, settlement, and invoice within T+1 SLA."
GT-000204,ORD-000204,EXACT_MATCH,MATCHED,AUTO_RESOLVED,EXACT_1TO1_MATCH_VERIFIED,False,False,HIGH,0.00,"PAY-000204","SET-000204","Standard exact 1:1 match across order, payment, settlement, and invoice within T+1 SLA."
GT-000205,ORD-000205,EXACT_MATCH,MATCHED,AUTO_RESOLVED,EXACT_1TO1_MATCH_VERIFIED,False,False,HIGH,0.00,"PAY-000205","SET-000205","Standard exact 1:1 match across order, payment, settlement, and invoice within T+1 SLA."
GT-000206,ORD-000206,EXACT_MATCH,MATCHED,AUTO_RESOLVED,EXACT_1TO1_MATCH_VERIFIED,False,False,HIGH,0.00,"PAY-000206","SET-000206","Standard exact 1:1 match across order, payment, settlement, and invoice within T+1 SLA."
GT-000207,ORD-000207,EXACT_MATCH,MATCHED,AUTO_RESOLVED,EXACT_1TO1_MATCH_VERIFIED,False,False,HIGH,0.00,"PAY-000207","SET-000207","Standard exact 1:1 match across order, payment, settlement, and invoice within T+1 SLA."
GT-000208,ORD-000208,EXACT_MATCH,MATCHED,AUTO_RESOLVED,EXACT_1TO1_MATCH_VERIFIED,False,False,HIGH,0.00,"PAY-000208","SET-000208","Standard exact 1:1 match across order, payment, settlement, and invoice within T+1 SLA."
GT-000209,ORD-000209,EXACT_MATCH,MATCHED,AUTO_RESOLVED,EXACT_1TO1_MATCH_VERIFIED,False,False,HIGH,0.00,"PAY-000209","SET-000209","Standard exact 1:1 match across order, payment, settlement, and invoice within T+1 SLA."
GT-000210,ORD-000210,EXACT_MATCH,MATCHED,AUTO_RESOLVED,EXACT_1TO1_MATCH_VERIFIED,False,False,HIGH,0.00,"PAY-000210","SET-000210","Standard exact 1:1 match across order, payment, settlement, and invoice within T+1 SLA."
GT-000211,ORD-000211,EXACT_MATCH,MATCHED,AUTO_RESOLVED,EXACT_1TO1_MATCH_VERIFIED,False,False,HIGH,0.00,"PAY-000211","SET-000211","Standard exact 1:1 match across order, payment, settlement, and invoice within T+1 SLA."
GT-000212,ORD-000212,EXACT_MATCH,MATCHED,AUTO_RESOLVED,EXACT_1TO1_MATCH_VERIFIED,False,False,HIGH,0.00,"PAY-000212","SET-000212","Standard exact 1:1 match across order, payment, settlement, and invoice within T+1 SLA."
GT-000213,ORD-000213,EXACT_MATCH,MATCHED,AUTO_RESOLVED,EXACT_1TO1_MATCH_VERIFIED,False,False,HIGH,0.00,"PAY-000213","SET-000213","Standard exact 1:1 match across order, payment, settlement, and invoice within T+1 SLA."
GT-000214,ORD-000214,EXACT_MATCH,MATCHED,AUTO_RESOLVED,EXACT_1TO1_MATCH_VERIFIED,False,False,HIGH,0.00,"PAY-000214","SET-000214","Standard exact 1:1 match across order, payment, settlement, and invoice within T+1 SLA."
GT-000215,ORD-000215,EXACT_MATCH,MATCHED,AUTO_RESOLVED,EXACT_1TO1_MATCH_VERIFIED,False,False,HIGH,0.00,"PAY-000215","SET-000215","Standard exact 1:1 match across order, payment, settlement, and invoice within T+1 SLA."
GT-000216,ORD-000216,EXACT_MATCH,MATCHED,AUTO_RESOLVED,EXACT_1TO1_MATCH_VERIFIED,False,False,HIGH,0.00,"PAY-000216","SET-000216","Standard exact 1:1 match across order, payment, settlement, and invoice within T+1 SLA."
GT-000217,ORD-000217,EXACT_MATCH,MATCHED,AUTO_RESOLVED,EXACT_1TO1_MATCH_VERIFIED,False,False,HIGH,0.00,"PAY-000217","SET-000217","Standard exact 1:1 match across order, payment, settlement, and invoice within T+1 SLA."
GT-000218,ORD-000218,EXACT_MATCH,MATCHED,AUTO_RESOLVED,EXACT_1TO1_MATCH_VERIFIED,False,False,HIGH,0.00,"PAY-000218","SET-000218","Standard exact 1:1 match across order, payment, settlement, and invoice within T+1 SLA."
GT-000219,ORD-000219,EXACT_MATCH,MATCHED,AUTO_RESOLVED,EXACT_1TO1_MATCH_VERIFIED,False,False,HIGH,0.00,"PAY-000219","SET-000219","Standard exact 1:1 match across order, payment, settlement, and invoice within T+1 SLA."
GT-000220,ORD-000220,EXACT_MATCH,MATCHED,AUTO_RESOLVED,EXACT_1TO1_MATCH_VERIFIED,False,False,HIGH,0.00,"PAY-000220","SET-000220","Standard exact 1:1 match across order, payment, settlement, and invoice within T+1 SLA."
GT-000221,ORD-000221,EXACT_MATCH,MATCHED,AUTO_RESOLVED,EXACT_1TO1_MATCH_VERIFIED,False,False,HIGH,0.00,"PAY-000221","SET-000221","Standard exact 1:1 match across order, payment, settlement, and invoice within T+1 SLA."
GT-000222,ORD-000222,EXACT_MATCH,MATCHED,AUTO_RESOLVED,EXACT_1TO1_MATCH_VERIFIED,False,False,HIGH,0.00,"PAY-000222","SET-000222","Standard exact 1:1 match across order, payment, settlement, and invoice within T+1 SLA."
GT-000223,ORD-000223,EXACT_MATCH,MATCHED,AUTO_RESOLVED,EXACT_1TO1_MATCH_VERIFIED,False,False,HIGH,0.00,"PAY-000223","SET-000223","Standard exact 1:1 match across order, payment, settlement, and invoice within T+1 SLA."
GT-000224,ORD-000224,EXACT_MATCH,MATCHED,AUTO_RESOLVED,EXACT_1TO1_MATCH_VERIFIED,False,False,HIGH,0.00,"PAY-000224","SET-000224","Standard exact 1:1 match across order, payment, settlement, and invoice within T+1 SLA."
GT-000225,ORD-000225,EXACT_MATCH,MATCHED,AUTO_RESOLVED,EXACT_1TO1_MATCH_VERIFIED,False,False,HIGH,0.00,"PAY-000225","SET-000225","Standard exact 1:1 match across order, payment, settlement, and invoice within T+1 SLA."
GT-000226,ORD-000226,EXACT_MATCH,MATCHED,AUTO_RESOLVED,EXACT_1TO1_MATCH_VERIFIED,False,False,HIGH,0.00,"PAY-000226","SET-000226","Standard exact 1:1 match across order, payment, settlement, and invoice within T+1 SLA."
GT-000227,ORD-000227,EXACT_MATCH,MATCHED,AUTO_RESOLVED,EXACT_1TO1_MATCH_VERIFIED,False,False,HIGH,0.00,"PAY-000227","SET-000227","Standard exact 1:1 match across order, payment, settlement, and invoice within T+1 SLA."
GT-000228,ORD-000228,EXACT_MATCH,MATCHED,AUTO_RESOLVED,EXACT_1TO1_MATCH_VERIFIED,False,False,HIGH,0.00,"PAY-000228","SET-000228","Standard exact 1:1 match across order, payment, settlement, and invoice within T+1 SLA."
GT-000229,ORD-000229,EXACT_MATCH,MATCHED,AUTO_RESOLVED,EXACT_1TO1_MATCH_VERIFIED,False,False,HIGH,0.00,"PAY-000229","SET-000229","Standard exact 1:1 match across order, payment, settlement, and invoice within T+1 SLA."
GT-000230,ORD-000230,EXACT_MATCH,MATCHED,AUTO_RESOLVED,EXACT_1TO1_MATCH_VERIFIED,False,False,HIGH,0.00,"PAY-000230","SET-000230","Standard exact 1:1 match across order, payment, settlement, and invoice within T+1 SLA."
GT-000231,ORD-000231,EXACT_MATCH,MATCHED,AUTO_RESOLVED,EXACT_1TO1_MATCH_VERIFIED,False,False,HIGH,0.00,"PAY-000231","SET-000231","Standard exact 1:1 match across order, payment, settlement, and invoice within T+1 SLA."
GT-000232,ORD-000232,EXACT_MATCH,MATCHED,AUTO_RESOLVED,EXACT_1TO1_MATCH_VERIFIED,False,False,HIGH,0.00,"PAY-000232","SET-000232","Standard exact 1:1 match across order, payment, settlement, and invoice within T+1 SLA."
GT-000233,ORD-000233,EXACT_MATCH,MATCHED,AUTO_RESOLVED,EXACT_1TO1_MATCH_VERIFIED,False,False,HIGH,0.00,"PAY-000233","SET-000233","Standard exact 1:1 match across order, payment, settlement, and invoice within T+1 SLA."
GT-000234,ORD-000234,EXACT_MATCH,MATCHED,AUTO_RESOLVED,EXACT_1TO1_MATCH_VERIFIED,False,False,HIGH,0.00,"PAY-000234","SET-000234","Standard exact 1:1 match across order, payment, settlement, and invoice within T+1 SLA."
GT-000235,ORD-000235,EXACT_MATCH,MATCHED,AUTO_RESOLVED,EXACT_1TO1_MATCH_VERIFIED,False,False,HIGH,0.00,"PAY-000235","SET-000235","Standard exact 1:1 match across order, payment, settlement, and invoice within T+1 SLA."
GT-000236,ORD-000236,EXACT_MATCH,MATCHED,AUTO_RESOLVED,EXACT_1TO1_MATCH_VERIFIED,False,False,HIGH,0.00,"PAY-000236","SET-000236","Standard exact 1:1 match across order, payment, settlement, and invoice within T+1 SLA."
GT-000237,ORD-000237,EXACT_MATCH,MATCHED,AUTO_RESOLVED,EXACT_1TO1_MATCH_VERIFIED,False,False,HIGH,0.00,"PAY-000237","SET-000237","Standard exact 1:1 match across order, payment, settlement, and invoice within T+1 SLA."
GT-000238,ORD-000238,EXACT_MATCH,MATCHED,AUTO_RESOLVED,EXACT_1TO1_MATCH_VERIFIED,False,False,HIGH,0.00,"PAY-000238","SET-000238","Standard exact 1:1 match across order, payment, settlement, and invoice within T+1 SLA."
GT-000239,ORD-000239,EXACT_MATCH,MATCHED,AUTO_RESOLVED,EXACT_1TO1_MATCH_VERIFIED,False,False,HIGH,0.00,"PAY-000239","SET-000239","Standard exact 1:1 match across order, payment, settlement, and invoice within T+1 SLA."
GT-000240,ORD-000240,EXACT_MATCH,MATCHED,AUTO_RESOLVED,EXACT_1TO1_MATCH_VERIFIED,False,False,HIGH,0.00,"PAY-000240","SET-000240","Standard exact 1:1 match across order, payment, settlement, and invoice within T+1 SLA."
GT-000241,ORD-000241,EXACT_MATCH,MATCHED,AUTO_RESOLVED,EXACT_1TO1_MATCH_VERIFIED,False,False,HIGH,0.00,"PAY-000241","SET-000241","Standard exact 1:1 match across order, payment, settlement, and invoice within T+1 SLA."
GT-000242,ORD-000242,EXACT_MATCH,MATCHED,AUTO_RESOLVED,EXACT_1TO1_MATCH_VERIFIED,False,False,HIGH,0.00,"PAY-000242","SET-000242","Standard exact 1:1 match across order, payment, settlement, and invoice within T+1 SLA."
GT-000243,ORD-000243,EXACT_MATCH,MATCHED,AUTO_RESOLVED,EXACT_1TO1_MATCH_VERIFIED,False,False,HIGH,0.00,"PAY-000243","SET-000243","Standard exact 1:1 match across order, payment, settlement, and invoice within T+1 SLA."
GT-000244,ORD-000244,EXACT_MATCH,MATCHED,AUTO_RESOLVED,EXACT_1TO1_MATCH_VERIFIED,False,False,HIGH,0.00,"PAY-000244","SET-000244","Standard exact 1:1 match across order, payment, settlement, and invoice within T+1 SLA."
GT-000245,ORD-000245,EXACT_MATCH,MATCHED,AUTO_RESOLVED,EXACT_1TO1_MATCH_VERIFIED,False,False,HIGH,0.00,"PAY-000245","SET-000245","Standard exact 1:1 match across order, payment, settlement, and invoice within T+1 SLA."
GT-000246,ORD-000246,EXACT_MATCH,MATCHED,AUTO_RESOLVED,EXACT_1TO1_MATCH_VERIFIED,False,False,HIGH,0.00,"PAY-000246","SET-000246","Standard exact 1:1 match across order, payment, settlement, and invoice within T+1 SLA."
GT-000247,ORD-000247,EXACT_MATCH,MATCHED,AUTO_RESOLVED,EXACT_1TO1_MATCH_VERIFIED,False,False,HIGH,0.00,"PAY-000247","SET-000247","Standard exact 1:1 match across order, payment, settlement, and invoice within T+1 SLA."
GT-000248,ORD-000248,EXACT_MATCH,MATCHED,AUTO_RESOLVED,EXACT_1TO1_MATCH_VERIFIED,False,False,HIGH,0.00,"PAY-000248","SET-000248","Standard exact 1:1 match across order, payment, settlement, and invoice within T+1 SLA."
GT-000249,ORD-000249,EXACT_MATCH,MATCHED,AUTO_RESOLVED,EXACT_1TO1_MATCH_VERIFIED,False,False,HIGH,0.00,"PAY-000249","SET-000249","Standard exact 1:1 match across order, payment, settlement, and invoice within T+1 SLA."
GT-000250,ORD-000250,EXACT_MATCH,MATCHED,AUTO_RESOLVED,EXACT_1TO1_MATCH_VERIFIED,False,False,HIGH,0.00,"PAY-000250","SET-000250","Standard exact 1:1 match across order, payment, settlement, and invoice within T+1 SLA."
GT-000251,ORD-000251,EXACT_MATCH,MATCHED,AUTO_RESOLVED,EXACT_1TO1_MATCH_VERIFIED,False,False,HIGH,0.00,"PAY-000251","SET-000251","Standard exact 1:1 match across order, payment, settlement, and invoice within T+1 SLA."
GT-000252,ORD-000252,EXACT_MATCH,MATCHED,AUTO_RESOLVED,EXACT_1TO1_MATCH_VERIFIED,False,False,HIGH,0.00,"PAY-000252","SET-000252","Standard exact 1:1 match across order, payment, settlement, and invoice within T+1 SLA."
GT-000253,ORD-000253,EXACT_MATCH,MATCHED,AUTO_RESOLVED,EXACT_1TO1_MATCH_VERIFIED,False,False,HIGH,0.00,"PAY-000253","SET-000253","Standard exact 1:1 match across order, payment, settlement, and invoice within T+1 SLA."
GT-000254,ORD-000254,EXACT_MATCH,MATCHED,AUTO_RESOLVED,EXACT_1TO1_MATCH_VERIFIED,False,False,HIGH,0.00,"PAY-000254","SET-000254","Standard exact 1:1 match across order, payment, settlement, and invoice within T+1 SLA."
GT-000255,ORD-000255,EXACT_MATCH,MATCHED,AUTO_RESOLVED,EXACT_1TO1_MATCH_VERIFIED,False,False,HIGH,0.00,"PAY-000255","SET-000255","Standard exact 1:1 match across order, payment, settlement, and invoice within T+1 SLA."
GT-000256,ORD-000256,EXACT_MATCH,MATCHED,AUTO_RESOLVED,EXACT_1TO1_MATCH_VERIFIED,False,False,HIGH,0.00,"PAY-000256","SET-000256","Standard exact 1:1 match across order, payment, settlement, and invoice within T+1 SLA."
GT-000257,ORD-000257,EXACT_MATCH,MATCHED,AUTO_RESOLVED,EXACT_1TO1_MATCH_VERIFIED,False,False,HIGH,0.00,"PAY-000257","SET-000257","Standard exact 1:1 match across order, payment, settlement, and invoice within T+1 SLA."
GT-000258,ORD-000258,EXACT_MATCH,MATCHED,AUTO_RESOLVED,EXACT_1TO1_MATCH_VERIFIED,False,False,HIGH,0.00,"PAY-000258","SET-000258","Standard exact 1:1 match across order, payment, settlement, and invoice within T+1 SLA."
GT-000259,ORD-000259,EXACT_MATCH,MATCHED,AUTO_RESOLVED,EXACT_1TO1_MATCH_VERIFIED,False,False,HIGH,0.00,"PAY-000259","SET-000259","Standard exact 1:1 match across order, payment, settlement, and invoice within T+1 SLA."
GT-000260,ORD-000260,EXACT_MATCH,MATCHED,AUTO_RESOLVED,EXACT_1TO1_MATCH_VERIFIED,False,False,HIGH,0.00,"PAY-000260","SET-000260","Standard exact 1:1 match across order, payment, settlement, and invoice within T+1 SLA."
GT-000261,ORD-000261,EXACT_MATCH,MATCHED,AUTO_RESOLVED,EXACT_1TO1_MATCH_VERIFIED,False,False,HIGH,0.00,"PAY-000261","SET-000261","Standard exact 1:1 match across order, payment, settlement, and invoice within T+1 SLA."
GT-000262,ORD-000262,EXACT_MATCH,MATCHED,AUTO_RESOLVED,EXACT_1TO1_MATCH_VERIFIED,False,False,HIGH,0.00,"PAY-000262","SET-000262","Standard exact 1:1 match across order, payment, settlement, and invoice within T+1 SLA."
GT-000263,ORD-000263,EXACT_MATCH,MATCHED,AUTO_RESOLVED,EXACT_1TO1_MATCH_VERIFIED,False,False,HIGH,0.00,"PAY-000263","SET-000263","Standard exact 1:1 match across order, payment, settlement, and invoice within T+1 SLA."
GT-000264,ORD-000264,EXACT_MATCH,MATCHED,AUTO_RESOLVED,EXACT_1TO1_MATCH_VERIFIED,False,False,HIGH,0.00,"PAY-000264","SET-000264","Standard exact 1:1 match across order, payment, settlement, and invoice within T+1 SLA."
GT-000265,ORD-000265,EXACT_MATCH,MATCHED,AUTO_RESOLVED,EXACT_1TO1_MATCH_VERIFIED,False,False,HIGH,0.00,"PAY-000265","SET-000265","Standard exact 1:1 match across order, payment, settlement, and invoice within T+1 SLA."
GT-000266,ORD-000266,EXACT_MATCH,MATCHED,AUTO_RESOLVED,EXACT_1TO1_MATCH_VERIFIED,False,False,HIGH,0.00,"PAY-000266","SET-000266","Standard exact 1:1 match across order, payment, settlement, and invoice within T+1 SLA."
GT-000267,ORD-000267,EXACT_MATCH,MATCHED,AUTO_RESOLVED,EXACT_1TO1_MATCH_VERIFIED,False,False,HIGH,0.00,"PAY-000267","SET-000267","Standard exact 1:1 match across order, payment, settlement, and invoice within T+1 SLA."
GT-000268,ORD-000268,EXACT_MATCH,MATCHED,AUTO_RESOLVED,EXACT_1TO1_MATCH_VERIFIED,False,False,HIGH,0.00,"PAY-000268","SET-000268","Standard exact 1:1 match across order, payment, settlement, and invoice within T+1 SLA."
GT-000269,ORD-000269,EXACT_MATCH,MATCHED,AUTO_RESOLVED,EXACT_1TO1_MATCH_VERIFIED,False,False,HIGH,0.00,"PAY-000269","SET-000269","Standard exact 1:1 match across order, payment, settlement, and invoice within T+1 SLA."
GT-000270,ORD-000270,EXACT_MATCH,MATCHED,AUTO_RESOLVED,EXACT_1TO1_MATCH_VERIFIED,False,False,HIGH,0.00,"PAY-000270","SET-000270","Standard exact 1:1 match across order, payment, settlement, and invoice within T+1 SLA."
GT-000271,ORD-000271,EXACT_MATCH,MATCHED,AUTO_RESOLVED,EXACT_1TO1_MATCH_VERIFIED,False,False,HIGH,0.00,"PAY-000271","SET-000271","Standard exact 1:1 match across order, payment, settlement, and invoice within T+1 SLA."
GT-000272,ORD-000272,EXACT_MATCH,MATCHED,AUTO_RESOLVED,EXACT_1TO1_MATCH_VERIFIED,False,False,HIGH,0.00,"PAY-000272","SET-000272","Standard exact 1:1 match across order, payment, settlement, and invoice within T+1 SLA."
GT-000273,ORD-000273,EXACT_MATCH,MATCHED,AUTO_RESOLVED,EXACT_1TO1_MATCH_VERIFIED,False,False,HIGH,0.00,"PAY-000273","SET-000273","Standard exact 1:1 match across order, payment, settlement, and invoice within T+1 SLA."
GT-000274,ORD-000274,EXACT_MATCH,MATCHED,AUTO_RESOLVED,EXACT_1TO1_MATCH_VERIFIED,False,False,HIGH,0.00,"PAY-000274","SET-000274","Standard exact 1:1 match across order, payment, settlement, and invoice within T+1 SLA."
GT-000275,ORD-000275,EXACT_MATCH,MATCHED,AUTO_RESOLVED,EXACT_1TO1_MATCH_VERIFIED,False,False,HIGH,0.00,"PAY-000275","SET-000275","Standard exact 1:1 match across order, payment, settlement, and invoice within T+1 SLA."
GT-000276,ORD-000276,EXACT_MATCH,MATCHED,AUTO_RESOLVED,EXACT_1TO1_MATCH_VERIFIED,False,False,HIGH,0.00,"PAY-000276","SET-000276","Standard exact 1:1 match across order, payment, settlement, and invoice within T+1 SLA."
GT-000277,ORD-000277,EXACT_MATCH,MATCHED,AUTO_RESOLVED,EXACT_1TO1_MATCH_VERIFIED,False,False,HIGH,0.00,"PAY-000277","SET-000277","Standard exact 1:1 match across order, payment, settlement, and invoice within T+1 SLA."
GT-000278,ORD-000278,EXACT_MATCH,MATCHED,AUTO_RESOLVED,EXACT_1TO1_MATCH_VERIFIED,False,False,HIGH,0.00,"PAY-000278","SET-000278","Standard exact 1:1 match across order, payment, settlement, and invoice within T+1 SLA."
GT-000279,ORD-000279,EXACT_MATCH,MATCHED,AUTO_RESOLVED,EXACT_1TO1_MATCH_VERIFIED,False,False,HIGH,0.00,"PAY-000279","SET-000279","Standard exact 1:1 match across order, payment, settlement, and invoice within T+1 SLA."
GT-000280,ORD-000280,EXACT_MATCH,MATCHED,AUTO_RESOLVED,EXACT_1TO1_MATCH_VERIFIED,False,False,HIGH,0.00,"PAY-000280","SET-000280","Standard exact 1:1 match across order, payment, settlement, and invoice within T+1 SLA."
GT-000281,ORD-000281,EXACT_MATCH,MATCHED,AUTO_RESOLVED,EXACT_1TO1_MATCH_VERIFIED,False,False,HIGH,0.00,"PAY-000281","SET-000281","Standard exact 1:1 match across order, payment, settlement, and invoice within T+1 SLA."
GT-000282,ORD-000282,EXACT_MATCH,MATCHED,AUTO_RESOLVED,EXACT_1TO1_MATCH_VERIFIED,False,False,HIGH,0.00,"PAY-000282","SET-000282","Standard exact 1:1 match across order, payment, settlement, and invoice within T+1 SLA."
GT-000283,ORD-000283,EXACT_MATCH,MATCHED,AUTO_RESOLVED,EXACT_1TO1_MATCH_VERIFIED,False,False,HIGH,0.00,"PAY-000283","SET-000283","Standard exact 1:1 match across order, payment, settlement, and invoice within T+1 SLA."
GT-000284,ORD-000284,EXACT_MATCH,MATCHED,AUTO_RESOLVED,EXACT_1TO1_MATCH_VERIFIED,False,False,HIGH,0.00,"PAY-000284","SET-000284","Standard exact 1:1 match across order, payment, settlement, and invoice within T+1 SLA."
GT-000285,ORD-000285,EXACT_MATCH,MATCHED,AUTO_RESOLVED,EXACT_1TO1_MATCH_VERIFIED,False,False,HIGH,0.00,"PAY-000285","SET-000285","Standard exact 1:1 match across order, payment, settlement, and invoice within T+1 SLA."
GT-000286,ORD-000286,EXACT_MATCH,MATCHED,AUTO_RESOLVED,EXACT_1TO1_MATCH_VERIFIED,False,False,HIGH,0.00,"PAY-000286","SET-000286","Standard exact 1:1 match across order, payment, settlement, and invoice within T+1 SLA."
GT-000287,ORD-000287,EXACT_MATCH,MATCHED,AUTO_RESOLVED,EXACT_1TO1_MATCH_VERIFIED,False,False,HIGH,0.00,"PAY-000287","SET-000287","Standard exact 1:1 match across order, payment, settlement, and invoice within T+1 SLA."
GT-000288,ORD-000288,EXACT_MATCH,MATCHED,AUTO_RESOLVED,EXACT_1TO1_MATCH_VERIFIED,False,False,HIGH,0.00,"PAY-000288","SET-000288","Standard exact 1:1 match across order, payment, settlement, and invoice within T+1 SLA."
GT-000289,ORD-000289,EXACT_MATCH,MATCHED,AUTO_RESOLVED,EXACT_1TO1_MATCH_VERIFIED,False,False,HIGH,0.00,"PAY-000289","SET-000289","Standard exact 1:1 match across order, payment, settlement, and invoice within T+1 SLA."
GT-000290,ORD-000290,EXACT_MATCH,MATCHED,AUTO_RESOLVED,EXACT_1TO1_MATCH_VERIFIED,False,False,HIGH,0.00,"PAY-000290","SET-000290","Standard exact 1:1 match across order, payment, settlement, and invoice within T+1 SLA."
GT-000291,ORD-000291,EXACT_MATCH,MATCHED,AUTO_RESOLVED,EXACT_1TO1_MATCH_VERIFIED,False,False,HIGH,0.00,"PAY-000291","SET-000291","Standard exact 1:1 match across order, payment, settlement, and invoice within T+1 SLA."
GT-000292,ORD-000292,EXACT_MATCH,MATCHED,AUTO_RESOLVED,EXACT_1TO1_MATCH_VERIFIED,False,False,HIGH,0.00,"PAY-000292","SET-000292","Standard exact 1:1 match across order, payment, settlement, and invoice within T+1 SLA."
GT-000293,ORD-000293,EXACT_MATCH,MATCHED,AUTO_RESOLVED,EXACT_1TO1_MATCH_VERIFIED,False,False,HIGH,0.00,"PAY-000293","SET-000293","Standard exact 1:1 match across order, payment, settlement, and invoice within T+1 SLA."
GT-000294,ORD-000294,EXACT_MATCH,MATCHED,AUTO_RESOLVED,EXACT_1TO1_MATCH_VERIFIED,False,False,HIGH,0.00,"PAY-000294","SET-000294","Standard exact 1:1 match across order, payment, settlement, and invoice within T+1 SLA."
GT-000295,ORD-000295,EXACT_MATCH,MATCHED,AUTO_RESOLVED,EXACT_1TO1_MATCH_VERIFIED,False,False,HIGH,0.00,"PAY-000295","SET-000295","Standard exact 1:1 match across order, payment, settlement, and invoice within T+1 SLA."
GT-000296,ORD-000296,EXACT_MATCH,MATCHED,AUTO_RESOLVED,EXACT_1TO1_MATCH_VERIFIED,False,False,HIGH,0.00,"PAY-000296","SET-000296","Standard exact 1:1 match across order, payment, settlement, and invoice within T+1 SLA."
GT-000297,ORD-000297,EXACT_MATCH,MATCHED,AUTO_RESOLVED,EXACT_1TO1_MATCH_VERIFIED,False,False,HIGH,0.00,"PAY-000297","SET-000297","Standard exact 1:1 match across order, payment, settlement, and invoice within T+1 SLA."
GT-000298,ORD-000298,EXACT_MATCH,MATCHED,AUTO_RESOLVED,EXACT_1TO1_MATCH_VERIFIED,False,False,HIGH,0.00,"PAY-000298","SET-000298","Standard exact 1:1 match across order, payment, settlement, and invoice within T+1 SLA."
GT-000299,ORD-000299,EXACT_MATCH,MATCHED,AUTO_RESOLVED,EXACT_1TO1_MATCH_VERIFIED,False,False,HIGH,0.00,"PAY-000299","SET-000299","Standard exact 1:1 match across order, payment, settlement, and invoice within T+1 SLA."
GT-000300,ORD-000300,EXACT_MATCH,MATCHED,AUTO_RESOLVED,EXACT_1TO1_MATCH_VERIFIED,False,False,HIGH,0.00,"PAY-000300","SET-000300","Standard exact 1:1 match across order, payment, settlement, and invoice within T+1 SLA."
GT-000301,ORD-000301,EXACT_MATCH,MATCHED,AUTO_RESOLVED,EXACT_1TO1_MATCH_VERIFIED,False,False,HIGH,0.00,"PAY-000301","SET-000301","Standard exact 1:1 match across order, payment, settlement, and invoice within T+1 SLA."
GT-000302,ORD-000302,EXACT_MATCH,MATCHED,AUTO_RESOLVED,EXACT_1TO1_MATCH_VERIFIED,False,False,HIGH,0.00,"PAY-000302","SET-000302","Standard exact 1:1 match across order, payment, settlement, and invoice within T+1 SLA."
GT-000303,ORD-000303,EXACT_MATCH,MATCHED,AUTO_RESOLVED,EXACT_1TO1_MATCH_VERIFIED,False,False,HIGH,0.00,"PAY-000303","SET-000303","Standard exact 1:1 match across order, payment, settlement, and invoice within T+1 SLA."
GT-000304,ORD-000304,EXACT_MATCH,MATCHED,AUTO_RESOLVED,EXACT_1TO1_MATCH_VERIFIED,False,False,HIGH,0.00,"PAY-000304","SET-000304","Standard exact 1:1 match across order, payment, settlement, and invoice within T+1 SLA."
GT-000305,ORD-000305,EXACT_MATCH,MATCHED,AUTO_RESOLVED,EXACT_1TO1_MATCH_VERIFIED,False,False,HIGH,0.00,"PAY-000305","SET-000305","Standard exact 1:1 match across order, payment, settlement, and invoice within T+1 SLA."
GT-000306,ORD-000306,EXACT_MATCH,MATCHED,AUTO_RESOLVED,EXACT_1TO1_MATCH_VERIFIED,False,False,HIGH,0.00,"PAY-000306","SET-000306","Standard exact 1:1 match across order, payment, settlement, and invoice within T+1 SLA."
GT-000307,ORD-000307,EXACT_MATCH,MATCHED,AUTO_RESOLVED,EXACT_1TO1_MATCH_VERIFIED,False,False,HIGH,0.00,"PAY-000307","SET-000307","Standard exact 1:1 match across order, payment, settlement, and invoice within T+1 SLA."
GT-000308,ORD-000308,EXACT_MATCH,MATCHED,AUTO_RESOLVED,EXACT_1TO1_MATCH_VERIFIED,False,False,HIGH,0.00,"PAY-000308","SET-000308","Standard exact 1:1 match across order, payment, settlement, and invoice within T+1 SLA."
GT-000309,ORD-000309,EXACT_MATCH,MATCHED,AUTO_RESOLVED,EXACT_1TO1_MATCH_VERIFIED,False,False,HIGH,0.00,"PAY-000309","SET-000309","Standard exact 1:1 match across order, payment, settlement, and invoice within T+1 SLA."
GT-000310,ORD-000310,EXACT_MATCH,MATCHED,AUTO_RESOLVED,EXACT_1TO1_MATCH_VERIFIED,False,False,HIGH,0.00,"PAY-000310","SET-000310","Standard exact 1:1 match across order, payment, settlement, and invoice within T+1 SLA."
GT-000311,ORD-000311,EXACT_MATCH,MATCHED,AUTO_RESOLVED,EXACT_1TO1_MATCH_VERIFIED,False,False,HIGH,0.00,"PAY-000311","SET-000311","Standard exact 1:1 match across order, payment, settlement, and invoice within T+1 SLA."
GT-000312,ORD-000312,EXACT_MATCH,MATCHED,AUTO_RESOLVED,EXACT_1TO1_MATCH_VERIFIED,False,False,HIGH,0.00,"PAY-000312","SET-000312","Standard exact 1:1 match across order, payment, settlement, and invoice within T+1 SLA."
GT-000313,ORD-000313,EXACT_MATCH,MATCHED,AUTO_RESOLVED,EXACT_1TO1_MATCH_VERIFIED,False,False,HIGH,0.00,"PAY-000313","SET-000313","Standard exact 1:1 match across order, payment, settlement, and invoice within T+1 SLA."
GT-000314,ORD-000314,EXACT_MATCH,MATCHED,AUTO_RESOLVED,EXACT_1TO1_MATCH_VERIFIED,False,False,HIGH,0.00,"PAY-000314","SET-000314","Standard exact 1:1 match across order, payment, settlement, and invoice within T+1 SLA."
GT-000315,ORD-000315,EXACT_MATCH,MATCHED,AUTO_RESOLVED,EXACT_1TO1_MATCH_VERIFIED,False,False,HIGH,0.00,"PAY-000315","SET-000315","Standard exact 1:1 match across order, payment, settlement, and invoice within T+1 SLA."
GT-000316,ORD-000316,EXACT_MATCH,MATCHED,AUTO_RESOLVED,EXACT_1TO1_MATCH_VERIFIED,False,False,HIGH,0.00,"PAY-000316","SET-000316","Standard exact 1:1 match across order, payment, settlement, and invoice within T+1 SLA."
GT-000317,ORD-000317,EXACT_MATCH,MATCHED,AUTO_RESOLVED,EXACT_1TO1_MATCH_VERIFIED,False,False,HIGH,0.00,"PAY-000317","SET-000317","Standard exact 1:1 match across order, payment, settlement, and invoice within T+1 SLA."
GT-000318,ORD-000318,EXACT_MATCH,MATCHED,AUTO_RESOLVED,EXACT_1TO1_MATCH_VERIFIED,False,False,HIGH,0.00,"PAY-000318","SET-000318","Standard exact 1:1 match across order, payment, settlement, and invoice within T+1 SLA."
GT-000319,ORD-000319,EXACT_MATCH,MATCHED,AUTO_RESOLVED,EXACT_1TO1_MATCH_VERIFIED,False,False,HIGH,0.00,"PAY-000319","SET-000319","Standard exact 1:1 match across order, payment, settlement, and invoice within T+1 SLA."
GT-000320,ORD-000320,EXACT_MATCH,MATCHED,AUTO_RESOLVED,EXACT_1TO1_MATCH_VERIFIED,False,False,HIGH,0.00,"PAY-000320","SET-000320","Standard exact 1:1 match across order, payment, settlement, and invoice within T+1 SLA."
GT-000321,ORD-000321,EXACT_MATCH,MATCHED,AUTO_RESOLVED,EXACT_1TO1_MATCH_VERIFIED,False,False,HIGH,0.00,"PAY-000321","SET-000321","Standard exact 1:1 match across order, payment, settlement, and invoice within T+1 SLA."
GT-000322,ORD-000322,EXACT_MATCH,MATCHED,AUTO_RESOLVED,EXACT_1TO1_MATCH_VERIFIED,False,False,HIGH,0.00,"PAY-000322","SET-000322","Standard exact 1:1 match across order, payment, settlement, and invoice within T+1 SLA."
GT-000323,ORD-000323,EXACT_MATCH,MATCHED,AUTO_RESOLVED,EXACT_1TO1_MATCH_VERIFIED,False,False,HIGH,0.00,"PAY-000323","SET-000323","Standard exact 1:1 match across order, payment, settlement, and invoice within T+1 SLA."
GT-000324,ORD-000324,EXACT_MATCH,MATCHED,AUTO_RESOLVED,EXACT_1TO1_MATCH_VERIFIED,False,False,HIGH,0.00,"PAY-000324","SET-000324","Standard exact 1:1 match across order, payment, settlement, and invoice within T+1 SLA."
GT-000325,ORD-000325,EXACT_MATCH,MATCHED,AUTO_RESOLVED,EXACT_1TO1_MATCH_VERIFIED,False,False,HIGH,0.00,"PAY-000325","SET-000325","Standard exact 1:1 match across order, payment, settlement, and invoice within T+1 SLA."
GT-000326,ORD-000326,EXACT_MATCH,MATCHED,AUTO_RESOLVED,EXACT_1TO1_MATCH_VERIFIED,False,False,HIGH,0.00,"PAY-000326","SET-000326","Standard exact 1:1 match across order, payment, settlement, and invoice within T+1 SLA."
GT-000327,ORD-000327,EXACT_MATCH,MATCHED,AUTO_RESOLVED,EXACT_1TO1_MATCH_VERIFIED,False,False,HIGH,0.00,"PAY-000327","SET-000327","Standard exact 1:1 match across order, payment, settlement, and invoice within T+1 SLA."
GT-000328,ORD-000328,EXACT_MATCH,MATCHED,AUTO_RESOLVED,EXACT_1TO1_MATCH_VERIFIED,False,False,HIGH,0.00,"PAY-000328","SET-000328","Standard exact 1:1 match across order, payment, settlement, and invoice within T+1 SLA."
GT-000329,ORD-000329,EXACT_MATCH,MATCHED,AUTO_RESOLVED,EXACT_1TO1_MATCH_VERIFIED,False,False,HIGH,0.00,"PAY-000329","SET-000329","Standard exact 1:1 match across order, payment, settlement, and invoice within T+1 SLA."
GT-000330,ORD-000330,EXACT_MATCH,MATCHED,AUTO_RESOLVED,EXACT_1TO1_MATCH_VERIFIED,False,False,HIGH,0.00,"PAY-000330","SET-000330","Standard exact 1:1 match across order, payment, settlement, and invoice within T+1 SLA."
GT-000331,ORD-000331,EXACT_MATCH,MATCHED,AUTO_RESOLVED,EXACT_1TO1_MATCH_VERIFIED,False,False,HIGH,0.00,"PAY-000331","SET-000331","Standard exact 1:1 match across order, payment, settlement, and invoice within T+1 SLA."
GT-000332,ORD-000332,EXACT_MATCH,MATCHED,AUTO_RESOLVED,EXACT_1TO1_MATCH_VERIFIED,False,False,HIGH,0.00,"PAY-000332","SET-000332","Standard exact 1:1 match across order, payment, settlement, and invoice within T+1 SLA."
GT-000333,ORD-000333,EXACT_MATCH,MATCHED,AUTO_RESOLVED,EXACT_1TO1_MATCH_VERIFIED,False,False,HIGH,0.00,"PAY-000333","SET-000333","Standard exact 1:1 match across order, payment, settlement, and invoice within T+1 SLA."
GT-000334,ORD-000334,EXACT_MATCH,MATCHED,AUTO_RESOLVED,EXACT_1TO1_MATCH_VERIFIED,False,False,HIGH,0.00,"PAY-000334","SET-000334","Standard exact 1:1 match across order, payment, settlement, and invoice within T+1 SLA."
GT-000335,ORD-000335,EXACT_MATCH,MATCHED,AUTO_RESOLVED,EXACT_1TO1_MATCH_VERIFIED,False,False,HIGH,0.00,"PAY-000335","SET-000335","Standard exact 1:1 match across order, payment, settlement, and invoice within T+1 SLA."
GT-000336,ORD-000336,EXACT_MATCH,MATCHED,AUTO_RESOLVED,EXACT_1TO1_MATCH_VERIFIED,False,False,HIGH,0.00,"PAY-000336","SET-000336","Standard exact 1:1 match across order, payment, settlement, and invoice within T+1 SLA."
GT-000337,ORD-000337,EXACT_MATCH,MATCHED,AUTO_RESOLVED,EXACT_1TO1_MATCH_VERIFIED,False,False,HIGH,0.00,"PAY-000337","SET-000337","Standard exact 1:1 match across order, payment, settlement, and invoice within T+1 SLA."
GT-000338,ORD-000338,EXACT_MATCH,MATCHED,AUTO_RESOLVED,EXACT_1TO1_MATCH_VERIFIED,False,False,HIGH,0.00,"PAY-000338","SET-000338","Standard exact 1:1 match across order, payment, settlement, and invoice within T+1 SLA."
GT-000339,ORD-000339,EXACT_MATCH,MATCHED,AUTO_RESOLVED,EXACT_1TO1_MATCH_VERIFIED,False,False,HIGH,0.00,"PAY-000339","SET-000339","Standard exact 1:1 match across order, payment, settlement, and invoice within T+1 SLA."
GT-000340,ORD-000340,EXACT_MATCH,MATCHED,AUTO_RESOLVED,EXACT_1TO1_MATCH_VERIFIED,False,False,HIGH,0.00,"PAY-000340","SET-000340","Standard exact 1:1 match across order, payment, settlement, and invoice within T+1 SLA."
GT-000341,ORD-000341,EXACT_MATCH,MATCHED,AUTO_RESOLVED,EXACT_1TO1_MATCH_VERIFIED,False,False,HIGH,0.00,"PAY-000341","SET-000341","Standard exact 1:1 match across order, payment, settlement, and invoice within T+1 SLA."
GT-000342,ORD-000342,EXACT_MATCH,MATCHED,AUTO_RESOLVED,EXACT_1TO1_MATCH_VERIFIED,False,False,HIGH,0.00,"PAY-000342","SET-000342","Standard exact 1:1 match across order, payment, settlement, and invoice within T+1 SLA."
GT-000343,ORD-000343,EXACT_MATCH,MATCHED,AUTO_RESOLVED,EXACT_1TO1_MATCH_VERIFIED,False,False,HIGH,0.00,"PAY-000343","SET-000343","Standard exact 1:1 match across order, payment, settlement, and invoice within T+1 SLA."
GT-000344,ORD-000344,EXACT_MATCH,MATCHED,AUTO_RESOLVED,EXACT_1TO1_MATCH_VERIFIED,False,False,HIGH,0.00,"PAY-000344","SET-000344","Standard exact 1:1 match across order, payment, settlement, and invoice within T+1 SLA."
GT-000345,ORD-000345,EXACT_MATCH,MATCHED,AUTO_RESOLVED,EXACT_1TO1_MATCH_VERIFIED,False,False,HIGH,0.00,"PAY-000345","SET-000345","Standard exact 1:1 match across order, payment, settlement, and invoice within T+1 SLA."
GT-000346,ORD-000346,EXACT_MATCH,MATCHED,AUTO_RESOLVED,EXACT_1TO1_MATCH_VERIFIED,False,False,HIGH,0.00,"PAY-000346","SET-000346","Standard exact 1:1 match across order, payment, settlement, and invoice within T+1 SLA."
GT-000347,ORD-000347,EXACT_MATCH,MATCHED,AUTO_RESOLVED,EXACT_1TO1_MATCH_VERIFIED,False,False,HIGH,0.00,"PAY-000347","SET-000347","Standard exact 1:1 match across order, payment, settlement, and invoice within T+1 SLA."
GT-000348,ORD-000348,EXACT_MATCH,MATCHED,AUTO_RESOLVED,EXACT_1TO1_MATCH_VERIFIED,False,False,HIGH,0.00,"PAY-000348","SET-000348","Standard exact 1:1 match across order, payment, settlement, and invoice within T+1 SLA."
GT-000349,ORD-000349,EXACT_MATCH,MATCHED,AUTO_RESOLVED,EXACT_1TO1_MATCH_VERIFIED,False,False,HIGH,0.00,"PAY-000349","SET-000349","Standard exact 1:1 match across order, payment, settlement, and invoice within T+1 SLA."
GT-000350,ORD-000350,EXACT_MATCH,MATCHED,AUTO_RESOLVED,EXACT_1TO1_MATCH_VERIFIED,False,False,HIGH,0.00,"PAY-000350","SET-000350","Standard exact 1:1 match across order, payment, settlement, and invoice within T+1 SLA."
GT-000351,ORD-000351,EXACT_MATCH,MATCHED,AUTO_RESOLVED,EXACT_1TO1_MATCH_VERIFIED,False,False,HIGH,0.00,"PAY-000351","SET-000351","Standard exact 1:1 match across order, payment, settlement, and invoice within T+1 SLA."
GT-000352,ORD-000352,EXACT_MATCH,MATCHED,AUTO_RESOLVED,EXACT_1TO1_MATCH_VERIFIED,False,False,HIGH,0.00,"PAY-000352","SET-000352","Standard exact 1:1 match across order, payment, settlement, and invoice within T+1 SLA."
GT-000353,ORD-000353,EXACT_MATCH,MATCHED,AUTO_RESOLVED,EXACT_1TO1_MATCH_VERIFIED,False,False,HIGH,0.00,"PAY-000353","SET-000353","Standard exact 1:1 match across order, payment, settlement, and invoice within T+1 SLA."
GT-000354,ORD-000354,EXACT_MATCH,MATCHED,AUTO_RESOLVED,EXACT_1TO1_MATCH_VERIFIED,False,False,HIGH,0.00,"PAY-000354","SET-000354","Standard exact 1:1 match across order, payment, settlement, and invoice within T+1 SLA."
GT-000355,ORD-000355,EXACT_MATCH,MATCHED,AUTO_RESOLVED,EXACT_1TO1_MATCH_VERIFIED,False,False,HIGH,0.00,"PAY-000355","SET-000355","Standard exact 1:1 match across order, payment, settlement, and invoice within T+1 SLA."
GT-000356,ORD-000356,EXACT_MATCH,MATCHED,AUTO_RESOLVED,EXACT_1TO1_MATCH_VERIFIED,False,False,HIGH,0.00,"PAY-000356","SET-000356","Standard exact 1:1 match across order, payment, settlement, and invoice within T+1 SLA."
GT-000357,ORD-000357,EXACT_MATCH,MATCHED,AUTO_RESOLVED,EXACT_1TO1_MATCH_VERIFIED,False,False,HIGH,0.00,"PAY-000357","SET-000357","Standard exact 1:1 match across order, payment, settlement, and invoice within T+1 SLA."
GT-000358,ORD-000358,EXACT_MATCH,MATCHED,AUTO_RESOLVED,EXACT_1TO1_MATCH_VERIFIED,False,False,HIGH,0.00,"PAY-000358","SET-000358","Standard exact 1:1 match across order, payment, settlement, and invoice within T+1 SLA."
GT-000359,ORD-000359,EXACT_MATCH,MATCHED,AUTO_RESOLVED,EXACT_1TO1_MATCH_VERIFIED,False,False,HIGH,0.00,"PAY-000359","SET-000359","Standard exact 1:1 match across order, payment, settlement, and invoice within T+1 SLA."
GT-000360,ORD-000360,EXACT_MATCH,MATCHED,AUTO_RESOLVED,EXACT_1TO1_MATCH_VERIFIED,False,False,HIGH,0.00,"PAY-000360","SET-000360","Standard exact 1:1 match across order, payment, settlement, and invoice within T+1 SLA."
GT-000361,ORD-000361,EXACT_MATCH,MATCHED,AUTO_RESOLVED,EXACT_1TO1_MATCH_VERIFIED,False,False,HIGH,0.00,"PAY-000361","SET-000361","Standard exact 1:1 match across order, payment, settlement, and invoice within T+1 SLA."
GT-000362,ORD-000362,EXACT_MATCH,MATCHED,AUTO_RESOLVED,EXACT_1TO1_MATCH_VERIFIED,False,False,HIGH,0.00,"PAY-000362","SET-000362","Standard exact 1:1 match across order, payment, settlement, and invoice within T+1 SLA."
GT-000363,ORD-000363,EXACT_MATCH,MATCHED,AUTO_RESOLVED,EXACT_1TO1_MATCH_VERIFIED,False,False,HIGH,0.00,"PAY-000363","SET-000363","Standard exact 1:1 match across order, payment, settlement, and invoice within T+1 SLA."
GT-000364,ORD-000364,EXACT_MATCH,MATCHED,AUTO_RESOLVED,EXACT_1TO1_MATCH_VERIFIED,False,False,HIGH,0.00,"PAY-000364","SET-000364","Standard exact 1:1 match across order, payment, settlement, and invoice within T+1 SLA."
GT-000365,ORD-000365,EXACT_MATCH,MATCHED,AUTO_RESOLVED,EXACT_1TO1_MATCH_VERIFIED,False,False,HIGH,0.00,"PAY-000365","SET-000365","Standard exact 1:1 match across order, payment, settlement, and invoice within T+1 SLA."
GT-000366,ORD-000366,EXACT_MATCH,MATCHED,AUTO_RESOLVED,EXACT_1TO1_MATCH_VERIFIED,False,False,HIGH,0.00,"PAY-000366","SET-000366","Standard exact 1:1 match across order, payment, settlement, and invoice within T+1 SLA."
GT-000367,ORD-000367,EXACT_MATCH,MATCHED,AUTO_RESOLVED,EXACT_1TO1_MATCH_VERIFIED,False,False,HIGH,0.00,"PAY-000367","SET-000367","Standard exact 1:1 match across order, payment, settlement, and invoice within T+1 SLA."
GT-000368,ORD-000368,EXACT_MATCH,MATCHED,AUTO_RESOLVED,EXACT_1TO1_MATCH_VERIFIED,False,False,HIGH,0.00,"PAY-000368","SET-000368","Standard exact 1:1 match across order, payment, settlement, and invoice within T+1 SLA."
GT-000369,ORD-000369,EXACT_MATCH,MATCHED,AUTO_RESOLVED,EXACT_1TO1_MATCH_VERIFIED,False,False,HIGH,0.00,"PAY-000369","SET-000369","Standard exact 1:1 match across order, payment, settlement, and invoice within T+1 SLA."
GT-000370,ORD-000370,EXACT_MATCH,MATCHED,AUTO_RESOLVED,EXACT_1TO1_MATCH_VERIFIED,False,False,HIGH,0.00,"PAY-000370","SET-000370","Standard exact 1:1 match across order, payment, settlement, and invoice within T+1 SLA."
GT-000371,ORD-000371,EXACT_MATCH,MATCHED,AUTO_RESOLVED,EXACT_1TO1_MATCH_VERIFIED,False,False,HIGH,0.00,"PAY-000371","SET-000371","Standard exact 1:1 match across order, payment, settlement, and invoice within T+1 SLA."
GT-000372,ORD-000372,EXACT_MATCH,MATCHED,AUTO_RESOLVED,EXACT_1TO1_MATCH_VERIFIED,False,False,HIGH,0.00,"PAY-000372","SET-000372","Standard exact 1:1 match across order, payment, settlement, and invoice within T+1 SLA."
GT-000373,ORD-000373,EXACT_MATCH,MATCHED,AUTO_RESOLVED,EXACT_1TO1_MATCH_VERIFIED,False,False,HIGH,0.00,"PAY-000373","SET-000373","Standard exact 1:1 match across order, payment, settlement, and invoice within T+1 SLA."
GT-000374,ORD-000374,EXACT_MATCH,MATCHED,AUTO_RESOLVED,EXACT_1TO1_MATCH_VERIFIED,False,False,HIGH,0.00,"PAY-000374","SET-000374","Standard exact 1:1 match across order, payment, settlement, and invoice within T+1 SLA."
GT-000375,ORD-000375,EXACT_MATCH,MATCHED,AUTO_RESOLVED,EXACT_1TO1_MATCH_VERIFIED,False,False,HIGH,0.00,"PAY-000375","SET-000375","Standard exact 1:1 match across order, payment, settlement, and invoice within T+1 SLA."
GT-000376,ORD-000376,EXACT_MATCH,MATCHED,AUTO_RESOLVED,EXACT_1TO1_MATCH_VERIFIED,False,False,HIGH,0.00,"PAY-000376","SET-000376","Standard exact 1:1 match across order, payment, settlement, and invoice within T+1 SLA."
GT-000377,ORD-000377,EXACT_MATCH,MATCHED,AUTO_RESOLVED,EXACT_1TO1_MATCH_VERIFIED,False,False,HIGH,0.00,"PAY-000377","SET-000377","Standard exact 1:1 match across order, payment, settlement, and invoice within T+1 SLA."
GT-000378,ORD-000378,EXACT_MATCH,MATCHED,AUTO_RESOLVED,EXACT_1TO1_MATCH_VERIFIED,False,False,HIGH,0.00,"PAY-000378","SET-000378","Standard exact 1:1 match across order, payment, settlement, and invoice within T+1 SLA."
GT-000379,ORD-000379,EXACT_MATCH,MATCHED,AUTO_RESOLVED,EXACT_1TO1_MATCH_VERIFIED,False,False,HIGH,0.00,"PAY-000379","SET-000379","Standard exact 1:1 match across order, payment, settlement, and invoice within T+1 SLA."
GT-000380,ORD-000380,EXACT_MATCH,MATCHED,AUTO_RESOLVED,EXACT_1TO1_MATCH_VERIFIED,False,False,HIGH,0.00,"PAY-000380","SET-000380","Standard exact 1:1 match across order, payment, settlement, and invoice within T+1 SLA."
GT-000381,ORD-000381,EXACT_MATCH,MATCHED,AUTO_RESOLVED,EXACT_1TO1_MATCH_VERIFIED,False,False,HIGH,0.00,"PAY-000381","SET-000381","Standard exact 1:1 match across order, payment, settlement, and invoice within T+1 SLA."
GT-000382,ORD-000382,EXACT_MATCH,MATCHED,AUTO_RESOLVED,EXACT_1TO1_MATCH_VERIFIED,False,False,HIGH,0.00,"PAY-000382","SET-000382","Standard exact 1:1 match across order, payment, settlement, and invoice within T+1 SLA."
GT-000383,ORD-000383,EXACT_MATCH,MATCHED,AUTO_RESOLVED,EXACT_1TO1_MATCH_VERIFIED,False,False,HIGH,0.00,"PAY-000383","SET-000383","Standard exact 1:1 match across order, payment, settlement, and invoice within T+1 SLA."
GT-000384,ORD-000384,EXACT_MATCH,MATCHED,AUTO_RESOLVED,EXACT_1TO1_MATCH_VERIFIED,False,False,HIGH,0.00,"PAY-000384","SET-000384","Standard exact 1:1 match across order, payment, settlement, and invoice within T+1 SLA."
GT-000385,ORD-000385,EXACT_MATCH,MATCHED,AUTO_RESOLVED,EXACT_1TO1_MATCH_VERIFIED,False,False,HIGH,0.00,"PAY-000385","SET-000385","Standard exact 1:1 match across order, payment, settlement, and invoice within T+1 SLA."
GT-000386,ORD-000386,EXACT_MATCH,MATCHED,AUTO_RESOLVED,EXACT_1TO1_MATCH_VERIFIED,False,False,HIGH,0.00,"PAY-000386","SET-000386","Standard exact 1:1 match across order, payment, settlement, and invoice within T+1 SLA."
GT-000387,ORD-000387,EXACT_MATCH,MATCHED,AUTO_RESOLVED,EXACT_1TO1_MATCH_VERIFIED,False,False,HIGH,0.00,"PAY-000387","SET-000387","Standard exact 1:1 match across order, payment, settlement, and invoice within T+1 SLA."
GT-000388,ORD-000388,EXACT_MATCH,MATCHED,AUTO_RESOLVED,EXACT_1TO1_MATCH_VERIFIED,False,False,HIGH,0.00,"PAY-000388","SET-000388","Standard exact 1:1 match across order, payment, settlement, and invoice within T+1 SLA."
GT-000389,ORD-000389,EXACT_MATCH,MATCHED,AUTO_RESOLVED,EXACT_1TO1_MATCH_VERIFIED,False,False,HIGH,0.00,"PAY-000389","SET-000389","Standard exact 1:1 match across order, payment, settlement, and invoice within T+1 SLA."
GT-000390,ORD-000390,EXACT_MATCH,MATCHED,AUTO_RESOLVED,EXACT_1TO1_MATCH_VERIFIED,False,False,HIGH,0.00,"PAY-000390","SET-000390","Standard exact 1:1 match across order, payment, settlement, and invoice within T+1 SLA."
GT-000391,ORD-000391,EXACT_MATCH,MATCHED,AUTO_RESOLVED,EXACT_1TO1_MATCH_VERIFIED,False,False,HIGH,0.00,"PAY-000391","SET-000391","Standard exact 1:1 match across order, payment, settlement, and invoice within T+1 SLA."
GT-000392,ORD-000392,EXACT_MATCH,MATCHED,AUTO_RESOLVED,EXACT_1TO1_MATCH_VERIFIED,False,False,HIGH,0.00,"PAY-000392","SET-000392","Standard exact 1:1 match across order, payment, settlement, and invoice within T+1 SLA."
GT-000393,ORD-000393,EXACT_MATCH,MATCHED,AUTO_RESOLVED,EXACT_1TO1_MATCH_VERIFIED,False,False,HIGH,0.00,"PAY-000393","SET-000393","Standard exact 1:1 match across order, payment, settlement, and invoice within T+1 SLA."
GT-000394,ORD-000394,EXACT_MATCH,MATCHED,AUTO_RESOLVED,EXACT_1TO1_MATCH_VERIFIED,False,False,HIGH,0.00,"PAY-000394","SET-000394","Standard exact 1:1 match across order, payment, settlement, and invoice within T+1 SLA."
GT-000395,ORD-000395,EXACT_MATCH,MATCHED,AUTO_RESOLVED,EXACT_1TO1_MATCH_VERIFIED,False,False,HIGH,0.00,"PAY-000395","SET-000395","Standard exact 1:1 match across order, payment, settlement, and invoice within T+1 SLA."
GT-000396,ORD-000396,EXACT_MATCH,MATCHED,AUTO_RESOLVED,EXACT_1TO1_MATCH_VERIFIED,False,False,HIGH,0.00,"PAY-000396","SET-000396","Standard exact 1:1 match across order, payment, settlement, and invoice within T+1 SLA."
GT-000397,ORD-000397,EXACT_MATCH,MATCHED,AUTO_RESOLVED,EXACT_1TO1_MATCH_VERIFIED,False,False,HIGH,0.00,"PAY-000397","SET-000397","Standard exact 1:1 match across order, payment, settlement, and invoice within T+1 SLA."
GT-000398,ORD-000398,EXACT_MATCH,MATCHED,AUTO_RESOLVED,EXACT_1TO1_MATCH_VERIFIED,False,False,HIGH,0.00,"PAY-000398","SET-000398","Standard exact 1:1 match across order, payment, settlement, and invoice within T+1 SLA."
GT-000399,ORD-000399,EXACT_MATCH,MATCHED,AUTO_RESOLVED,EXACT_1TO1_MATCH_VERIFIED,False,False,HIGH,0.00,"PAY-000399","SET-000399","Standard exact 1:1 match across order, payment, settlement, and invoice within T+1 SLA."
GT-000400,ORD-000400,EXACT_MATCH,MATCHED,AUTO_RESOLVED,EXACT_1TO1_MATCH_VERIFIED,False,False,HIGH,0.00,"PAY-000400","SET-000400","Standard exact 1:1 match across order, payment, settlement, and invoice within T+1 SLA."
GT-000401,ORD-000401,EXACT_MATCH,MATCHED,AUTO_RESOLVED,EXACT_1TO1_MATCH_VERIFIED,False,False,HIGH,0.00,"PAY-000401","SET-000401","Standard exact 1:1 match across order, payment, settlement, and invoice within T+1 SLA."
GT-000402,ORD-000402,EXACT_MATCH,MATCHED,AUTO_RESOLVED,EXACT_1TO1_MATCH_VERIFIED,False,False,HIGH,0.00,"PAY-000402","SET-000402","Standard exact 1:1 match across order, payment, settlement, and invoice within T+1 SLA."
GT-000403,ORD-000403,EXACT_MATCH,MATCHED,AUTO_RESOLVED,EXACT_1TO1_MATCH_VERIFIED,False,False,HIGH,0.00,"PAY-000403","SET-000403","Standard exact 1:1 match across order, payment, settlement, and invoice within T+1 SLA."
GT-000404,ORD-000404,EXACT_MATCH,MATCHED,AUTO_RESOLVED,EXACT_1TO1_MATCH_VERIFIED,False,False,HIGH,0.00,"PAY-000404","SET-000404","Standard exact 1:1 match across order, payment, settlement, and invoice within T+1 SLA."
GT-000405,ORD-000405,EXACT_MATCH,MATCHED,AUTO_RESOLVED,EXACT_1TO1_MATCH_VERIFIED,False,False,HIGH,0.00,"PAY-000405","SET-000405","Standard exact 1:1 match across order, payment, settlement, and invoice within T+1 SLA."
GT-000406,ORD-000406,EXACT_MATCH,MATCHED,AUTO_RESOLVED,EXACT_1TO1_MATCH_VERIFIED,False,False,HIGH,0.00,"PAY-000406","SET-000406","Standard exact 1:1 match across order, payment, settlement, and invoice within T+1 SLA."
GT-000407,ORD-000407,EXACT_MATCH,MATCHED,AUTO_RESOLVED,EXACT_1TO1_MATCH_VERIFIED,False,False,HIGH,0.00,"PAY-000407","SET-000407","Standard exact 1:1 match across order, payment, settlement, and invoice within T+1 SLA."
GT-000408,ORD-000408,EXACT_MATCH,MATCHED,AUTO_RESOLVED,EXACT_1TO1_MATCH_VERIFIED,False,False,HIGH,0.00,"PAY-000408","SET-000408","Standard exact 1:1 match across order, payment, settlement, and invoice within T+1 SLA."
GT-000409,ORD-000409,EXACT_MATCH,MATCHED,AUTO_RESOLVED,EXACT_1TO1_MATCH_VERIFIED,False,False,HIGH,0.00,"PAY-000409","SET-000409","Standard exact 1:1 match across order, payment, settlement, and invoice within T+1 SLA."
GT-000410,ORD-000410,EXACT_MATCH,MATCHED,AUTO_RESOLVED,EXACT_1TO1_MATCH_VERIFIED,False,False,HIGH,0.00,"PAY-000410","SET-000410","Standard exact 1:1 match across order, payment, settlement, and invoice within T+1 SLA."
GT-000411,ORD-000411,EXACT_MATCH,MATCHED,AUTO_RESOLVED,EXACT_1TO1_MATCH_VERIFIED,False,False,HIGH,0.00,"PAY-000411","SET-000411","Standard exact 1:1 match across order, payment, settlement, and invoice within T+1 SLA."
GT-000412,ORD-000412,EXACT_MATCH,MATCHED,AUTO_RESOLVED,EXACT_1TO1_MATCH_VERIFIED,False,False,HIGH,0.00,"PAY-000412","SET-000412","Standard exact 1:1 match across order, payment, settlement, and invoice within T+1 SLA."
GT-000413,ORD-000413,EXACT_MATCH,MATCHED,AUTO_RESOLVED,EXACT_1TO1_MATCH_VERIFIED,False,False,HIGH,0.00,"PAY-000413","SET-000413","Standard exact 1:1 match across order, payment, settlement, and invoice within T+1 SLA."
GT-000414,ORD-000414,EXACT_MATCH,MATCHED,AUTO_RESOLVED,EXACT_1TO1_MATCH_VERIFIED,False,False,HIGH,0.00,"PAY-000414","SET-000414","Standard exact 1:1 match across order, payment, settlement, and invoice within T+1 SLA."
GT-000415,ORD-000415,EXACT_MATCH,MATCHED,AUTO_RESOLVED,EXACT_1TO1_MATCH_VERIFIED,False,False,HIGH,0.00,"PAY-000415","SET-000415","Standard exact 1:1 match across order, payment, settlement, and invoice within T+1 SLA."
GT-000416,ORD-000416,EXACT_MATCH,MATCHED,AUTO_RESOLVED,EXACT_1TO1_MATCH_VERIFIED,False,False,HIGH,0.00,"PAY-000416","SET-000416","Standard exact 1:1 match across order, payment, settlement, and invoice within T+1 SLA."
GT-000417,ORD-000417,EXACT_MATCH,MATCHED,AUTO_RESOLVED,EXACT_1TO1_MATCH_VERIFIED,False,False,HIGH,0.00,"PAY-000417","SET-000417","Standard exact 1:1 match across order, payment, settlement, and invoice within T+1 SLA."
GT-000418,ORD-000418,EXACT_MATCH,MATCHED,AUTO_RESOLVED,EXACT_1TO1_MATCH_VERIFIED,False,False,HIGH,0.00,"PAY-000418","SET-000418","Standard exact 1:1 match across order, payment, settlement, and invoice within T+1 SLA."
GT-000419,ORD-000419,EXACT_MATCH,MATCHED,AUTO_RESOLVED,EXACT_1TO1_MATCH_VERIFIED,False,False,HIGH,0.00,"PAY-000419","SET-000419","Standard exact 1:1 match across order, payment, settlement, and invoice within T+1 SLA."
GT-000420,ORD-000420,EXACT_MATCH,MATCHED,AUTO_RESOLVED,EXACT_1TO1_MATCH_VERIFIED,False,False,HIGH,0.00,"PAY-000420","SET-000420","Standard exact 1:1 match across order, payment, settlement, and invoice within T+1 SLA."
GT-000421,ORD-000421,EXACT_MATCH,MATCHED,AUTO_RESOLVED,EXACT_1TO1_MATCH_VERIFIED,False,False,HIGH,0.00,"PAY-000421","SET-000421","Standard exact 1:1 match across order, payment, settlement, and invoice within T+1 SLA."
GT-000422,ORD-000422,EXACT_MATCH,MATCHED,AUTO_RESOLVED,EXACT_1TO1_MATCH_VERIFIED,False,False,HIGH,0.00,"PAY-000422","SET-000422","Standard exact 1:1 match across order, payment, settlement, and invoice within T+1 SLA."
GT-000423,ORD-000423,EXACT_MATCH,MATCHED,AUTO_RESOLVED,EXACT_1TO1_MATCH_VERIFIED,False,False,HIGH,0.00,"PAY-000423","SET-000423","Standard exact 1:1 match across order, payment, settlement, and invoice within T+1 SLA."
GT-000424,ORD-000424,EXACT_MATCH,MATCHED,AUTO_RESOLVED,EXACT_1TO1_MATCH_VERIFIED,False,False,HIGH,0.00,"PAY-000424","SET-000424","Standard exact 1:1 match across order, payment, settlement, and invoice within T+1 SLA."
GT-000425,ORD-000425,EXACT_MATCH,MATCHED,AUTO_RESOLVED,EXACT_1TO1_MATCH_VERIFIED,False,False,HIGH,0.00,"PAY-000425","SET-000425","Standard exact 1:1 match across order, payment, settlement, and invoice within T+1 SLA."
GT-000426,ORD-000426,EXACT_MATCH,MATCHED,AUTO_RESOLVED,EXACT_1TO1_MATCH_VERIFIED,False,False,HIGH,0.00,"PAY-000426","SET-000426","Standard exact 1:1 match across order, payment, settlement, and invoice within T+1 SLA."
GT-000427,ORD-000427,EXACT_MATCH,MATCHED,AUTO_RESOLVED,EXACT_1TO1_MATCH_VERIFIED,False,False,HIGH,0.00,"PAY-000427","SET-000427","Standard exact 1:1 match across order, payment, settlement, and invoice within T+1 SLA."
GT-000428,ORD-000428,EXACT_MATCH,MATCHED,AUTO_RESOLVED,EXACT_1TO1_MATCH_VERIFIED,False,False,HIGH,0.00,"PAY-000428","SET-000428","Standard exact 1:1 match across order, payment, settlement, and invoice within T+1 SLA."
GT-000429,ORD-000429,EXACT_MATCH,MATCHED,AUTO_RESOLVED,EXACT_1TO1_MATCH_VERIFIED,False,False,HIGH,0.00,"PAY-000429","SET-000429","Standard exact 1:1 match across order, payment, settlement, and invoice within T+1 SLA."
GT-000430,ORD-000430,EXACT_MATCH,MATCHED,AUTO_RESOLVED,EXACT_1TO1_MATCH_VERIFIED,False,False,HIGH,0.00,"PAY-000430","SET-000430","Standard exact 1:1 match across order, payment, settlement, and invoice within T+1 SLA."
GT-000431,ORD-000431,EXACT_MATCH,MATCHED,AUTO_RESOLVED,EXACT_1TO1_MATCH_VERIFIED,False,False,HIGH,0.00,"PAY-000431","SET-000431","Standard exact 1:1 match across order, payment, settlement, and invoice within T+1 SLA."
GT-000432,ORD-000432,EXACT_MATCH,MATCHED,AUTO_RESOLVED,EXACT_1TO1_MATCH_VERIFIED,False,False,HIGH,0.00,"PAY-000432","SET-000432","Standard exact 1:1 match across order, payment, settlement, and invoice within T+1 SLA."
GT-000433,ORD-000433,EXACT_MATCH,MATCHED,AUTO_RESOLVED,EXACT_1TO1_MATCH_VERIFIED,False,False,HIGH,0.00,"PAY-000433","SET-000433","Standard exact 1:1 match across order, payment, settlement, and invoice within T+1 SLA."
GT-000434,ORD-000434,EXACT_MATCH,MATCHED,AUTO_RESOLVED,EXACT_1TO1_MATCH_VERIFIED,False,False,HIGH,0.00,"PAY-000434","SET-000434","Standard exact 1:1 match across order, payment, settlement, and invoice within T+1 SLA."
GT-000435,ORD-000435,EXACT_MATCH,MATCHED,AUTO_RESOLVED,EXACT_1TO1_MATCH_VERIFIED,False,False,HIGH,0.00,"PAY-000435","SET-000435","Standard exact 1:1 match across order, payment, settlement, and invoice within T+1 SLA."
GT-000436,ORD-000436,EXACT_MATCH,MATCHED,AUTO_RESOLVED,EXACT_1TO1_MATCH_VERIFIED,False,False,HIGH,0.00,"PAY-000436","SET-000436","Standard exact 1:1 match across order, payment, settlement, and invoice within T+1 SLA."
GT-000437,ORD-000437,EXACT_MATCH,MATCHED,AUTO_RESOLVED,EXACT_1TO1_MATCH_VERIFIED,False,False,HIGH,0.00,"PAY-000437","SET-000437","Standard exact 1:1 match across order, payment, settlement, and invoice within T+1 SLA."
GT-000438,ORD-000438,EXACT_MATCH,MATCHED,AUTO_RESOLVED,EXACT_1TO1_MATCH_VERIFIED,False,False,HIGH,0.00,"PAY-000438","SET-000438","Standard exact 1:1 match across order, payment, settlement, and invoice within T+1 SLA."
GT-000439,ORD-000439,EXACT_MATCH,MATCHED,AUTO_RESOLVED,EXACT_1TO1_MATCH_VERIFIED,False,False,HIGH,0.00,"PAY-000439","SET-000439","Standard exact 1:1 match across order, payment, settlement, and invoice within T+1 SLA."
GT-000440,ORD-000440,EXACT_MATCH,MATCHED,AUTO_RESOLVED,EXACT_1TO1_MATCH_VERIFIED,False,False,HIGH,0.00,"PAY-000440","SET-000440","Standard exact 1:1 match across order, payment, settlement, and invoice within T+1 SLA."
GT-000441,ORD-000441,EXACT_MATCH,MATCHED,AUTO_RESOLVED,EXACT_1TO1_MATCH_VERIFIED,False,False,HIGH,0.00,"PAY-000441","SET-000441","Standard exact 1:1 match across order, payment, settlement, and invoice within T+1 SLA."
GT-000442,ORD-000442,EXACT_MATCH,MATCHED,AUTO_RESOLVED,EXACT_1TO1_MATCH_VERIFIED,False,False,HIGH,0.00,"PAY-000442","SET-000442","Standard exact 1:1 match across order, payment, settlement, and invoice within T+1 SLA."
GT-000443,ORD-000443,EXACT_MATCH,MATCHED,AUTO_RESOLVED,EXACT_1TO1_MATCH_VERIFIED,False,False,HIGH,0.00,"PAY-000443","SET-000443","Standard exact 1:1 match across order, payment, settlement, and invoice within T+1 SLA."
GT-000444,ORD-000444,EXACT_MATCH,MATCHED,AUTO_RESOLVED,EXACT_1TO1_MATCH_VERIFIED,False,False,HIGH,0.00,"PAY-000444","SET-000444","Standard exact 1:1 match across order, payment, settlement, and invoice within T+1 SLA."
GT-000445,ORD-000445,EXACT_MATCH,MATCHED,AUTO_RESOLVED,EXACT_1TO1_MATCH_VERIFIED,False,False,HIGH,0.00,"PAY-000445","SET-000445","Standard exact 1:1 match across order, payment, settlement, and invoice within T+1 SLA."
GT-000446,ORD-000446,EXACT_MATCH,MATCHED,AUTO_RESOLVED,EXACT_1TO1_MATCH_VERIFIED,False,False,HIGH,0.00,"PAY-000446","SET-000446","Standard exact 1:1 match across order, payment, settlement, and invoice within T+1 SLA."
GT-000447,ORD-000447,EXACT_MATCH,MATCHED,AUTO_RESOLVED,EXACT_1TO1_MATCH_VERIFIED,False,False,HIGH,0.00,"PAY-000447","SET-000447","Standard exact 1:1 match across order, payment, settlement, and invoice within T+1 SLA."
GT-000448,ORD-000448,EXACT_MATCH,MATCHED,AUTO_RESOLVED,EXACT_1TO1_MATCH_VERIFIED,False,False,HIGH,0.00,"PAY-000448","SET-000448","Standard exact 1:1 match across order, payment, settlement, and invoice within T+1 SLA."
GT-000449,ORD-000449,EXACT_MATCH,MATCHED,AUTO_RESOLVED,EXACT_1TO1_MATCH_VERIFIED,False,False,HIGH,0.00,"PAY-000449","SET-000449","Standard exact 1:1 match across order, payment, settlement, and invoice within T+1 SLA."
GT-000450,ORD-000450,EXACT_MATCH,MATCHED,AUTO_RESOLVED,EXACT_1TO1_MATCH_VERIFIED,False,False,HIGH,0.00,"PAY-000450","SET-000450","Standard exact 1:1 match across order, payment, settlement, and invoice within T+1 SLA."
GT-000451,ORD-000451,EXACT_MATCH,MATCHED,AUTO_RESOLVED,EXACT_1TO1_MATCH_VERIFIED,False,False,HIGH,0.00,"PAY-000451","SET-000451","Standard exact 1:1 match across order, payment, settlement, and invoice within T+1 SLA."
GT-000452,ORD-000452,EXACT_MATCH,MATCHED,AUTO_RESOLVED,EXACT_1TO1_MATCH_VERIFIED,False,False,HIGH,0.00,"PAY-000452","SET-000452","Standard exact 1:1 match across order, payment, settlement, and invoice within T+1 SLA."
GT-000453,ORD-000453,EXACT_MATCH,MATCHED,AUTO_RESOLVED,EXACT_1TO1_MATCH_VERIFIED,False,False,HIGH,0.00,"PAY-000453","SET-000453","Standard exact 1:1 match across order, payment, settlement, and invoice within T+1 SLA."
GT-000454,ORD-000454,EXACT_MATCH,MATCHED,AUTO_RESOLVED,EXACT_1TO1_MATCH_VERIFIED,False,False,HIGH,0.00,"PAY-000454","SET-000454","Standard exact 1:1 match across order, payment, settlement, and invoice within T+1 SLA."
GT-000455,ORD-000455,EXACT_MATCH,MATCHED,AUTO_RESOLVED,EXACT_1TO1_MATCH_VERIFIED,False,False,HIGH,0.00,"PAY-000455","SET-000455","Standard exact 1:1 match across order, payment, settlement, and invoice within T+1 SLA."
GT-000456,ORD-000456,EXACT_MATCH,MATCHED,AUTO_RESOLVED,EXACT_1TO1_MATCH_VERIFIED,False,False,HIGH,0.00,"PAY-000456","SET-000456","Standard exact 1:1 match across order, payment, settlement, and invoice within T+1 SLA."
GT-000457,ORD-000457,EXACT_MATCH,MATCHED,AUTO_RESOLVED,EXACT_1TO1_MATCH_VERIFIED,False,False,HIGH,0.00,"PAY-000457","SET-000457","Standard exact 1:1 match across order, payment, settlement, and invoice within T+1 SLA."
GT-000458,ORD-000458,EXACT_MATCH,MATCHED,AUTO_RESOLVED,EXACT_1TO1_MATCH_VERIFIED,False,False,HIGH,0.00,"PAY-000458","SET-000458","Standard exact 1:1 match across order, payment, settlement, and invoice within T+1 SLA."
GT-000459,ORD-000459,EXACT_MATCH,MATCHED,AUTO_RESOLVED,EXACT_1TO1_MATCH_VERIFIED,False,False,HIGH,0.00,"PAY-000459","SET-000459","Standard exact 1:1 match across order, payment, settlement, and invoice within T+1 SLA."
GT-000460,ORD-000460,EXACT_MATCH,MATCHED,AUTO_RESOLVED,EXACT_1TO1_MATCH_VERIFIED,False,False,HIGH,0.00,"PAY-000460","SET-000460","Standard exact 1:1 match across order, payment, settlement, and invoice within T+1 SLA."
GT-000461,ORD-000461,EXACT_MATCH,MATCHED,AUTO_RESOLVED,EXACT_1TO1_MATCH_VERIFIED,False,False,HIGH,0.00,"PAY-000461","SET-000461","Standard exact 1:1 match across order, payment, settlement, and invoice within T+1 SLA."
GT-000462,ORD-000462,EXACT_MATCH,MATCHED,AUTO_RESOLVED,EXACT_1TO1_MATCH_VERIFIED,False,False,HIGH,0.00,"PAY-000462","SET-000462","Standard exact 1:1 match across order, payment, settlement, and invoice within T+1 SLA."
GT-000463,ORD-000463,EXACT_MATCH,MATCHED,AUTO_RESOLVED,EXACT_1TO1_MATCH_VERIFIED,False,False,HIGH,0.00,"PAY-000463","SET-000463","Standard exact 1:1 match across order, payment, settlement, and invoice within T+1 SLA."
GT-000464,ORD-000464,EXACT_MATCH,MATCHED,AUTO_RESOLVED,EXACT_1TO1_MATCH_VERIFIED,False,False,HIGH,0.00,"PAY-000464","SET-000464","Standard exact 1:1 match across order, payment, settlement, and invoice within T+1 SLA."
GT-000465,ORD-000465,EXACT_MATCH,MATCHED,AUTO_RESOLVED,EXACT_1TO1_MATCH_VERIFIED,False,False,HIGH,0.00,"PAY-000465","SET-000465","Standard exact 1:1 match across order, payment, settlement, and invoice within T+1 SLA."
GT-000466,ORD-000466,EXACT_MATCH,MATCHED,AUTO_RESOLVED,EXACT_1TO1_MATCH_VERIFIED,False,False,HIGH,0.00,"PAY-000466","SET-000466","Standard exact 1:1 match across order, payment, settlement, and invoice within T+1 SLA."
GT-000467,ORD-000467,EXACT_MATCH,MATCHED,AUTO_RESOLVED,EXACT_1TO1_MATCH_VERIFIED,False,False,HIGH,0.00,"PAY-000467","SET-000467","Standard exact 1:1 match across order, payment, settlement, and invoice within T+1 SLA."
GT-000468,ORD-000468,EXACT_MATCH,MATCHED,AUTO_RESOLVED,EXACT_1TO1_MATCH_VERIFIED,False,False,HIGH,0.00,"PAY-000468","SET-000468","Standard exact 1:1 match across order, payment, settlement, and invoice within T+1 SLA."
GT-000469,ORD-000469,EXACT_MATCH,MATCHED,AUTO_RESOLVED,EXACT_1TO1_MATCH_VERIFIED,False,False,HIGH,0.00,"PAY-000469","SET-000469","Standard exact 1:1 match across order, payment, settlement, and invoice within T+1 SLA."
GT-000470,ORD-000470,EXACT_MATCH,MATCHED,AUTO_RESOLVED,EXACT_1TO1_MATCH_VERIFIED,False,False,HIGH,0.00,"PAY-000470","SET-000470","Standard exact 1:1 match across order, payment, settlement, and invoice within T+1 SLA."
GT-000471,ORD-000471,EXACT_MATCH,MATCHED,AUTO_RESOLVED,EXACT_1TO1_MATCH_VERIFIED,False,False,HIGH,0.00,"PAY-000471","SET-000471","Standard exact 1:1 match across order, payment, settlement, and invoice within T+1 SLA."
GT-000472,ORD-000472,EXACT_MATCH,MATCHED,AUTO_RESOLVED,EXACT_1TO1_MATCH_VERIFIED,False,False,HIGH,0.00,"PAY-000472","SET-000472","Standard exact 1:1 match across order, payment, settlement, and invoice within T+1 SLA."
GT-000473,ORD-000473,EXACT_MATCH,MATCHED,AUTO_RESOLVED,EXACT_1TO1_MATCH_VERIFIED,False,False,HIGH,0.00,"PAY-000473","SET-000473","Standard exact 1:1 match across order, payment, settlement, and invoice within T+1 SLA."
GT-000474,ORD-000474,EXACT_MATCH,MATCHED,AUTO_RESOLVED,EXACT_1TO1_MATCH_VERIFIED,False,False,HIGH,0.00,"PAY-000474","SET-000474","Standard exact 1:1 match across order, payment, settlement, and invoice within T+1 SLA."
GT-000475,ORD-000475,EXACT_MATCH,MATCHED,AUTO_RESOLVED,EXACT_1TO1_MATCH_VERIFIED,False,False,HIGH,0.00,"PAY-000475","SET-000475","Standard exact 1:1 match across order, payment, settlement, and invoice within T+1 SLA."
GT-000476,ORD-000476,EXACT_MATCH,MATCHED,AUTO_RESOLVED,EXACT_1TO1_MATCH_VERIFIED,False,False,HIGH,0.00,"PAY-000476","SET-000476","Standard exact 1:1 match across order, payment, settlement, and invoice within T+1 SLA."
GT-000477,ORD-000477,EXACT_MATCH,MATCHED,AUTO_RESOLVED,EXACT_1TO1_MATCH_VERIFIED,False,False,HIGH,0.00,"PAY-000477","SET-000477","Standard exact 1:1 match across order, payment, settlement, and invoice within T+1 SLA."
GT-000478,ORD-000478,EXACT_MATCH,MATCHED,AUTO_RESOLVED,EXACT_1TO1_MATCH_VERIFIED,False,False,HIGH,0.00,"PAY-000478","SET-000478","Standard exact 1:1 match across order, payment, settlement, and invoice within T+1 SLA."
GT-000479,ORD-000479,EXACT_MATCH,MATCHED,AUTO_RESOLVED,EXACT_1TO1_MATCH_VERIFIED,False,False,HIGH,0.00,"PAY-000479","SET-000479","Standard exact 1:1 match across order, payment, settlement, and invoice within T+1 SLA."
GT-000480,ORD-000480,EXACT_MATCH,MATCHED,AUTO_RESOLVED,EXACT_1TO1_MATCH_VERIFIED,False,False,HIGH,0.00,"PAY-000480","SET-000480","Standard exact 1:1 match across order, payment, settlement, and invoice within T+1 SLA."
GT-000481,ORD-000481,EXACT_MATCH,MATCHED,AUTO_RESOLVED,EXACT_1TO1_MATCH_VERIFIED,False,False,HIGH,0.00,"PAY-000481","SET-000481","Standard exact 1:1 match across order, payment, settlement, and invoice within T+1 SLA."
GT-000482,ORD-000482,EXACT_MATCH,MATCHED,AUTO_RESOLVED,EXACT_1TO1_MATCH_VERIFIED,False,False,HIGH,0.00,"PAY-000482","SET-000482","Standard exact 1:1 match across order, payment, settlement, and invoice within T+1 SLA."
GT-000483,ORD-000483,EXACT_MATCH,MATCHED,AUTO_RESOLVED,EXACT_1TO1_MATCH_VERIFIED,False,False,HIGH,0.00,"PAY-000483","SET-000483","Standard exact 1:1 match across order, payment, settlement, and invoice within T+1 SLA."
GT-000484,ORD-000484,EXACT_MATCH,MATCHED,AUTO_RESOLVED,EXACT_1TO1_MATCH_VERIFIED,False,False,HIGH,0.00,"PAY-000484","SET-000484","Standard exact 1:1 match across order, payment, settlement, and invoice within T+1 SLA."
GT-000485,ORD-000485,EXACT_MATCH,MATCHED,AUTO_RESOLVED,EXACT_1TO1_MATCH_VERIFIED,False,False,HIGH,0.00,"PAY-000485","SET-000485","Standard exact 1:1 match across order, payment, settlement, and invoice within T+1 SLA."
GT-000486,ORD-000486,EXACT_MATCH,MATCHED,AUTO_RESOLVED,EXACT_1TO1_MATCH_VERIFIED,False,False,HIGH,0.00,"PAY-000486","SET-000486","Standard exact 1:1 match across order, payment, settlement, and invoice within T+1 SLA."
GT-000487,ORD-000487,EXACT_MATCH,MATCHED,AUTO_RESOLVED,EXACT_1TO1_MATCH_VERIFIED,False,False,HIGH,0.00,"PAY-000487","SET-000487","Standard exact 1:1 match across order, payment, settlement, and invoice within T+1 SLA."
GT-000488,ORD-000488,EXACT_MATCH,MATCHED,AUTO_RESOLVED,EXACT_1TO1_MATCH_VERIFIED,False,False,HIGH,0.00,"PAY-000488","SET-000488","Standard exact 1:1 match across order, payment, settlement, and invoice within T+1 SLA."
GT-000489,ORD-000489,EXACT_MATCH,MATCHED,AUTO_RESOLVED,EXACT_1TO1_MATCH_VERIFIED,False,False,HIGH,0.00,"PAY-000489","SET-000489","Standard exact 1:1 match across order, payment, settlement, and invoice within T+1 SLA."
GT-000490,ORD-000490,EXACT_MATCH,MATCHED,AUTO_RESOLVED,EXACT_1TO1_MATCH_VERIFIED,False,False,HIGH,0.00,"PAY-000490","SET-000490","Standard exact 1:1 match across order, payment, settlement, and invoice within T+1 SLA."
GT-000491,ORD-000491,EXACT_MATCH,MATCHED,AUTO_RESOLVED,EXACT_1TO1_MATCH_VERIFIED,False,False,HIGH,0.00,"PAY-000491","SET-000491","Standard exact 1:1 match across order, payment, settlement, and invoice within T+1 SLA."
GT-000492,ORD-000492,EXACT_MATCH,MATCHED,AUTO_RESOLVED,EXACT_1TO1_MATCH_VERIFIED,False,False,HIGH,0.00,"PAY-000492","SET-000492","Standard exact 1:1 match across order, payment, settlement, and invoice within T+1 SLA."
GT-000493,ORD-000493,EXACT_MATCH,MATCHED,AUTO_RESOLVED,EXACT_1TO1_MATCH_VERIFIED,False,False,HIGH,0.00,"PAY-000493","SET-000493","Standard exact 1:1 match across order, payment, settlement, and invoice within T+1 SLA."
GT-000494,ORD-000494,EXACT_MATCH,MATCHED,AUTO_RESOLVED,EXACT_1TO1_MATCH_VERIFIED,False,False,HIGH,0.00,"PAY-000494","SET-000494","Standard exact 1:1 match across order, payment, settlement, and invoice within T+1 SLA."
GT-000495,ORD-000495,EXACT_MATCH,MATCHED,AUTO_RESOLVED,EXACT_1TO1_MATCH_VERIFIED,False,False,HIGH,0.00,"PAY-000495","SET-000495","Standard exact 1:1 match across order, payment, settlement, and invoice within T+1 SLA."
GT-000496,ORD-000496,EXACT_MATCH,MATCHED,AUTO_RESOLVED,EXACT_1TO1_MATCH_VERIFIED,False,False,HIGH,0.00,"PAY-000496","SET-000496","Standard exact 1:1 match across order, payment, settlement, and invoice within T+1 SLA."
GT-000497,ORD-000497,EXACT_MATCH,MATCHED,AUTO_RESOLVED,EXACT_1TO1_MATCH_VERIFIED,False,False,HIGH,0.00,"PAY-000497","SET-000497","Standard exact 1:1 match across order, payment, settlement, and invoice within T+1 SLA."
GT-000498,ORD-000498,EXACT_MATCH,MATCHED,AUTO_RESOLVED,EXACT_1TO1_MATCH_VERIFIED,False,False,HIGH,0.00,"PAY-000498","SET-000498","Standard exact 1:1 match across order, payment, settlement, and invoice within T+1 SLA."
GT-000499,ORD-000499,EXACT_MATCH,MATCHED,AUTO_RESOLVED,EXACT_1TO1_MATCH_VERIFIED,False,False,HIGH,0.00,"PAY-000499","SET-000499","Standard exact 1:1 match across order, payment, settlement, and invoice within T+1 SLA."
GT-000500,ORD-000500,EXACT_MATCH,MATCHED,AUTO_RESOLVED,EXACT_1TO1_MATCH_VERIFIED,False,False,HIGH,0.00,"PAY-000500","SET-000500","Standard exact 1:1 match across order, payment, settlement, and invoice within T+1 SLA."
GT-000501,ORD-000501,EXACT_MATCH,MATCHED,AUTO_RESOLVED,EXACT_1TO1_MATCH_VERIFIED,False,False,HIGH,0.00,"PAY-000501","SET-000501","Standard exact 1:1 match across order, payment, settlement, and invoice within T+1 SLA."
GT-000502,ORD-000502,EXACT_MATCH,MATCHED,AUTO_RESOLVED,EXACT_1TO1_MATCH_VERIFIED,False,False,HIGH,0.00,"PAY-000502","SET-000502","Standard exact 1:1 match across order, payment, settlement, and invoice within T+1 SLA."
GT-000503,ORD-000503,EXACT_MATCH,MATCHED,AUTO_RESOLVED,EXACT_1TO1_MATCH_VERIFIED,False,False,HIGH,0.00,"PAY-000503","SET-000503","Standard exact 1:1 match across order, payment, settlement, and invoice within T+1 SLA."
GT-000504,ORD-000504,EXACT_MATCH,MATCHED,AUTO_RESOLVED,EXACT_1TO1_MATCH_VERIFIED,False,False,HIGH,0.00,"PAY-000504","SET-000504","Standard exact 1:1 match across order, payment, settlement, and invoice within T+1 SLA."
GT-000505,ORD-000505,EXACT_MATCH,MATCHED,AUTO_RESOLVED,EXACT_1TO1_MATCH_VERIFIED,False,False,HIGH,0.00,"PAY-000505","SET-000505","Standard exact 1:1 match across order, payment, settlement, and invoice within T+1 SLA."
GT-000506,ORD-000506,EXACT_MATCH,MATCHED,AUTO_RESOLVED,EXACT_1TO1_MATCH_VERIFIED,False,False,HIGH,0.00,"PAY-000506","SET-000506","Standard exact 1:1 match across order, payment, settlement, and invoice within T+1 SLA."
GT-000507,ORD-000507,EXACT_MATCH,MATCHED,AUTO_RESOLVED,EXACT_1TO1_MATCH_VERIFIED,False,False,HIGH,0.00,"PAY-000507","SET-000507","Standard exact 1:1 match across order, payment, settlement, and invoice within T+1 SLA."
GT-000508,ORD-000508,EXACT_MATCH,MATCHED,AUTO_RESOLVED,EXACT_1TO1_MATCH_VERIFIED,False,False,HIGH,0.00,"PAY-000508","SET-000508","Standard exact 1:1 match across order, payment, settlement, and invoice within T+1 SLA."
GT-000509,ORD-000509,EXACT_MATCH,MATCHED,AUTO_RESOLVED,EXACT_1TO1_MATCH_VERIFIED,False,False,HIGH,0.00,"PAY-000509","SET-000509","Standard exact 1:1 match across order, payment, settlement, and invoice within T+1 SLA."
GT-000510,ORD-000510,EXACT_MATCH,MATCHED,AUTO_RESOLVED,EXACT_1TO1_MATCH_VERIFIED,False,False,HIGH,0.00,"PAY-000510","SET-000510","Standard exact 1:1 match across order, payment, settlement, and invoice within T+1 SLA."
GT-000511,ORD-000511,EXACT_MATCH,MATCHED,AUTO_RESOLVED,EXACT_1TO1_MATCH_VERIFIED,False,False,HIGH,0.00,"PAY-000511","SET-000511","Standard exact 1:1 match across order, payment, settlement, and invoice within T+1 SLA."
GT-000512,ORD-000512,EXACT_MATCH,MATCHED,AUTO_RESOLVED,EXACT_1TO1_MATCH_VERIFIED,False,False,HIGH,0.00,"PAY-000512","SET-000512","Standard exact 1:1 match across order, payment, settlement, and invoice within T+1 SLA."
GT-000513,ORD-000513,EXACT_MATCH,MATCHED,AUTO_RESOLVED,EXACT_1TO1_MATCH_VERIFIED,False,False,HIGH,0.00,"PAY-000513","SET-000513","Standard exact 1:1 match across order, payment, settlement, and invoice within T+1 SLA."
GT-000514,ORD-000514,EXACT_MATCH,MATCHED,AUTO_RESOLVED,EXACT_1TO1_MATCH_VERIFIED,False,False,HIGH,0.00,"PAY-000514","SET-000514","Standard exact 1:1 match across order, payment, settlement, and invoice within T+1 SLA."
GT-000515,ORD-000515,EXACT_MATCH,MATCHED,AUTO_RESOLVED,EXACT_1TO1_MATCH_VERIFIED,False,False,HIGH,0.00,"PAY-000515","SET-000515","Standard exact 1:1 match across order, payment, settlement, and invoice within T+1 SLA."
GT-000516,ORD-000516,EXACT_MATCH,MATCHED,AUTO_RESOLVED,EXACT_1TO1_MATCH_VERIFIED,False,False,HIGH,0.00,"PAY-000516","SET-000516","Standard exact 1:1 match across order, payment, settlement, and invoice within T+1 SLA."
GT-000517,ORD-000517,EXACT_MATCH,MATCHED,AUTO_RESOLVED,EXACT_1TO1_MATCH_VERIFIED,False,False,HIGH,0.00,"PAY-000517","SET-000517","Standard exact 1:1 match across order, payment, settlement, and invoice within T+1 SLA."
GT-000518,ORD-000518,EXACT_MATCH,MATCHED,AUTO_RESOLVED,EXACT_1TO1_MATCH_VERIFIED,False,False,HIGH,0.00,"PAY-000518","SET-000518","Standard exact 1:1 match across order, payment, settlement, and invoice within T+1 SLA."
GT-000519,ORD-000519,EXACT_MATCH,MATCHED,AUTO_RESOLVED,EXACT_1TO1_MATCH_VERIFIED,False,False,HIGH,0.00,"PAY-000519","SET-000519","Standard exact 1:1 match across order, payment, settlement, and invoice within T+1 SLA."
GT-000520,ORD-000520,EXACT_MATCH,MATCHED,AUTO_RESOLVED,EXACT_1TO1_MATCH_VERIFIED,False,False,HIGH,0.00,"PAY-000520","SET-000520","Standard exact 1:1 match across order, payment, settlement, and invoice within T+1 SLA."
GT-000521,ORD-000521,EXACT_MATCH,MATCHED,AUTO_RESOLVED,EXACT_1TO1_MATCH_VERIFIED,False,False,HIGH,0.00,"PAY-000521","SET-000521","Standard exact 1:1 match across order, payment, settlement, and invoice within T+1 SLA."
GT-000522,ORD-000522,EXACT_MATCH,MATCHED,AUTO_RESOLVED,EXACT_1TO1_MATCH_VERIFIED,False,False,HIGH,0.00,"PAY-000522","SET-000522","Standard exact 1:1 match across order, payment, settlement, and invoice within T+1 SLA."
GT-000523,ORD-000523,EXACT_MATCH,MATCHED,AUTO_RESOLVED,EXACT_1TO1_MATCH_VERIFIED,False,False,HIGH,0.00,"PAY-000523","SET-000523","Standard exact 1:1 match across order, payment, settlement, and invoice within T+1 SLA."
GT-000524,ORD-000524,EXACT_MATCH,MATCHED,AUTO_RESOLVED,EXACT_1TO1_MATCH_VERIFIED,False,False,HIGH,0.00,"PAY-000524","SET-000524","Standard exact 1:1 match across order, payment, settlement, and invoice within T+1 SLA."
GT-000525,ORD-000525,EXACT_MATCH,MATCHED,AUTO_RESOLVED,EXACT_1TO1_MATCH_VERIFIED,False,False,HIGH,0.00,"PAY-000525","SET-000525","Standard exact 1:1 match across order, payment, settlement, and invoice within T+1 SLA."
GT-000526,ORD-000526,EXACT_MATCH,MATCHED,AUTO_RESOLVED,EXACT_1TO1_MATCH_VERIFIED,False,False,HIGH,0.00,"PAY-000526","SET-000526","Standard exact 1:1 match across order, payment, settlement, and invoice within T+1 SLA."
GT-000527,ORD-000527,EXACT_MATCH,MATCHED,AUTO_RESOLVED,EXACT_1TO1_MATCH_VERIFIED,False,False,HIGH,0.00,"PAY-000527","SET-000527","Standard exact 1:1 match across order, payment, settlement, and invoice within T+1 SLA."
GT-000528,ORD-000528,EXACT_MATCH,MATCHED,AUTO_RESOLVED,EXACT_1TO1_MATCH_VERIFIED,False,False,HIGH,0.00,"PAY-000528","SET-000528","Standard exact 1:1 match across order, payment, settlement, and invoice within T+1 SLA."
GT-000529,ORD-000529,EXACT_MATCH,MATCHED,AUTO_RESOLVED,EXACT_1TO1_MATCH_VERIFIED,False,False,HIGH,0.00,"PAY-000529","SET-000529","Standard exact 1:1 match across order, payment, settlement, and invoice within T+1 SLA."
GT-000530,ORD-000530,EXACT_MATCH,MATCHED,AUTO_RESOLVED,EXACT_1TO1_MATCH_VERIFIED,False,False,HIGH,0.00,"PAY-000530","SET-000530","Standard exact 1:1 match across order, payment, settlement, and invoice within T+1 SLA."
GT-000531,ORD-000531,EXACT_MATCH,MATCHED,AUTO_RESOLVED,EXACT_1TO1_MATCH_VERIFIED,False,False,HIGH,0.00,"PAY-000531","SET-000531","Standard exact 1:1 match across order, payment, settlement, and invoice within T+1 SLA."
GT-000532,ORD-000532,EXACT_MATCH,MATCHED,AUTO_RESOLVED,EXACT_1TO1_MATCH_VERIFIED,False,False,HIGH,0.00,"PAY-000532","SET-000532","Standard exact 1:1 match across order, payment, settlement, and invoice within T+1 SLA."
GT-000533,ORD-000533,EXACT_MATCH,MATCHED,AUTO_RESOLVED,EXACT_1TO1_MATCH_VERIFIED,False,False,HIGH,0.00,"PAY-000533","SET-000533","Standard exact 1:1 match across order, payment, settlement, and invoice within T+1 SLA."
GT-000534,ORD-000534,EXACT_MATCH,MATCHED,AUTO_RESOLVED,EXACT_1TO1_MATCH_VERIFIED,False,False,HIGH,0.00,"PAY-000534","SET-000534","Standard exact 1:1 match across order, payment, settlement, and invoice within T+1 SLA."
GT-000535,ORD-000535,EXACT_MATCH,MATCHED,AUTO_RESOLVED,EXACT_1TO1_MATCH_VERIFIED,False,False,HIGH,0.00,"PAY-000535","SET-000535","Standard exact 1:1 match across order, payment, settlement, and invoice within T+1 SLA."
GT-000536,ORD-000536,EXACT_MATCH,MATCHED,AUTO_RESOLVED,EXACT_1TO1_MATCH_VERIFIED,False,False,HIGH,0.00,"PAY-000536","SET-000536","Standard exact 1:1 match across order, payment, settlement, and invoice within T+1 SLA."
GT-000537,ORD-000537,EXACT_MATCH,MATCHED,AUTO_RESOLVED,EXACT_1TO1_MATCH_VERIFIED,False,False,HIGH,0.00,"PAY-000537","SET-000537","Standard exact 1:1 match across order, payment, settlement, and invoice within T+1 SLA."
GT-000538,ORD-000538,EXACT_MATCH,MATCHED,AUTO_RESOLVED,EXACT_1TO1_MATCH_VERIFIED,False,False,HIGH,0.00,"PAY-000538","SET-000538","Standard exact 1:1 match across order, payment, settlement, and invoice within T+1 SLA."
GT-000539,ORD-000539,EXACT_MATCH,MATCHED,AUTO_RESOLVED,EXACT_1TO1_MATCH_VERIFIED,False,False,HIGH,0.00,"PAY-000539","SET-000539","Standard exact 1:1 match across order, payment, settlement, and invoice within T+1 SLA."
GT-000540,ORD-000540,EXACT_MATCH,MATCHED,AUTO_RESOLVED,EXACT_1TO1_MATCH_VERIFIED,False,False,HIGH,0.00,"PAY-000540","SET-000540","Standard exact 1:1 match across order, payment, settlement, and invoice within T+1 SLA."
GT-000541,ORD-000541,EXACT_MATCH,MATCHED,AUTO_RESOLVED,EXACT_1TO1_MATCH_VERIFIED,False,False,HIGH,0.00,"PAY-000541","SET-000541","Standard exact 1:1 match across order, payment, settlement, and invoice within T+1 SLA."
GT-000542,ORD-000542,EXACT_MATCH,MATCHED,AUTO_RESOLVED,EXACT_1TO1_MATCH_VERIFIED,False,False,HIGH,0.00,"PAY-000542","SET-000542","Standard exact 1:1 match across order, payment, settlement, and invoice within T+1 SLA."
GT-000543,ORD-000543,EXACT_MATCH,MATCHED,AUTO_RESOLVED,EXACT_1TO1_MATCH_VERIFIED,False,False,HIGH,0.00,"PAY-000543","SET-000543","Standard exact 1:1 match across order, payment, settlement, and invoice within T+1 SLA."
GT-000544,ORD-000544,EXACT_MATCH,MATCHED,AUTO_RESOLVED,EXACT_1TO1_MATCH_VERIFIED,False,False,HIGH,0.00,"PAY-000544","SET-000544","Standard exact 1:1 match across order, payment, settlement, and invoice within T+1 SLA."
GT-000545,ORD-000545,EXACT_MATCH,MATCHED,AUTO_RESOLVED,EXACT_1TO1_MATCH_VERIFIED,False,False,HIGH,0.00,"PAY-000545","SET-000545","Standard exact 1:1 match across order, payment, settlement, and invoice within T+1 SLA."
GT-000546,ORD-000546,EXACT_MATCH,MATCHED,AUTO_RESOLVED,EXACT_1TO1_MATCH_VERIFIED,False,False,HIGH,0.00,"PAY-000546","SET-000546","Standard exact 1:1 match across order, payment, settlement, and invoice within T+1 SLA."
GT-000547,ORD-000547,EXACT_MATCH,MATCHED,AUTO_RESOLVED,EXACT_1TO1_MATCH_VERIFIED,False,False,HIGH,0.00,"PAY-000547","SET-000547","Standard exact 1:1 match across order, payment, settlement, and invoice within T+1 SLA."
GT-000548,ORD-000548,EXACT_MATCH,MATCHED,AUTO_RESOLVED,EXACT_1TO1_MATCH_VERIFIED,False,False,HIGH,0.00,"PAY-000548","SET-000548","Standard exact 1:1 match across order, payment, settlement, and invoice within T+1 SLA."
GT-000549,ORD-000549,EXACT_MATCH,MATCHED,AUTO_RESOLVED,EXACT_1TO1_MATCH_VERIFIED,False,False,HIGH,0.00,"PAY-000549","SET-000549","Standard exact 1:1 match across order, payment, settlement, and invoice within T+1 SLA."
GT-000550,ORD-000550,EXACT_MATCH,MATCHED,AUTO_RESOLVED,EXACT_1TO1_MATCH_VERIFIED,False,False,HIGH,0.00,"PAY-000550","SET-000550","Standard exact 1:1 match across order, payment, settlement, and invoice within T+1 SLA."
GT-000551,ORD-000551,EXACT_MATCH,MATCHED,AUTO_RESOLVED,EXACT_1TO1_MATCH_VERIFIED,False,False,HIGH,0.00,"PAY-000551","SET-000551","Standard exact 1:1 match across order, payment, settlement, and invoice within T+1 SLA."
GT-000552,ORD-000552,EXACT_MATCH,MATCHED,AUTO_RESOLVED,EXACT_1TO1_MATCH_VERIFIED,False,False,HIGH,0.00,"PAY-000552","SET-000552","Standard exact 1:1 match across order, payment, settlement, and invoice within T+1 SLA."
GT-000553,ORD-000553,EXACT_MATCH,MATCHED,AUTO_RESOLVED,EXACT_1TO1_MATCH_VERIFIED,False,False,HIGH,0.00,"PAY-000553","SET-000553","Standard exact 1:1 match across order, payment, settlement, and invoice within T+1 SLA."
GT-000554,ORD-000554,EXACT_MATCH,MATCHED,AUTO_RESOLVED,EXACT_1TO1_MATCH_VERIFIED,False,False,HIGH,0.00,"PAY-000554","SET-000554","Standard exact 1:1 match across order, payment, settlement, and invoice within T+1 SLA."
GT-000555,ORD-000555,EXACT_MATCH,MATCHED,AUTO_RESOLVED,EXACT_1TO1_MATCH_VERIFIED,False,False,HIGH,0.00,"PAY-000555","SET-000555","Standard exact 1:1 match across order, payment, settlement, and invoice within T+1 SLA."
GT-000556,ORD-000556,EXACT_MATCH,MATCHED,AUTO_RESOLVED,EXACT_1TO1_MATCH_VERIFIED,False,False,HIGH,0.00,"PAY-000556","SET-000556","Standard exact 1:1 match across order, payment, settlement, and invoice within T+1 SLA."
GT-000557,ORD-000557,EXACT_MATCH,MATCHED,AUTO_RESOLVED,EXACT_1TO1_MATCH_VERIFIED,False,False,HIGH,0.00,"PAY-000557","SET-000557","Standard exact 1:1 match across order, payment, settlement, and invoice within T+1 SLA."
GT-000558,ORD-000558,EXACT_MATCH,MATCHED,AUTO_RESOLVED,EXACT_1TO1_MATCH_VERIFIED,False,False,HIGH,0.00,"PAY-000558","SET-000558","Standard exact 1:1 match across order, payment, settlement, and invoice within T+1 SLA."
GT-000559,ORD-000559,EXACT_MATCH,MATCHED,AUTO_RESOLVED,EXACT_1TO1_MATCH_VERIFIED,False,False,HIGH,0.00,"PAY-000559","SET-000559","Standard exact 1:1 match across order, payment, settlement, and invoice within T+1 SLA."
GT-000560,ORD-000560,EXACT_MATCH,MATCHED,AUTO_RESOLVED,EXACT_1TO1_MATCH_VERIFIED,False,False,HIGH,0.00,"PAY-000560","SET-000560","Standard exact 1:1 match across order, payment, settlement, and invoice within T+1 SLA."
GT-000561,ORD-000561,EXACT_MATCH,MATCHED,AUTO_RESOLVED,EXACT_1TO1_MATCH_VERIFIED,False,False,HIGH,0.00,"PAY-000561","SET-000561","Standard exact 1:1 match across order, payment, settlement, and invoice within T+1 SLA."
GT-000562,ORD-000562,EXACT_MATCH,MATCHED,AUTO_RESOLVED,EXACT_1TO1_MATCH_VERIFIED,False,False,HIGH,0.00,"PAY-000562","SET-000562","Standard exact 1:1 match across order, payment, settlement, and invoice within T+1 SLA."
GT-000563,ORD-000563,EXACT_MATCH,MATCHED,AUTO_RESOLVED,EXACT_1TO1_MATCH_VERIFIED,False,False,HIGH,0.00,"PAY-000563","SET-000563","Standard exact 1:1 match across order, payment, settlement, and invoice within T+1 SLA."
GT-000564,ORD-000564,EXACT_MATCH,MATCHED,AUTO_RESOLVED,EXACT_1TO1_MATCH_VERIFIED,False,False,HIGH,0.00,"PAY-000564","SET-000564","Standard exact 1:1 match across order, payment, settlement, and invoice within T+1 SLA."
GT-000565,ORD-000565,EXACT_MATCH,MATCHED,AUTO_RESOLVED,EXACT_1TO1_MATCH_VERIFIED,False,False,HIGH,0.00,"PAY-000565","SET-000565","Standard exact 1:1 match across order, payment, settlement, and invoice within T+1 SLA."
GT-000566,ORD-000566,EXACT_MATCH,MATCHED,AUTO_RESOLVED,EXACT_1TO1_MATCH_VERIFIED,False,False,HIGH,0.00,"PAY-000566","SET-000566","Standard exact 1:1 match across order, payment, settlement, and invoice within T+1 SLA."
GT-000567,ORD-000567,EXACT_MATCH,MATCHED,AUTO_RESOLVED,EXACT_1TO1_MATCH_VERIFIED,False,False,HIGH,0.00,"PAY-000567","SET-000567","Standard exact 1:1 match across order, payment, settlement, and invoice within T+1 SLA."
GT-000568,ORD-000568,EXACT_MATCH,MATCHED,AUTO_RESOLVED,EXACT_1TO1_MATCH_VERIFIED,False,False,HIGH,0.00,"PAY-000568","SET-000568","Standard exact 1:1 match across order, payment, settlement, and invoice within T+1 SLA."
GT-000569,ORD-000569,EXACT_MATCH,MATCHED,AUTO_RESOLVED,EXACT_1TO1_MATCH_VERIFIED,False,False,HIGH,0.00,"PAY-000569","SET-000569","Standard exact 1:1 match across order, payment, settlement, and invoice within T+1 SLA."
GT-000570,ORD-000570,EXACT_MATCH,MATCHED,AUTO_RESOLVED,EXACT_1TO1_MATCH_VERIFIED,False,False,HIGH,0.00,"PAY-000570","SET-000570","Standard exact 1:1 match across order, payment, settlement, and invoice within T+1 SLA."
GT-000571,ORD-000571,EXACT_MATCH,MATCHED,AUTO_RESOLVED,EXACT_1TO1_MATCH_VERIFIED,False,False,HIGH,0.00,"PAY-000571","SET-000571","Standard exact 1:1 match across order, payment, settlement, and invoice within T+1 SLA."
GT-000572,ORD-000572,EXACT_MATCH,MATCHED,AUTO_RESOLVED,EXACT_1TO1_MATCH_VERIFIED,False,False,HIGH,0.00,"PAY-000572","SET-000572","Standard exact 1:1 match across order, payment, settlement, and invoice within T+1 SLA."
GT-000573,ORD-000573,EXACT_MATCH,MATCHED,AUTO_RESOLVED,EXACT_1TO1_MATCH_VERIFIED,False,False,HIGH,0.00,"PAY-000573","SET-000573","Standard exact 1:1 match across order, payment, settlement, and invoice within T+1 SLA."
GT-000574,ORD-000574,EXACT_MATCH,MATCHED,AUTO_RESOLVED,EXACT_1TO1_MATCH_VERIFIED,False,False,HIGH,0.00,"PAY-000574","SET-000574","Standard exact 1:1 match across order, payment, settlement, and invoice within T+1 SLA."
GT-000575,ORD-000575,EXACT_MATCH,MATCHED,AUTO_RESOLVED,EXACT_1TO1_MATCH_VERIFIED,False,False,HIGH,0.00,"PAY-000575","SET-000575","Standard exact 1:1 match across order, payment, settlement, and invoice within T+1 SLA."
GT-000576,ORD-000576,EXACT_MATCH,MATCHED,AUTO_RESOLVED,EXACT_1TO1_MATCH_VERIFIED,False,False,HIGH,0.00,"PAY-000576","SET-000576","Standard exact 1:1 match across order, payment, settlement, and invoice within T+1 SLA."
GT-000577,ORD-000577,EXACT_MATCH,MATCHED,AUTO_RESOLVED,EXACT_1TO1_MATCH_VERIFIED,False,False,HIGH,0.00,"PAY-000577","SET-000577","Standard exact 1:1 match across order, payment, settlement, and invoice within T+1 SLA."
GT-000578,ORD-000578,EXACT_MATCH,MATCHED,AUTO_RESOLVED,EXACT_1TO1_MATCH_VERIFIED,False,False,HIGH,0.00,"PAY-000578","SET-000578","Standard exact 1:1 match across order, payment, settlement, and invoice within T+1 SLA."
GT-000579,ORD-000579,EXACT_MATCH,MATCHED,AUTO_RESOLVED,EXACT_1TO1_MATCH_VERIFIED,False,False,HIGH,0.00,"PAY-000579","SET-000579","Standard exact 1:1 match across order, payment, settlement, and invoice within T+1 SLA."
GT-000580,ORD-000580,EXACT_MATCH,MATCHED,AUTO_RESOLVED,EXACT_1TO1_MATCH_VERIFIED,False,False,HIGH,0.00,"PAY-000580","SET-000580","Standard exact 1:1 match across order, payment, settlement, and invoice within T+1 SLA."
GT-000581,ORD-000581,EXACT_MATCH,MATCHED,AUTO_RESOLVED,EXACT_1TO1_MATCH_VERIFIED,False,False,HIGH,0.00,"PAY-000581","SET-000581","Standard exact 1:1 match across order, payment, settlement, and invoice within T+1 SLA."
GT-000582,ORD-000582,EXACT_MATCH,MATCHED,AUTO_RESOLVED,EXACT_1TO1_MATCH_VERIFIED,False,False,HIGH,0.00,"PAY-000582","SET-000582","Standard exact 1:1 match across order, payment, settlement, and invoice within T+1 SLA."
GT-000583,ORD-000583,EXACT_MATCH,MATCHED,AUTO_RESOLVED,EXACT_1TO1_MATCH_VERIFIED,False,False,HIGH,0.00,"PAY-000583","SET-000583","Standard exact 1:1 match across order, payment, settlement, and invoice within T+1 SLA."
GT-000584,ORD-000584,EXACT_MATCH,MATCHED,AUTO_RESOLVED,EXACT_1TO1_MATCH_VERIFIED,False,False,HIGH,0.00,"PAY-000584","SET-000584","Standard exact 1:1 match across order, payment, settlement, and invoice within T+1 SLA."
GT-000585,ORD-000585,EXACT_MATCH,MATCHED,AUTO_RESOLVED,EXACT_1TO1_MATCH_VERIFIED,False,False,HIGH,0.00,"PAY-000585","SET-000585","Standard exact 1:1 match across order, payment, settlement, and invoice within T+1 SLA."
GT-000586,ORD-000586,EXACT_MATCH,MATCHED,AUTO_RESOLVED,EXACT_1TO1_MATCH_VERIFIED,False,False,HIGH,0.00,"PAY-000586","SET-000586","Standard exact 1:1 match across order, payment, settlement, and invoice within T+1 SLA."
GT-000587,ORD-000587,EXACT_MATCH,MATCHED,AUTO_RESOLVED,EXACT_1TO1_MATCH_VERIFIED,False,False,HIGH,0.00,"PAY-000587","SET-000587","Standard exact 1:1 match across order, payment, settlement, and invoice within T+1 SLA."
GT-000588,ORD-000588,EXACT_MATCH,MATCHED,AUTO_RESOLVED,EXACT_1TO1_MATCH_VERIFIED,False,False,HIGH,0.00,"PAY-000588","SET-000588","Standard exact 1:1 match across order, payment, settlement, and invoice within T+1 SLA."
GT-000589,ORD-000589,EXACT_MATCH,MATCHED,AUTO_RESOLVED,EXACT_1TO1_MATCH_VERIFIED,False,False,HIGH,0.00,"PAY-000589","SET-000589","Standard exact 1:1 match across order, payment, settlement, and invoice within T+1 SLA."
GT-000590,ORD-000590,EXACT_MATCH,MATCHED,AUTO_RESOLVED,EXACT_1TO1_MATCH_VERIFIED,False,False,HIGH,0.00,"PAY-000590","SET-000590","Standard exact 1:1 match across order, payment, settlement, and invoice within T+1 SLA."
GT-000591,ORD-000591,EXACT_MATCH,MATCHED,AUTO_RESOLVED,EXACT_1TO1_MATCH_VERIFIED,False,False,HIGH,0.00,"PAY-000591","SET-000591","Standard exact 1:1 match across order, payment, settlement, and invoice within T+1 SLA."
GT-000592,ORD-000592,EXACT_MATCH,MATCHED,AUTO_RESOLVED,EXACT_1TO1_MATCH_VERIFIED,False,False,HIGH,0.00,"PAY-000592","SET-000592","Standard exact 1:1 match across order, payment, settlement, and invoice within T+1 SLA."
GT-000593,ORD-000593,EXACT_MATCH,MATCHED,AUTO_RESOLVED,EXACT_1TO1_MATCH_VERIFIED,False,False,HIGH,0.00,"PAY-000593","SET-000593","Standard exact 1:1 match across order, payment, settlement, and invoice within T+1 SLA."
GT-000594,ORD-000594,EXACT_MATCH,MATCHED,AUTO_RESOLVED,EXACT_1TO1_MATCH_VERIFIED,False,False,HIGH,0.00,"PAY-000594","SET-000594","Standard exact 1:1 match across order, payment, settlement, and invoice within T+1 SLA."
GT-000595,ORD-000595,EXACT_MATCH,MATCHED,AUTO_RESOLVED,EXACT_1TO1_MATCH_VERIFIED,False,False,HIGH,0.00,"PAY-000595","SET-000595","Standard exact 1:1 match across order, payment, settlement, and invoice within T+1 SLA."
GT-000596,ORD-000596,EXACT_MATCH,MATCHED,AUTO_RESOLVED,EXACT_1TO1_MATCH_VERIFIED,False,False,HIGH,0.00,"PAY-000596","SET-000596","Standard exact 1:1 match across order, payment, settlement, and invoice within T+1 SLA."
GT-000597,ORD-000597,EXACT_MATCH,MATCHED,AUTO_RESOLVED,EXACT_1TO1_MATCH_VERIFIED,False,False,HIGH,0.00,"PAY-000597","SET-000597","Standard exact 1:1 match across order, payment, settlement, and invoice within T+1 SLA."
GT-000598,ORD-000598,EXACT_MATCH,MATCHED,AUTO_RESOLVED,EXACT_1TO1_MATCH_VERIFIED,False,False,HIGH,0.00,"PAY-000598","SET-000598","Standard exact 1:1 match across order, payment, settlement, and invoice within T+1 SLA."
GT-000599,ORD-000599,EXACT_MATCH,MATCHED,AUTO_RESOLVED,EXACT_1TO1_MATCH_VERIFIED,False,False,HIGH,0.00,"PAY-000599","SET-000599","Standard exact 1:1 match across order, payment, settlement, and invoice within T+1 SLA."
GT-000600,ORD-000600,EXACT_MATCH,MATCHED,AUTO_RESOLVED,EXACT_1TO1_MATCH_VERIFIED,False,False,HIGH,0.00,"PAY-000600","SET-000600","Standard exact 1:1 match across order, payment, settlement, and invoice within T+1 SLA."
GT-000601,ORD-000601,EXACT_MATCH,MATCHED,AUTO_RESOLVED,EXACT_1TO1_MATCH_VERIFIED,False,False,HIGH,0.00,"PAY-000601","SET-000601","Standard exact 1:1 match across order, payment, settlement, and invoice within T+1 SLA."
GT-000602,ORD-000602,EXACT_MATCH,MATCHED,AUTO_RESOLVED,EXACT_1TO1_MATCH_VERIFIED,False,False,HIGH,0.00,"PAY-000602","SET-000602","Standard exact 1:1 match across order, payment, settlement, and invoice within T+1 SLA."
GT-000603,ORD-000603,EXACT_MATCH,MATCHED,AUTO_RESOLVED,EXACT_1TO1_MATCH_VERIFIED,False,False,HIGH,0.00,"PAY-000603","SET-000603","Standard exact 1:1 match across order, payment, settlement, and invoice within T+1 SLA."
GT-000604,ORD-000604,EXACT_MATCH,MATCHED,AUTO_RESOLVED,EXACT_1TO1_MATCH_VERIFIED,False,False,HIGH,0.00,"PAY-000604","SET-000604","Standard exact 1:1 match across order, payment, settlement, and invoice within T+1 SLA."
GT-000605,ORD-000605,EXACT_MATCH,MATCHED,AUTO_RESOLVED,EXACT_1TO1_MATCH_VERIFIED,False,False,HIGH,0.00,"PAY-000605","SET-000605","Standard exact 1:1 match across order, payment, settlement, and invoice within T+1 SLA."
GT-000606,ORD-000606,EXACT_MATCH,MATCHED,AUTO_RESOLVED,EXACT_1TO1_MATCH_VERIFIED,False,False,HIGH,0.00,"PAY-000606","SET-000606","Standard exact 1:1 match across order, payment, settlement, and invoice within T+1 SLA."
GT-000607,ORD-000607,EXACT_MATCH,MATCHED,AUTO_RESOLVED,EXACT_1TO1_MATCH_VERIFIED,False,False,HIGH,0.00,"PAY-000607","SET-000607","Standard exact 1:1 match across order, payment, settlement, and invoice within T+1 SLA."
GT-000608,ORD-000608,EXACT_MATCH,MATCHED,AUTO_RESOLVED,EXACT_1TO1_MATCH_VERIFIED,False,False,HIGH,0.00,"PAY-000608","SET-000608","Standard exact 1:1 match across order, payment, settlement, and invoice within T+1 SLA."
GT-000609,ORD-000609,EXACT_MATCH,MATCHED,AUTO_RESOLVED,EXACT_1TO1_MATCH_VERIFIED,False,False,HIGH,0.00,"PAY-000609","SET-000609","Standard exact 1:1 match across order, payment, settlement, and invoice within T+1 SLA."
GT-000610,ORD-000610,EXACT_MATCH,MATCHED,AUTO_RESOLVED,EXACT_1TO1_MATCH_VERIFIED,False,False,HIGH,0.00,"PAY-000610","SET-000610","Standard exact 1:1 match across order, payment, settlement, and invoice within T+1 SLA."
GT-000611,ORD-000611,EXACT_MATCH,MATCHED,AUTO_RESOLVED,EXACT_1TO1_MATCH_VERIFIED,False,False,HIGH,0.00,"PAY-000611","SET-000611","Standard exact 1:1 match across order, payment, settlement, and invoice within T+1 SLA."
GT-000612,ORD-000612,EXACT_MATCH,MATCHED,AUTO_RESOLVED,EXACT_1TO1_MATCH_VERIFIED,False,False,HIGH,0.00,"PAY-000612","SET-000612","Standard exact 1:1 match across order, payment, settlement, and invoice within T+1 SLA."
GT-000613,ORD-000613,EXACT_MATCH,MATCHED,AUTO_RESOLVED,EXACT_1TO1_MATCH_VERIFIED,False,False,HIGH,0.00,"PAY-000613","SET-000613","Standard exact 1:1 match across order, payment, settlement, and invoice within T+1 SLA."
GT-000614,ORD-000614,EXACT_MATCH,MATCHED,AUTO_RESOLVED,EXACT_1TO1_MATCH_VERIFIED,False,False,HIGH,0.00,"PAY-000614","SET-000614","Standard exact 1:1 match across order, payment, settlement, and invoice within T+1 SLA."
GT-000615,ORD-000615,EXACT_MATCH,MATCHED,AUTO_RESOLVED,EXACT_1TO1_MATCH_VERIFIED,False,False,HIGH,0.00,"PAY-000615","SET-000615","Standard exact 1:1 match across order, payment, settlement, and invoice within T+1 SLA."
GT-000616,ORD-000616,EXACT_MATCH,MATCHED,AUTO_RESOLVED,EXACT_1TO1_MATCH_VERIFIED,False,False,HIGH,0.00,"PAY-000616","SET-000616","Standard exact 1:1 match across order, payment, settlement, and invoice within T+1 SLA."
GT-000617,ORD-000617,EXACT_MATCH,MATCHED,AUTO_RESOLVED,EXACT_1TO1_MATCH_VERIFIED,False,False,HIGH,0.00,"PAY-000617","SET-000617","Standard exact 1:1 match across order, payment, settlement, and invoice within T+1 SLA."
GT-000618,ORD-000618,EXACT_MATCH,MATCHED,AUTO_RESOLVED,EXACT_1TO1_MATCH_VERIFIED,False,False,HIGH,0.00,"PAY-000618","SET-000618","Standard exact 1:1 match across order, payment, settlement, and invoice within T+1 SLA."
GT-000619,ORD-000619,EXACT_MATCH,MATCHED,AUTO_RESOLVED,EXACT_1TO1_MATCH_VERIFIED,False,False,HIGH,0.00,"PAY-000619","SET-000619","Standard exact 1:1 match across order, payment, settlement, and invoice within T+1 SLA."
GT-000620,ORD-000620,EXACT_MATCH,MATCHED,AUTO_RESOLVED,EXACT_1TO1_MATCH_VERIFIED,False,False,HIGH,0.00,"PAY-000620","SET-000620","Standard exact 1:1 match across order, payment, settlement, and invoice within T+1 SLA."
GT-000621,ORD-000621,EXACT_MATCH,MATCHED,AUTO_RESOLVED,EXACT_1TO1_MATCH_VERIFIED,False,False,HIGH,0.00,"PAY-000621","SET-000621","Standard exact 1:1 match across order, payment, settlement, and invoice within T+1 SLA."
GT-000622,ORD-000622,EXACT_MATCH,MATCHED,AUTO_RESOLVED,EXACT_1TO1_MATCH_VERIFIED,False,False,HIGH,0.00,"PAY-000622","SET-000622","Standard exact 1:1 match across order, payment, settlement, and invoice within T+1 SLA."
GT-000623,ORD-000623,EXACT_MATCH,MATCHED,AUTO_RESOLVED,EXACT_1TO1_MATCH_VERIFIED,False,False,HIGH,0.00,"PAY-000623","SET-000623","Standard exact 1:1 match across order, payment, settlement, and invoice within T+1 SLA."
GT-000624,ORD-000624,EXACT_MATCH,MATCHED,AUTO_RESOLVED,EXACT_1TO1_MATCH_VERIFIED,False,False,HIGH,0.00,"PAY-000624","SET-000624","Standard exact 1:1 match across order, payment, settlement, and invoice within T+1 SLA."
GT-000625,ORD-000625,EXACT_MATCH,MATCHED,AUTO_RESOLVED,EXACT_1TO1_MATCH_VERIFIED,False,False,HIGH,0.00,"PAY-000625","SET-000625","Standard exact 1:1 match across order, payment, settlement, and invoice within T+1 SLA."
GT-000626,ORD-000626,EXACT_MATCH,MATCHED,AUTO_RESOLVED,EXACT_1TO1_MATCH_VERIFIED,False,False,HIGH,0.00,"PAY-000626","SET-000626","Standard exact 1:1 match across order, payment, settlement, and invoice within T+1 SLA."
GT-000627,ORD-000627,EXACT_MATCH,MATCHED,AUTO_RESOLVED,EXACT_1TO1_MATCH_VERIFIED,False,False,HIGH,0.00,"PAY-000627","SET-000627","Standard exact 1:1 match across order, payment, settlement, and invoice within T+1 SLA."
GT-000628,ORD-000628,EXACT_MATCH,MATCHED,AUTO_RESOLVED,EXACT_1TO1_MATCH_VERIFIED,False,False,HIGH,0.00,"PAY-000628","SET-000628","Standard exact 1:1 match across order, payment, settlement, and invoice within T+1 SLA."
GT-000629,ORD-000629,EXACT_MATCH,MATCHED,AUTO_RESOLVED,EXACT_1TO1_MATCH_VERIFIED,False,False,HIGH,0.00,"PAY-000629","SET-000629","Standard exact 1:1 match across order, payment, settlement, and invoice within T+1 SLA."
GT-000630,ORD-000630,EXACT_MATCH,MATCHED,AUTO_RESOLVED,EXACT_1TO1_MATCH_VERIFIED,False,False,HIGH,0.00,"PAY-000630","SET-000630","Standard exact 1:1 match across order, payment, settlement, and invoice within T+1 SLA."
GT-000631,ORD-000631,EXACT_MATCH,MATCHED,AUTO_RESOLVED,EXACT_1TO1_MATCH_VERIFIED,False,False,HIGH,0.00,"PAY-000631","SET-000631","Standard exact 1:1 match across order, payment, settlement, and invoice within T+1 SLA."
GT-000632,ORD-000632,EXACT_MATCH,MATCHED,AUTO_RESOLVED,EXACT_1TO1_MATCH_VERIFIED,False,False,HIGH,0.00,"PAY-000632","SET-000632","Standard exact 1:1 match across order, payment, settlement, and invoice within T+1 SLA."
GT-000633,ORD-000633,EXACT_MATCH,MATCHED,AUTO_RESOLVED,EXACT_1TO1_MATCH_VERIFIED,False,False,HIGH,0.00,"PAY-000633","SET-000633","Standard exact 1:1 match across order, payment, settlement, and invoice within T+1 SLA."
GT-000634,ORD-000634,EXACT_MATCH,MATCHED,AUTO_RESOLVED,EXACT_1TO1_MATCH_VERIFIED,False,False,HIGH,0.00,"PAY-000634","SET-000634","Standard exact 1:1 match across order, payment, settlement, and invoice within T+1 SLA."
GT-000635,ORD-000635,EXACT_MATCH,MATCHED,AUTO_RESOLVED,EXACT_1TO1_MATCH_VERIFIED,False,False,HIGH,0.00,"PAY-000635","SET-000635","Standard exact 1:1 match across order, payment, settlement, and invoice within T+1 SLA."
GT-000636,ORD-000636,EXACT_MATCH,MATCHED,AUTO_RESOLVED,EXACT_1TO1_MATCH_VERIFIED,False,False,HIGH,0.00,"PAY-000636","SET-000636","Standard exact 1:1 match across order, payment, settlement, and invoice within T+1 SLA."
GT-000637,ORD-000637,EXACT_MATCH,MATCHED,AUTO_RESOLVED,EXACT_1TO1_MATCH_VERIFIED,False,False,HIGH,0.00,"PAY-000637","SET-000637","Standard exact 1:1 match across order, payment, settlement, and invoice within T+1 SLA."
GT-000638,ORD-000638,EXACT_MATCH,MATCHED,AUTO_RESOLVED,EXACT_1TO1_MATCH_VERIFIED,False,False,HIGH,0.00,"PAY-000638","SET-000638","Standard exact 1:1 match across order, payment, settlement, and invoice within T+1 SLA."
GT-000639,ORD-000639,EXACT_MATCH,MATCHED,AUTO_RESOLVED,EXACT_1TO1_MATCH_VERIFIED,False,False,HIGH,0.00,"PAY-000639","SET-000639","Standard exact 1:1 match across order, payment, settlement, and invoice within T+1 SLA."
GT-000640,ORD-000640,EXACT_MATCH,MATCHED,AUTO_RESOLVED,EXACT_1TO1_MATCH_VERIFIED,False,False,HIGH,0.00,"PAY-000640","SET-000640","Standard exact 1:1 match across order, payment, settlement, and invoice within T+1 SLA."
GT-000641,ORD-000641,EXACT_MATCH,MATCHED,AUTO_RESOLVED,EXACT_1TO1_MATCH_VERIFIED,False,False,HIGH,0.00,"PAY-000641","SET-000641","Standard exact 1:1 match across order, payment, settlement, and invoice within T+1 SLA."
GT-000642,ORD-000642,EXACT_MATCH,MATCHED,AUTO_RESOLVED,EXACT_1TO1_MATCH_VERIFIED,False,False,HIGH,0.00,"PAY-000642","SET-000642","Standard exact 1:1 match across order, payment, settlement, and invoice within T+1 SLA."
GT-000643,ORD-000643,EXACT_MATCH,MATCHED,AUTO_RESOLVED,EXACT_1TO1_MATCH_VERIFIED,False,False,HIGH,0.00,"PAY-000643","SET-000643","Standard exact 1:1 match across order, payment, settlement, and invoice within T+1 SLA."
GT-000644,ORD-000644,EXACT_MATCH,MATCHED,AUTO_RESOLVED,EXACT_1TO1_MATCH_VERIFIED,False,False,HIGH,0.00,"PAY-000644","SET-000644","Standard exact 1:1 match across order, payment, settlement, and invoice within T+1 SLA."
GT-000645,ORD-000645,EXACT_MATCH,MATCHED,AUTO_RESOLVED,EXACT_1TO1_MATCH_VERIFIED,False,False,HIGH,0.00,"PAY-000645","SET-000645","Standard exact 1:1 match across order, payment, settlement, and invoice within T+1 SLA."
GT-000646,ORD-000646,EXACT_MATCH,MATCHED,AUTO_RESOLVED,EXACT_1TO1_MATCH_VERIFIED,False,False,HIGH,0.00,"PAY-000646","SET-000646","Standard exact 1:1 match across order, payment, settlement, and invoice within T+1 SLA."
GT-000647,ORD-000647,EXACT_MATCH,MATCHED,AUTO_RESOLVED,EXACT_1TO1_MATCH_VERIFIED,False,False,HIGH,0.00,"PAY-000647","SET-000647","Standard exact 1:1 match across order, payment, settlement, and invoice within T+1 SLA."
GT-000648,ORD-000648,EXACT_MATCH,MATCHED,AUTO_RESOLVED,EXACT_1TO1_MATCH_VERIFIED,False,False,HIGH,0.00,"PAY-000648","SET-000648","Standard exact 1:1 match across order, payment, settlement, and invoice within T+1 SLA."
GT-000649,ORD-000649,EXACT_MATCH,MATCHED,AUTO_RESOLVED,EXACT_1TO1_MATCH_VERIFIED,False,False,HIGH,0.00,"PAY-000649","SET-000649","Standard exact 1:1 match across order, payment, settlement, and invoice within T+1 SLA."
GT-000650,ORD-000650,EXACT_MATCH,MATCHED,AUTO_RESOLVED,EXACT_1TO1_MATCH_VERIFIED,False,False,HIGH,0.00,"PAY-000650","SET-000650","Standard exact 1:1 match across order, payment, settlement, and invoice within T+1 SLA."
GT-000651,ORD-000651,EXACT_MATCH,MATCHED,AUTO_RESOLVED,EXACT_1TO1_MATCH_VERIFIED,False,False,HIGH,0.00,"PAY-000651","SET-000651","Standard exact 1:1 match across order, payment, settlement, and invoice within T+1 SLA."
GT-000652,ORD-000652,EXACT_MATCH,MATCHED,AUTO_RESOLVED,EXACT_1TO1_MATCH_VERIFIED,False,False,HIGH,0.00,"PAY-000652","SET-000652","Standard exact 1:1 match across order, payment, settlement, and invoice within T+1 SLA."
GT-000653,ORD-000653,EXACT_MATCH,MATCHED,AUTO_RESOLVED,EXACT_1TO1_MATCH_VERIFIED,False,False,HIGH,0.00,"PAY-000653","SET-000653","Standard exact 1:1 match across order, payment, settlement, and invoice within T+1 SLA."
GT-000654,ORD-000654,EXACT_MATCH,MATCHED,AUTO_RESOLVED,EXACT_1TO1_MATCH_VERIFIED,False,False,HIGH,0.00,"PAY-000654","SET-000654","Standard exact 1:1 match across order, payment, settlement, and invoice within T+1 SLA."
GT-000655,ORD-000655,EXACT_MATCH,MATCHED,AUTO_RESOLVED,EXACT_1TO1_MATCH_VERIFIED,False,False,HIGH,0.00,"PAY-000655","SET-000655","Standard exact 1:1 match across order, payment, settlement, and invoice within T+1 SLA."
GT-000656,ORD-000656,EXACT_MATCH,MATCHED,AUTO_RESOLVED,EXACT_1TO1_MATCH_VERIFIED,False,False,HIGH,0.00,"PAY-000656","SET-000656","Standard exact 1:1 match across order, payment, settlement, and invoice within T+1 SLA."
GT-000657,ORD-000657,EXACT_MATCH,MATCHED,AUTO_RESOLVED,EXACT_1TO1_MATCH_VERIFIED,False,False,HIGH,0.00,"PAY-000657","SET-000657","Standard exact 1:1 match across order, payment, settlement, and invoice within T+1 SLA."
GT-000658,ORD-000658,EXACT_MATCH,MATCHED,AUTO_RESOLVED,EXACT_1TO1_MATCH_VERIFIED,False,False,HIGH,0.00,"PAY-000658","SET-000658","Standard exact 1:1 match across order, payment, settlement, and invoice within T+1 SLA."
GT-000659,ORD-000659,EXACT_MATCH,MATCHED,AUTO_RESOLVED,EXACT_1TO1_MATCH_VERIFIED,False,False,HIGH,0.00,"PAY-000659","SET-000659","Standard exact 1:1 match across order, payment, settlement, and invoice within T+1 SLA."
GT-000660,ORD-000660,EXACT_MATCH,MATCHED,AUTO_RESOLVED,EXACT_1TO1_MATCH_VERIFIED,False,False,HIGH,0.00,"PAY-000660","SET-000660","Standard exact 1:1 match across order, payment, settlement, and invoice within T+1 SLA."
GT-000661,ORD-000661,EXACT_MATCH,MATCHED,AUTO_RESOLVED,EXACT_1TO1_MATCH_VERIFIED,False,False,HIGH,0.00,"PAY-000661","SET-000661","Standard exact 1:1 match across order, payment, settlement, and invoice within T+1 SLA."
GT-000662,ORD-000662,EXACT_MATCH,MATCHED,AUTO_RESOLVED,EXACT_1TO1_MATCH_VERIFIED,False,False,HIGH,0.00,"PAY-000662","SET-000662","Standard exact 1:1 match across order, payment, settlement, and invoice within T+1 SLA."
GT-000663,ORD-000663,EXACT_MATCH,MATCHED,AUTO_RESOLVED,EXACT_1TO1_MATCH_VERIFIED,False,False,HIGH,0.00,"PAY-000663","SET-000663","Standard exact 1:1 match across order, payment, settlement, and invoice within T+1 SLA."
GT-000664,ORD-000664,EXACT_MATCH,MATCHED,AUTO_RESOLVED,EXACT_1TO1_MATCH_VERIFIED,False,False,HIGH,0.00,"PAY-000664","SET-000664","Standard exact 1:1 match across order, payment, settlement, and invoice within T+1 SLA."
GT-000665,ORD-000665,EXACT_MATCH,MATCHED,AUTO_RESOLVED,EXACT_1TO1_MATCH_VERIFIED,False,False,HIGH,0.00,"PAY-000665","SET-000665","Standard exact 1:1 match across order, payment, settlement, and invoice within T+1 SLA."
GT-000666,ORD-000666,EXACT_MATCH,MATCHED,AUTO_RESOLVED,EXACT_1TO1_MATCH_VERIFIED,False,False,HIGH,0.00,"PAY-000666","SET-000666","Standard exact 1:1 match across order, payment, settlement, and invoice within T+1 SLA."
GT-000667,ORD-000667,EXACT_MATCH,MATCHED,AUTO_RESOLVED,EXACT_1TO1_MATCH_VERIFIED,False,False,HIGH,0.00,"PAY-000667","SET-000667","Standard exact 1:1 match across order, payment, settlement, and invoice within T+1 SLA."
GT-000668,ORD-000668,EXACT_MATCH,MATCHED,AUTO_RESOLVED,EXACT_1TO1_MATCH_VERIFIED,False,False,HIGH,0.00,"PAY-000668","SET-000668","Standard exact 1:1 match across order, payment, settlement, and invoice within T+1 SLA."
GT-000669,ORD-000669,EXACT_MATCH,MATCHED,AUTO_RESOLVED,EXACT_1TO1_MATCH_VERIFIED,False,False,HIGH,0.00,"PAY-000669","SET-000669","Standard exact 1:1 match across order, payment, settlement, and invoice within T+1 SLA."
GT-000670,ORD-000670,EXACT_MATCH,MATCHED,AUTO_RESOLVED,EXACT_1TO1_MATCH_VERIFIED,False,False,HIGH,0.00,"PAY-000670","SET-000670","Standard exact 1:1 match across order, payment, settlement, and invoice within T+1 SLA."
GT-000671,ORD-000671,EXACT_MATCH,MATCHED,AUTO_RESOLVED,EXACT_1TO1_MATCH_VERIFIED,False,False,HIGH,0.00,"PAY-000671","SET-000671","Standard exact 1:1 match across order, payment, settlement, and invoice within T+1 SLA."
GT-000672,ORD-000672,EXACT_MATCH,MATCHED,AUTO_RESOLVED,EXACT_1TO1_MATCH_VERIFIED,False,False,HIGH,0.00,"PAY-000672","SET-000672","Standard exact 1:1 match across order, payment, settlement, and invoice within T+1 SLA."
GT-000673,ORD-000673,EXACT_MATCH,MATCHED,AUTO_RESOLVED,EXACT_1TO1_MATCH_VERIFIED,False,False,HIGH,0.00,"PAY-000673","SET-000673","Standard exact 1:1 match across order, payment, settlement, and invoice within T+1 SLA."
GT-000674,ORD-000674,EXACT_MATCH,MATCHED,AUTO_RESOLVED,EXACT_1TO1_MATCH_VERIFIED,False,False,HIGH,0.00,"PAY-000674","SET-000674","Standard exact 1:1 match across order, payment, settlement, and invoice within T+1 SLA."
GT-000675,ORD-000675,EXACT_MATCH,MATCHED,AUTO_RESOLVED,EXACT_1TO1_MATCH_VERIFIED,False,False,HIGH,0.00,"PAY-000675","SET-000675","Standard exact 1:1 match across order, payment, settlement, and invoice within T+1 SLA."
GT-000676,ORD-000676,EXACT_MATCH,MATCHED,AUTO_RESOLVED,EXACT_1TO1_MATCH_VERIFIED,False,False,HIGH,0.00,"PAY-000676","SET-000676","Standard exact 1:1 match across order, payment, settlement, and invoice within T+1 SLA."
GT-000677,ORD-000677,EXACT_MATCH,MATCHED,AUTO_RESOLVED,EXACT_1TO1_MATCH_VERIFIED,False,False,HIGH,0.00,"PAY-000677","SET-000677","Standard exact 1:1 match across order, payment, settlement, and invoice within T+1 SLA."
GT-000678,ORD-000678,EXACT_MATCH,MATCHED,AUTO_RESOLVED,EXACT_1TO1_MATCH_VERIFIED,False,False,HIGH,0.00,"PAY-000678","SET-000678","Standard exact 1:1 match across order, payment, settlement, and invoice within T+1 SLA."
GT-000679,ORD-000679,EXACT_MATCH,MATCHED,AUTO_RESOLVED,EXACT_1TO1_MATCH_VERIFIED,False,False,HIGH,0.00,"PAY-000679","SET-000679","Standard exact 1:1 match across order, payment, settlement, and invoice within T+1 SLA."
GT-000680,ORD-000680,EXACT_MATCH,MATCHED,AUTO_RESOLVED,EXACT_1TO1_MATCH_VERIFIED,False,False,HIGH,0.00,"PAY-000680","SET-000680","Standard exact 1:1 match across order, payment, settlement, and invoice within T+1 SLA."
GT-000681,ORD-000681,EXACT_MATCH,MATCHED,AUTO_RESOLVED,EXACT_1TO1_MATCH_VERIFIED,False,False,HIGH,0.00,"PAY-000681","SET-000681","Standard exact 1:1 match across order, payment, settlement, and invoice within T+1 SLA."
GT-000682,ORD-000682,EXACT_MATCH,MATCHED,AUTO_RESOLVED,EXACT_1TO1_MATCH_VERIFIED,False,False,HIGH,0.00,"PAY-000682","SET-000682","Standard exact 1:1 match across order, payment, settlement, and invoice within T+1 SLA."
GT-000683,ORD-000683,EXACT_MATCH,MATCHED,AUTO_RESOLVED,EXACT_1TO1_MATCH_VERIFIED,False,False,HIGH,0.00,"PAY-000683","SET-000683","Standard exact 1:1 match across order, payment, settlement, and invoice within T+1 SLA."
GT-000684,ORD-000684,EXACT_MATCH,MATCHED,AUTO_RESOLVED,EXACT_1TO1_MATCH_VERIFIED,False,False,HIGH,0.00,"PAY-000684","SET-000684","Standard exact 1:1 match across order, payment, settlement, and invoice within T+1 SLA."
GT-000685,ORD-000685,EXACT_MATCH,MATCHED,AUTO_RESOLVED,EXACT_1TO1_MATCH_VERIFIED,False,False,HIGH,0.00,"PAY-000685","SET-000685","Standard exact 1:1 match across order, payment, settlement, and invoice within T+1 SLA."
GT-000686,ORD-000686,EXACT_MATCH,MATCHED,AUTO_RESOLVED,EXACT_1TO1_MATCH_VERIFIED,False,False,HIGH,0.00,"PAY-000686","SET-000686","Standard exact 1:1 match across order, payment, settlement, and invoice within T+1 SLA."
GT-000687,ORD-000687,EXACT_MATCH,MATCHED,AUTO_RESOLVED,EXACT_1TO1_MATCH_VERIFIED,False,False,HIGH,0.00,"PAY-000687","SET-000687","Standard exact 1:1 match across order, payment, settlement, and invoice within T+1 SLA."
GT-000688,ORD-000688,EXACT_MATCH,MATCHED,AUTO_RESOLVED,EXACT_1TO1_MATCH_VERIFIED,False,False,HIGH,0.00,"PAY-000688","SET-000688","Standard exact 1:1 match across order, payment, settlement, and invoice within T+1 SLA."
GT-000689,ORD-000689,EXACT_MATCH,MATCHED,AUTO_RESOLVED,EXACT_1TO1_MATCH_VERIFIED,False,False,HIGH,0.00,"PAY-000689","SET-000689","Standard exact 1:1 match across order, payment, settlement, and invoice within T+1 SLA."
GT-000690,ORD-000690,EXACT_MATCH,MATCHED,AUTO_RESOLVED,EXACT_1TO1_MATCH_VERIFIED,False,False,HIGH,0.00,"PAY-000690","SET-000690","Standard exact 1:1 match across order, payment, settlement, and invoice within T+1 SLA."
GT-000691,ORD-000691,EXACT_MATCH,MATCHED,AUTO_RESOLVED,EXACT_1TO1_MATCH_VERIFIED,False,False,HIGH,0.00,"PAY-000691","SET-000691","Standard exact 1:1 match across order, payment, settlement, and invoice within T+1 SLA."
GT-000692,ORD-000692,EXACT_MATCH,MATCHED,AUTO_RESOLVED,EXACT_1TO1_MATCH_VERIFIED,False,False,HIGH,0.00,"PAY-000692","SET-000692","Standard exact 1:1 match across order, payment, settlement, and invoice within T+1 SLA."
GT-000693,ORD-000693,EXACT_MATCH,MATCHED,AUTO_RESOLVED,EXACT_1TO1_MATCH_VERIFIED,False,False,HIGH,0.00,"PAY-000693","SET-000693","Standard exact 1:1 match across order, payment, settlement, and invoice within T+1 SLA."
GT-000694,ORD-000694,EXACT_MATCH,MATCHED,AUTO_RESOLVED,EXACT_1TO1_MATCH_VERIFIED,False,False,HIGH,0.00,"PAY-000694","SET-000694","Standard exact 1:1 match across order, payment, settlement, and invoice within T+1 SLA."
GT-000695,ORD-000695,EXACT_MATCH,MATCHED,AUTO_RESOLVED,EXACT_1TO1_MATCH_VERIFIED,False,False,HIGH,0.00,"PAY-000695","SET-000695","Standard exact 1:1 match across order, payment, settlement, and invoice within T+1 SLA."
GT-000696,ORD-000696,EXACT_MATCH,MATCHED,AUTO_RESOLVED,EXACT_1TO1_MATCH_VERIFIED,False,False,HIGH,0.00,"PAY-000696","SET-000696","Standard exact 1:1 match across order, payment, settlement, and invoice within T+1 SLA."
GT-000697,ORD-000697,EXACT_MATCH,MATCHED,AUTO_RESOLVED,EXACT_1TO1_MATCH_VERIFIED,False,False,HIGH,0.00,"PAY-000697","SET-000697","Standard exact 1:1 match across order, payment, settlement, and invoice within T+1 SLA."
GT-000698,ORD-000698,EXACT_MATCH,MATCHED,AUTO_RESOLVED,EXACT_1TO1_MATCH_VERIFIED,False,False,HIGH,0.00,"PAY-000698","SET-000698","Standard exact 1:1 match across order, payment, settlement, and invoice within T+1 SLA."
GT-000699,ORD-000699,EXACT_MATCH,MATCHED,AUTO_RESOLVED,EXACT_1TO1_MATCH_VERIFIED,False,False,HIGH,0.00,"PAY-000699","SET-000699","Standard exact 1:1 match across order, payment, settlement, and invoice within T+1 SLA."
GT-000700,ORD-000700,EXACT_MATCH,MATCHED,AUTO_RESOLVED,EXACT_1TO1_MATCH_VERIFIED,False,False,HIGH,0.00,"PAY-000700","SET-000700","Standard exact 1:1 match across order, payment, settlement, and invoice within T+1 SLA."
GT-000701,ORD-000701,EXACT_MATCH,MATCHED,AUTO_RESOLVED,EXACT_1TO1_MATCH_VERIFIED,False,False,HIGH,0.00,"PAY-000701","SET-000701","Standard exact 1:1 match across order, payment, settlement, and invoice within T+1 SLA."
GT-000702,ORD-000702,EXACT_MATCH,MATCHED,AUTO_RESOLVED,EXACT_1TO1_MATCH_VERIFIED,False,False,HIGH,0.00,"PAY-000702","SET-000702","Standard exact 1:1 match across order, payment, settlement, and invoice within T+1 SLA."
GT-000703,ORD-000703,EXACT_MATCH,MATCHED,AUTO_RESOLVED,EXACT_1TO1_MATCH_VERIFIED,False,False,HIGH,0.00,"PAY-000703","SET-000703","Standard exact 1:1 match across order, payment, settlement, and invoice within T+1 SLA."
GT-000704,ORD-000704,EXACT_MATCH,MATCHED,AUTO_RESOLVED,EXACT_1TO1_MATCH_VERIFIED,False,False,HIGH,0.00,"PAY-000704","SET-000704","Standard exact 1:1 match across order, payment, settlement, and invoice within T+1 SLA."
GT-000705,ORD-000705,EXACT_MATCH,MATCHED,AUTO_RESOLVED,EXACT_1TO1_MATCH_VERIFIED,False,False,HIGH,0.00,"PAY-000705","SET-000705","Standard exact 1:1 match across order, payment, settlement, and invoice within T+1 SLA."
GT-000706,ORD-000706,EXACT_MATCH,MATCHED,AUTO_RESOLVED,EXACT_1TO1_MATCH_VERIFIED,False,False,HIGH,0.00,"PAY-000706","SET-000706","Standard exact 1:1 match across order, payment, settlement, and invoice within T+1 SLA."
GT-000707,ORD-000707,EXACT_MATCH,MATCHED,AUTO_RESOLVED,EXACT_1TO1_MATCH_VERIFIED,False,False,HIGH,0.00,"PAY-000707","SET-000707","Standard exact 1:1 match across order, payment, settlement, and invoice within T+1 SLA."
GT-000708,ORD-000708,EXACT_MATCH,MATCHED,AUTO_RESOLVED,EXACT_1TO1_MATCH_VERIFIED,False,False,HIGH,0.00,"PAY-000708","SET-000708","Standard exact 1:1 match across order, payment, settlement, and invoice within T+1 SLA."
GT-000709,ORD-000709,EXACT_MATCH,MATCHED,AUTO_RESOLVED,EXACT_1TO1_MATCH_VERIFIED,False,False,HIGH,0.00,"PAY-000709","SET-000709","Standard exact 1:1 match across order, payment, settlement, and invoice within T+1 SLA."
GT-000710,ORD-000710,EXACT_MATCH,MATCHED,AUTO_RESOLVED,EXACT_1TO1_MATCH_VERIFIED,False,False,HIGH,0.00,"PAY-000710","SET-000710","Standard exact 1:1 match across order, payment, settlement, and invoice within T+1 SLA."
GT-000711,ORD-000711,EXACT_MATCH,MATCHED,AUTO_RESOLVED,EXACT_1TO1_MATCH_VERIFIED,False,False,HIGH,0.00,"PAY-000711","SET-000711","Standard exact 1:1 match across order, payment, settlement, and invoice within T+1 SLA."
GT-000712,ORD-000712,EXACT_MATCH,MATCHED,AUTO_RESOLVED,EXACT_1TO1_MATCH_VERIFIED,False,False,HIGH,0.00,"PAY-000712","SET-000712","Standard exact 1:1 match across order, payment, settlement, and invoice within T+1 SLA."
GT-000713,ORD-000713,EXACT_MATCH,MATCHED,AUTO_RESOLVED,EXACT_1TO1_MATCH_VERIFIED,False,False,HIGH,0.00,"PAY-000713","SET-000713","Standard exact 1:1 match across order, payment, settlement, and invoice within T+1 SLA."
GT-000714,ORD-000714,EXACT_MATCH,MATCHED,AUTO_RESOLVED,EXACT_1TO1_MATCH_VERIFIED,False,False,HIGH,0.00,"PAY-000714","SET-000714","Standard exact 1:1 match across order, payment, settlement, and invoice within T+1 SLA."
GT-000715,ORD-000715,EXACT_MATCH,MATCHED,AUTO_RESOLVED,EXACT_1TO1_MATCH_VERIFIED,False,False,HIGH,0.00,"PAY-000715","SET-000715","Standard exact 1:1 match across order, payment, settlement, and invoice within T+1 SLA."
GT-000716,ORD-000716,EXACT_MATCH,MATCHED,AUTO_RESOLVED,EXACT_1TO1_MATCH_VERIFIED,False,False,HIGH,0.00,"PAY-000716","SET-000716","Standard exact 1:1 match across order, payment, settlement, and invoice within T+1 SLA."
GT-000717,ORD-000717,EXACT_MATCH,MATCHED,AUTO_RESOLVED,EXACT_1TO1_MATCH_VERIFIED,False,False,HIGH,0.00,"PAY-000717","SET-000717","Standard exact 1:1 match across order, payment, settlement, and invoice within T+1 SLA."
GT-000718,ORD-000718,EXACT_MATCH,MATCHED,AUTO_RESOLVED,EXACT_1TO1_MATCH_VERIFIED,False,False,HIGH,0.00,"PAY-000718","SET-000718","Standard exact 1:1 match across order, payment, settlement, and invoice within T+1 SLA."
GT-000719,ORD-000719,EXACT_MATCH,MATCHED,AUTO_RESOLVED,EXACT_1TO1_MATCH_VERIFIED,False,False,HIGH,0.00,"PAY-000719","SET-000719","Standard exact 1:1 match across order, payment, settlement, and invoice within T+1 SLA."
GT-000720,ORD-000720,EXACT_MATCH,MATCHED,AUTO_RESOLVED,EXACT_1TO1_MATCH_VERIFIED,False,False,HIGH,0.00,"PAY-000720","SET-000720","Standard exact 1:1 match across order, payment, settlement, and invoice within T+1 SLA."
GT-000721,ORD-000721,MULTI_ORDER_SETTLEMENT,MATCHED,AUTO_RESOLVED,MULTI_ORDER_BATCH_SETTLEMENT_RECONCILED,False,False,HIGH,0.00,"PAY-000721","SET-BATCH-0001","Order reconciled as part of multi-order settlement batch UTR-BATCH-0001."
GT-000722,ORD-000722,MULTI_ORDER_SETTLEMENT,MATCHED,AUTO_RESOLVED,MULTI_ORDER_BATCH_SETTLEMENT_RECONCILED,False,False,HIGH,0.00,"PAY-000722","SET-BATCH-0001","Order reconciled as part of multi-order settlement batch UTR-BATCH-0001."
GT-000723,ORD-000723,MULTI_ORDER_SETTLEMENT,MATCHED,AUTO_RESOLVED,MULTI_ORDER_BATCH_SETTLEMENT_RECONCILED,False,False,HIGH,0.00,"PAY-000723","SET-BATCH-0001","Order reconciled as part of multi-order settlement batch UTR-BATCH-0001."
GT-000724,ORD-000724,MULTI_ORDER_SETTLEMENT,MATCHED,AUTO_RESOLVED,MULTI_ORDER_BATCH_SETTLEMENT_RECONCILED,False,False,HIGH,0.00,"PAY-000724","SET-BATCH-0002","Order reconciled as part of multi-order settlement batch UTR-BATCH-0002."
GT-000725,ORD-000725,MULTI_ORDER_SETTLEMENT,MATCHED,AUTO_RESOLVED,MULTI_ORDER_BATCH_SETTLEMENT_RECONCILED,False,False,HIGH,0.00,"PAY-000725","SET-BATCH-0002","Order reconciled as part of multi-order settlement batch UTR-BATCH-0002."
GT-000726,ORD-000726,MULTI_ORDER_SETTLEMENT,MATCHED,AUTO_RESOLVED,MULTI_ORDER_BATCH_SETTLEMENT_RECONCILED,False,False,HIGH,0.00,"PAY-000726","SET-BATCH-0002","Order reconciled as part of multi-order settlement batch UTR-BATCH-0002."
GT-000727,ORD-000727,MULTI_ORDER_SETTLEMENT,MATCHED,AUTO_RESOLVED,MULTI_ORDER_BATCH_SETTLEMENT_RECONCILED,False,False,HIGH,0.00,"PAY-000727","SET-BATCH-0003","Order reconciled as part of multi-order settlement batch UTR-BATCH-0003."
GT-000728,ORD-000728,MULTI_ORDER_SETTLEMENT,MATCHED,AUTO_RESOLVED,MULTI_ORDER_BATCH_SETTLEMENT_RECONCILED,False,False,HIGH,0.00,"PAY-000728","SET-BATCH-0003","Order reconciled as part of multi-order settlement batch UTR-BATCH-0003."
GT-000729,ORD-000729,MULTI_ORDER_SETTLEMENT,MATCHED,AUTO_RESOLVED,MULTI_ORDER_BATCH_SETTLEMENT_RECONCILED,False,False,HIGH,0.00,"PAY-000729","SET-BATCH-0003","Order reconciled as part of multi-order settlement batch UTR-BATCH-0003."
GT-000730,ORD-000730,MULTI_ORDER_SETTLEMENT,MATCHED,AUTO_RESOLVED,MULTI_ORDER_BATCH_SETTLEMENT_RECONCILED,False,False,HIGH,0.00,"PAY-000730","SET-BATCH-0004","Order reconciled as part of multi-order settlement batch UTR-BATCH-0004."
GT-000731,ORD-000731,MULTI_ORDER_SETTLEMENT,MATCHED,AUTO_RESOLVED,MULTI_ORDER_BATCH_SETTLEMENT_RECONCILED,False,False,HIGH,0.00,"PAY-000731","SET-BATCH-0004","Order reconciled as part of multi-order settlement batch UTR-BATCH-0004."
GT-000732,ORD-000732,MULTI_ORDER_SETTLEMENT,MATCHED,AUTO_RESOLVED,MULTI_ORDER_BATCH_SETTLEMENT_RECONCILED,False,False,HIGH,0.00,"PAY-000732","SET-BATCH-0004","Order reconciled as part of multi-order settlement batch UTR-BATCH-0004."
GT-000733,ORD-000733,MULTI_ORDER_SETTLEMENT,MATCHED,AUTO_RESOLVED,MULTI_ORDER_BATCH_SETTLEMENT_RECONCILED,False,False,HIGH,0.00,"PAY-000733","SET-BATCH-0005","Order reconciled as part of multi-order settlement batch UTR-BATCH-0005."
GT-000734,ORD-000734,MULTI_ORDER_SETTLEMENT,MATCHED,AUTO_RESOLVED,MULTI_ORDER_BATCH_SETTLEMENT_RECONCILED,False,False,HIGH,0.00,"PAY-000734","SET-BATCH-0005","Order reconciled as part of multi-order settlement batch UTR-BATCH-0005."
GT-000735,ORD-000735,MULTI_ORDER_SETTLEMENT,MATCHED,AUTO_RESOLVED,MULTI_ORDER_BATCH_SETTLEMENT_RECONCILED,False,False,HIGH,0.00,"PAY-000735","SET-BATCH-0005","Order reconciled as part of multi-order settlement batch UTR-BATCH-0005."
GT-000736,ORD-000736,MULTI_ORDER_SETTLEMENT,MATCHED,AUTO_RESOLVED,MULTI_ORDER_BATCH_SETTLEMENT_RECONCILED,False,False,HIGH,0.00,"PAY-000736","SET-BATCH-0006","Order reconciled as part of multi-order settlement batch UTR-BATCH-0006."
GT-000737,ORD-000737,MULTI_ORDER_SETTLEMENT,MATCHED,AUTO_RESOLVED,MULTI_ORDER_BATCH_SETTLEMENT_RECONCILED,False,False,HIGH,0.00,"PAY-000737","SET-BATCH-0006","Order reconciled as part of multi-order settlement batch UTR-BATCH-0006."
GT-000738,ORD-000738,MULTI_ORDER_SETTLEMENT,MATCHED,AUTO_RESOLVED,MULTI_ORDER_BATCH_SETTLEMENT_RECONCILED,False,False,HIGH,0.00,"PAY-000738","SET-BATCH-0006","Order reconciled as part of multi-order settlement batch UTR-BATCH-0006."
GT-000739,ORD-000739,MULTI_ORDER_SETTLEMENT,MATCHED,AUTO_RESOLVED,MULTI_ORDER_BATCH_SETTLEMENT_RECONCILED,False,False,HIGH,0.00,"PAY-000739","SET-BATCH-0007","Order reconciled as part of multi-order settlement batch UTR-BATCH-0007."
GT-000740,ORD-000740,MULTI_ORDER_SETTLEMENT,MATCHED,AUTO_RESOLVED,MULTI_ORDER_BATCH_SETTLEMENT_RECONCILED,False,False,HIGH,0.00,"PAY-000740","SET-BATCH-0007","Order reconciled as part of multi-order settlement batch UTR-BATCH-0007."
GT-000741,ORD-000741,MULTI_ORDER_SETTLEMENT,MATCHED,AUTO_RESOLVED,MULTI_ORDER_BATCH_SETTLEMENT_RECONCILED,False,False,HIGH,0.00,"PAY-000741","SET-BATCH-0007","Order reconciled as part of multi-order settlement batch UTR-BATCH-0007."
GT-000742,ORD-000742,MULTI_ORDER_SETTLEMENT,MATCHED,AUTO_RESOLVED,MULTI_ORDER_BATCH_SETTLEMENT_RECONCILED,False,False,HIGH,0.00,"PAY-000742","SET-BATCH-0008","Order reconciled as part of multi-order settlement batch UTR-BATCH-0008."
GT-000743,ORD-000743,MULTI_ORDER_SETTLEMENT,MATCHED,AUTO_RESOLVED,MULTI_ORDER_BATCH_SETTLEMENT_RECONCILED,False,False,HIGH,0.00,"PAY-000743","SET-BATCH-0008","Order reconciled as part of multi-order settlement batch UTR-BATCH-0008."
GT-000744,ORD-000744,MULTI_ORDER_SETTLEMENT,MATCHED,AUTO_RESOLVED,MULTI_ORDER_BATCH_SETTLEMENT_RECONCILED,False,False,HIGH,0.00,"PAY-000744","SET-BATCH-0008","Order reconciled as part of multi-order settlement batch UTR-BATCH-0008."
GT-000745,ORD-000745,MULTI_ORDER_SETTLEMENT,MATCHED,AUTO_RESOLVED,MULTI_ORDER_BATCH_SETTLEMENT_RECONCILED,False,False,HIGH,0.00,"PAY-000745","SET-BATCH-0009","Order reconciled as part of multi-order settlement batch UTR-BATCH-0009."
GT-000746,ORD-000746,MULTI_ORDER_SETTLEMENT,MATCHED,AUTO_RESOLVED,MULTI_ORDER_BATCH_SETTLEMENT_RECONCILED,False,False,HIGH,0.00,"PAY-000746","SET-BATCH-0009","Order reconciled as part of multi-order settlement batch UTR-BATCH-0009."
GT-000747,ORD-000747,MULTI_ORDER_SETTLEMENT,MATCHED,AUTO_RESOLVED,MULTI_ORDER_BATCH_SETTLEMENT_RECONCILED,False,False,HIGH,0.00,"PAY-000747","SET-BATCH-0009","Order reconciled as part of multi-order settlement batch UTR-BATCH-0009."
GT-000748,ORD-000748,MULTI_ORDER_SETTLEMENT,MATCHED,AUTO_RESOLVED,MULTI_ORDER_BATCH_SETTLEMENT_RECONCILED,False,False,HIGH,0.00,"PAY-000748","SET-BATCH-0010","Order reconciled as part of multi-order settlement batch UTR-BATCH-0010."
GT-000749,ORD-000749,MULTI_ORDER_SETTLEMENT,MATCHED,AUTO_RESOLVED,MULTI_ORDER_BATCH_SETTLEMENT_RECONCILED,False,False,HIGH,0.00,"PAY-000749","SET-BATCH-0010","Order reconciled as part of multi-order settlement batch UTR-BATCH-0010."
GT-000750,ORD-000750,MULTI_ORDER_SETTLEMENT,MATCHED,AUTO_RESOLVED,MULTI_ORDER_BATCH_SETTLEMENT_RECONCILED,False,False,HIGH,0.00,"PAY-000750","SET-BATCH-0010","Order reconciled as part of multi-order settlement batch UTR-BATCH-0010."
GT-000751,ORD-000751,MULTI_ORDER_SETTLEMENT,MATCHED,AUTO_RESOLVED,MULTI_ORDER_BATCH_SETTLEMENT_RECONCILED,False,False,HIGH,0.00,"PAY-000751","SET-BATCH-0011","Order reconciled as part of multi-order settlement batch UTR-BATCH-0011."
GT-000752,ORD-000752,MULTI_ORDER_SETTLEMENT,MATCHED,AUTO_RESOLVED,MULTI_ORDER_BATCH_SETTLEMENT_RECONCILED,False,False,HIGH,0.00,"PAY-000752","SET-BATCH-0011","Order reconciled as part of multi-order settlement batch UTR-BATCH-0011."
GT-000753,ORD-000753,MULTI_ORDER_SETTLEMENT,MATCHED,AUTO_RESOLVED,MULTI_ORDER_BATCH_SETTLEMENT_RECONCILED,False,False,HIGH,0.00,"PAY-000753","SET-BATCH-0011","Order reconciled as part of multi-order settlement batch UTR-BATCH-0011."
GT-000754,ORD-000754,MULTI_ORDER_SETTLEMENT,MATCHED,AUTO_RESOLVED,MULTI_ORDER_BATCH_SETTLEMENT_RECONCILED,False,False,HIGH,0.00,"PAY-000754","SET-BATCH-0012","Order reconciled as part of multi-order settlement batch UTR-BATCH-0012."
GT-000755,ORD-000755,MULTI_ORDER_SETTLEMENT,MATCHED,AUTO_RESOLVED,MULTI_ORDER_BATCH_SETTLEMENT_RECONCILED,False,False,HIGH,0.00,"PAY-000755","SET-BATCH-0012","Order reconciled as part of multi-order settlement batch UTR-BATCH-0012."
GT-000756,ORD-000756,MULTI_ORDER_SETTLEMENT,MATCHED,AUTO_RESOLVED,MULTI_ORDER_BATCH_SETTLEMENT_RECONCILED,False,False,HIGH,0.00,"PAY-000756","SET-BATCH-0012","Order reconciled as part of multi-order settlement batch UTR-BATCH-0012."
GT-000757,ORD-000757,MULTI_ORDER_SETTLEMENT,MATCHED,AUTO_RESOLVED,MULTI_ORDER_BATCH_SETTLEMENT_RECONCILED,False,False,HIGH,0.00,"PAY-000757","SET-BATCH-0013","Order reconciled as part of multi-order settlement batch UTR-BATCH-0013."
GT-000758,ORD-000758,MULTI_ORDER_SETTLEMENT,MATCHED,AUTO_RESOLVED,MULTI_ORDER_BATCH_SETTLEMENT_RECONCILED,False,False,HIGH,0.00,"PAY-000758","SET-BATCH-0013","Order reconciled as part of multi-order settlement batch UTR-BATCH-0013."
GT-000759,ORD-000759,MULTI_ORDER_SETTLEMENT,MATCHED,AUTO_RESOLVED,MULTI_ORDER_BATCH_SETTLEMENT_RECONCILED,False,False,HIGH,0.00,"PAY-000759","SET-BATCH-0013","Order reconciled as part of multi-order settlement batch UTR-BATCH-0013."
GT-000760,ORD-000760,MULTI_ORDER_SETTLEMENT,MATCHED,AUTO_RESOLVED,MULTI_ORDER_BATCH_SETTLEMENT_RECONCILED,False,False,HIGH,0.00,"PAY-000760","SET-BATCH-0014","Order reconciled as part of multi-order settlement batch UTR-BATCH-0014."
GT-000761,ORD-000761,MULTI_ORDER_SETTLEMENT,MATCHED,AUTO_RESOLVED,MULTI_ORDER_BATCH_SETTLEMENT_RECONCILED,False,False,HIGH,0.00,"PAY-000761","SET-BATCH-0014","Order reconciled as part of multi-order settlement batch UTR-BATCH-0014."
GT-000762,ORD-000762,MULTI_ORDER_SETTLEMENT,MATCHED,AUTO_RESOLVED,MULTI_ORDER_BATCH_SETTLEMENT_RECONCILED,False,False,HIGH,0.00,"PAY-000762","SET-BATCH-0014","Order reconciled as part of multi-order settlement batch UTR-BATCH-0014."
GT-000763,ORD-000763,MULTI_ORDER_SETTLEMENT,MATCHED,AUTO_RESOLVED,MULTI_ORDER_BATCH_SETTLEMENT_RECONCILED,False,False,HIGH,0.00,"PAY-000763","SET-BATCH-0015","Order reconciled as part of multi-order settlement batch UTR-BATCH-0015."
GT-000764,ORD-000764,MULTI_ORDER_SETTLEMENT,MATCHED,AUTO_RESOLVED,MULTI_ORDER_BATCH_SETTLEMENT_RECONCILED,False,False,HIGH,0.00,"PAY-000764","SET-BATCH-0015","Order reconciled as part of multi-order settlement batch UTR-BATCH-0015."
GT-000765,ORD-000765,MULTI_ORDER_SETTLEMENT,MATCHED,AUTO_RESOLVED,MULTI_ORDER_BATCH_SETTLEMENT_RECONCILED,False,False,HIGH,0.00,"PAY-000765","SET-BATCH-0015","Order reconciled as part of multi-order settlement batch UTR-BATCH-0015."
GT-000766,ORD-000766,MULTI_ORDER_SETTLEMENT,MATCHED,AUTO_RESOLVED,MULTI_ORDER_BATCH_SETTLEMENT_RECONCILED,False,False,HIGH,0.00,"PAY-000766","SET-BATCH-0016","Order reconciled as part of multi-order settlement batch UTR-BATCH-0016."
GT-000767,ORD-000767,MULTI_ORDER_SETTLEMENT,MATCHED,AUTO_RESOLVED,MULTI_ORDER_BATCH_SETTLEMENT_RECONCILED,False,False,HIGH,0.00,"PAY-000767","SET-BATCH-0016","Order reconciled as part of multi-order settlement batch UTR-BATCH-0016."
GT-000768,ORD-000768,MULTI_ORDER_SETTLEMENT,MATCHED,AUTO_RESOLVED,MULTI_ORDER_BATCH_SETTLEMENT_RECONCILED,False,False,HIGH,0.00,"PAY-000768","SET-BATCH-0016","Order reconciled as part of multi-order settlement batch UTR-BATCH-0016."
GT-000769,ORD-000769,MULTI_ORDER_SETTLEMENT,MATCHED,AUTO_RESOLVED,MULTI_ORDER_BATCH_SETTLEMENT_RECONCILED,False,False,HIGH,0.00,"PAY-000769","SET-BATCH-0017","Order reconciled as part of multi-order settlement batch UTR-BATCH-0017."
GT-000770,ORD-000770,MULTI_ORDER_SETTLEMENT,MATCHED,AUTO_RESOLVED,MULTI_ORDER_BATCH_SETTLEMENT_RECONCILED,False,False,HIGH,0.00,"PAY-000770","SET-BATCH-0017","Order reconciled as part of multi-order settlement batch UTR-BATCH-0017."
GT-000771,ORD-000771,MULTI_ORDER_SETTLEMENT,MATCHED,AUTO_RESOLVED,MULTI_ORDER_BATCH_SETTLEMENT_RECONCILED,False,False,HIGH,0.00,"PAY-000771","SET-BATCH-0017","Order reconciled as part of multi-order settlement batch UTR-BATCH-0017."
GT-000772,ORD-000772,MULTI_ORDER_SETTLEMENT,MATCHED,AUTO_RESOLVED,MULTI_ORDER_BATCH_SETTLEMENT_RECONCILED,False,False,HIGH,0.00,"PAY-000772","SET-BATCH-0018","Order reconciled as part of multi-order settlement batch UTR-BATCH-0018."
GT-000773,ORD-000773,MULTI_ORDER_SETTLEMENT,MATCHED,AUTO_RESOLVED,MULTI_ORDER_BATCH_SETTLEMENT_RECONCILED,False,False,HIGH,0.00,"PAY-000773","SET-BATCH-0018","Order reconciled as part of multi-order settlement batch UTR-BATCH-0018."
GT-000774,ORD-000774,MULTI_ORDER_SETTLEMENT,MATCHED,AUTO_RESOLVED,MULTI_ORDER_BATCH_SETTLEMENT_RECONCILED,False,False,HIGH,0.00,"PAY-000774","SET-BATCH-0018","Order reconciled as part of multi-order settlement batch UTR-BATCH-0018."
GT-000775,ORD-000775,MULTI_ORDER_SETTLEMENT,MATCHED,AUTO_RESOLVED,MULTI_ORDER_BATCH_SETTLEMENT_RECONCILED,False,False,HIGH,0.00,"PAY-000775","SET-BATCH-0019","Order reconciled as part of multi-order settlement batch UTR-BATCH-0019."
GT-000776,ORD-000776,MULTI_ORDER_SETTLEMENT,MATCHED,AUTO_RESOLVED,MULTI_ORDER_BATCH_SETTLEMENT_RECONCILED,False,False,HIGH,0.00,"PAY-000776","SET-BATCH-0019","Order reconciled as part of multi-order settlement batch UTR-BATCH-0019."
GT-000777,ORD-000777,MULTI_ORDER_SETTLEMENT,MATCHED,AUTO_RESOLVED,MULTI_ORDER_BATCH_SETTLEMENT_RECONCILED,False,False,HIGH,0.00,"PAY-000777","SET-BATCH-0019","Order reconciled as part of multi-order settlement batch UTR-BATCH-0019."
GT-000778,ORD-000778,MULTI_ORDER_SETTLEMENT,MATCHED,AUTO_RESOLVED,MULTI_ORDER_BATCH_SETTLEMENT_RECONCILED,False,False,HIGH,0.00,"PAY-000778","SET-BATCH-0020","Order reconciled as part of multi-order settlement batch UTR-BATCH-0020."
GT-000779,ORD-000779,MULTI_ORDER_SETTLEMENT,MATCHED,AUTO_RESOLVED,MULTI_ORDER_BATCH_SETTLEMENT_RECONCILED,False,False,HIGH,0.00,"PAY-000779","SET-BATCH-0020","Order reconciled as part of multi-order settlement batch UTR-BATCH-0020."
GT-000780,ORD-000780,MULTI_ORDER_SETTLEMENT,MATCHED,AUTO_RESOLVED,MULTI_ORDER_BATCH_SETTLEMENT_RECONCILED,False,False,HIGH,0.00,"PAY-000780","SET-BATCH-0020","Order reconciled as part of multi-order settlement batch UTR-BATCH-0020."
GT-000781,ORD-000781,AMOUNT_MISMATCH,DISCREPANCY_FOUND,DETERMINISTIC_ESCALATION,PAYMENT_AMOUNT_MISMATCH_EXCEEDS_TOLERANCE,True,False,HIGH,1500.00,"PAY-000781","SET-000741","Order amount INR 4999.0 does not match captured payment INR 3499.0."
GT-000782,ORD-000782,AMOUNT_MISMATCH,DISCREPANCY_FOUND,DETERMINISTIC_ESCALATION,PAYMENT_AMOUNT_MISMATCH_EXCEEDS_TOLERANCE,True,False,HIGH,1500.00,"PAY-000782","SET-000742","Order amount INR 4999.0 does not match captured payment INR 3499.0."
GT-000783,ORD-000783,AMOUNT_MISMATCH,DISCREPANCY_FOUND,DETERMINISTIC_ESCALATION,PAYMENT_AMOUNT_MISMATCH_EXCEEDS_TOLERANCE,True,False,HIGH,1500.00,"PAY-000783","SET-000743","Order amount INR 4999.0 does not match captured payment INR 3499.0."
GT-000784,ORD-000784,AMOUNT_MISMATCH,DISCREPANCY_FOUND,DETERMINISTIC_ESCALATION,PAYMENT_AMOUNT_MISMATCH_EXCEEDS_TOLERANCE,True,False,HIGH,1500.00,"PAY-000784","SET-000744","Order amount INR 4999.0 does not match captured payment INR 3499.0."
GT-000785,ORD-000785,AMOUNT_MISMATCH,DISCREPANCY_FOUND,DETERMINISTIC_ESCALATION,PAYMENT_AMOUNT_MISMATCH_EXCEEDS_TOLERANCE,True,False,HIGH,1500.00,"PAY-000785","SET-000745","Order amount INR 4999.0 does not match captured payment INR 3499.0."
GT-000786,ORD-000786,AMOUNT_MISMATCH,DISCREPANCY_FOUND,DETERMINISTIC_ESCALATION,PAYMENT_AMOUNT_MISMATCH_EXCEEDS_TOLERANCE,True,False,HIGH,1500.00,"PAY-000786","SET-000746","Order amount INR 4999.0 does not match captured payment INR 3499.0."
GT-000787,ORD-000787,AMOUNT_MISMATCH,DISCREPANCY_FOUND,DETERMINISTIC_ESCALATION,PAYMENT_AMOUNT_MISMATCH_EXCEEDS_TOLERANCE,True,False,HIGH,1500.00,"PAY-000787","SET-000747","Order amount INR 4999.0 does not match captured payment INR 3499.0."
GT-000788,ORD-000788,AMOUNT_MISMATCH,DISCREPANCY_FOUND,DETERMINISTIC_ESCALATION,PAYMENT_AMOUNT_MISMATCH_EXCEEDS_TOLERANCE,True,False,HIGH,1500.00,"PAY-000788","SET-000748","Order amount INR 4999.0 does not match captured payment INR 3499.0."
GT-000789,ORD-000789,AMOUNT_MISMATCH,DISCREPANCY_FOUND,DETERMINISTIC_ESCALATION,PAYMENT_AMOUNT_MISMATCH_EXCEEDS_TOLERANCE,True,False,HIGH,1500.00,"PAY-000789","SET-000749","Order amount INR 4999.0 does not match captured payment INR 3499.0."
GT-000790,ORD-000790,AMOUNT_MISMATCH,DISCREPANCY_FOUND,DETERMINISTIC_ESCALATION,PAYMENT_AMOUNT_MISMATCH_EXCEEDS_TOLERANCE,True,False,HIGH,1500.00,"PAY-000790","SET-000750","Order amount INR 4999.0 does not match captured payment INR 3499.0."
GT-000791,ORD-000791,AMOUNT_MISMATCH,DISCREPANCY_FOUND,DETERMINISTIC_ESCALATION,PAYMENT_AMOUNT_MISMATCH_EXCEEDS_TOLERANCE,True,False,HIGH,1500.00,"PAY-000791","SET-000751","Order amount INR 4999.0 does not match captured payment INR 3499.0."
GT-000792,ORD-000792,AMOUNT_MISMATCH,DISCREPANCY_FOUND,DETERMINISTIC_ESCALATION,PAYMENT_AMOUNT_MISMATCH_EXCEEDS_TOLERANCE,True,False,HIGH,1500.00,"PAY-000792","SET-000752","Order amount INR 4999.0 does not match captured payment INR 3499.0."
GT-000793,ORD-000793,AMOUNT_MISMATCH,DISCREPANCY_FOUND,DETERMINISTIC_ESCALATION,PAYMENT_AMOUNT_MISMATCH_EXCEEDS_TOLERANCE,True,False,HIGH,1500.00,"PAY-000793","SET-000753","Order amount INR 4999.0 does not match captured payment INR 3499.0."
GT-000794,ORD-000794,AMOUNT_MISMATCH,DISCREPANCY_FOUND,DETERMINISTIC_ESCALATION,PAYMENT_AMOUNT_MISMATCH_EXCEEDS_TOLERANCE,True,False,HIGH,1500.00,"PAY-000794","SET-000754","Order amount INR 4999.0 does not match captured payment INR 3499.0."
GT-000795,ORD-000795,AMOUNT_MISMATCH,DISCREPANCY_FOUND,DETERMINISTIC_ESCALATION,PAYMENT_AMOUNT_MISMATCH_EXCEEDS_TOLERANCE,True,False,HIGH,1500.00,"PAY-000795","SET-000755","Order amount INR 4999.0 does not match captured payment INR 3499.0."
GT-000796,ORD-000796,AMOUNT_MISMATCH,DISCREPANCY_FOUND,DETERMINISTIC_ESCALATION,PAYMENT_AMOUNT_MISMATCH_EXCEEDS_TOLERANCE,True,False,HIGH,1500.00,"PAY-000796","SET-000756","Order amount INR 4999.0 does not match captured payment INR 3499.0."
GT-000797,ORD-000797,AMOUNT_MISMATCH,DISCREPANCY_FOUND,DETERMINISTIC_ESCALATION,PAYMENT_AMOUNT_MISMATCH_EXCEEDS_TOLERANCE,True,False,HIGH,1500.00,"PAY-000797","SET-000757","Order amount INR 4999.0 does not match captured payment INR 3499.0."
GT-000798,ORD-000798,AMOUNT_MISMATCH,DISCREPANCY_FOUND,DETERMINISTIC_ESCALATION,PAYMENT_AMOUNT_MISMATCH_EXCEEDS_TOLERANCE,True,False,HIGH,1500.00,"PAY-000798","SET-000758","Order amount INR 4999.0 does not match captured payment INR 3499.0."
GT-000799,ORD-000799,AMOUNT_MISMATCH,DISCREPANCY_FOUND,DETERMINISTIC_ESCALATION,PAYMENT_AMOUNT_MISMATCH_EXCEEDS_TOLERANCE,True,False,HIGH,1500.00,"PAY-000799","SET-000759","Order amount INR 4999.0 does not match captured payment INR 3499.0."
GT-000800,ORD-000800,AMOUNT_MISMATCH,DISCREPANCY_FOUND,DETERMINISTIC_ESCALATION,PAYMENT_AMOUNT_MISMATCH_EXCEEDS_TOLERANCE,True,False,HIGH,1500.00,"PAY-000800","SET-000760","Order amount INR 4999.0 does not match captured payment INR 3499.0."
GT-000801,ORD-000801,AMOUNT_MISMATCH,DISCREPANCY_FOUND,DETERMINISTIC_ESCALATION,PAYMENT_AMOUNT_MISMATCH_EXCEEDS_TOLERANCE,True,False,HIGH,1500.00,"PAY-000801","SET-000761","Order amount INR 4999.0 does not match captured payment INR 3499.0."
GT-000802,ORD-000802,AMOUNT_MISMATCH,DISCREPANCY_FOUND,DETERMINISTIC_ESCALATION,PAYMENT_AMOUNT_MISMATCH_EXCEEDS_TOLERANCE,True,False,HIGH,1500.00,"PAY-000802","SET-000762","Order amount INR 4999.0 does not match captured payment INR 3499.0."
GT-000803,ORD-000803,AMOUNT_MISMATCH,DISCREPANCY_FOUND,DETERMINISTIC_ESCALATION,PAYMENT_AMOUNT_MISMATCH_EXCEEDS_TOLERANCE,True,False,HIGH,1500.00,"PAY-000803","SET-000763","Order amount INR 4999.0 does not match captured payment INR 3499.0."
GT-000804,ORD-000804,AMOUNT_MISMATCH,DISCREPANCY_FOUND,DETERMINISTIC_ESCALATION,PAYMENT_AMOUNT_MISMATCH_EXCEEDS_TOLERANCE,True,False,HIGH,1500.00,"PAY-000804","SET-000764","Order amount INR 4999.0 does not match captured payment INR 3499.0."
GT-000805,ORD-000805,DELAYED_SETTLEMENT,DISCREPANCY_FOUND,DETERMINISTIC_ESCALATION,SETTLEMENT_DELAY_EXCEEDS_SLA_POLICY,True,False,HIGH,0.00,"PAY-000805","SET-000765","Bank settlement completed 7 days after payment, exceeding policy SLA limit of 5 days."
GT-000806,ORD-000806,DELAYED_SETTLEMENT,DISCREPANCY_FOUND,DETERMINISTIC_ESCALATION,SETTLEMENT_DELAY_EXCEEDS_SLA_POLICY,True,False,HIGH,0.00,"PAY-000806","SET-000766","Bank settlement completed 7 days after payment, exceeding policy SLA limit of 5 days."
GT-000807,ORD-000807,DELAYED_SETTLEMENT,DISCREPANCY_FOUND,DETERMINISTIC_ESCALATION,SETTLEMENT_DELAY_EXCEEDS_SLA_POLICY,True,False,HIGH,0.00,"PAY-000807","SET-000767","Bank settlement completed 7 days after payment, exceeding policy SLA limit of 5 days."
GT-000808,ORD-000808,DELAYED_SETTLEMENT,DISCREPANCY_FOUND,DETERMINISTIC_ESCALATION,SETTLEMENT_DELAY_EXCEEDS_SLA_POLICY,True,False,HIGH,0.00,"PAY-000808","SET-000768","Bank settlement completed 7 days after payment, exceeding policy SLA limit of 5 days."
GT-000809,ORD-000809,DELAYED_SETTLEMENT,DISCREPANCY_FOUND,DETERMINISTIC_ESCALATION,SETTLEMENT_DELAY_EXCEEDS_SLA_POLICY,True,False,HIGH,0.00,"PAY-000809","SET-000769","Bank settlement completed 7 days after payment, exceeding policy SLA limit of 5 days."
GT-000810,ORD-000810,DELAYED_SETTLEMENT,DISCREPANCY_FOUND,DETERMINISTIC_ESCALATION,SETTLEMENT_DELAY_EXCEEDS_SLA_POLICY,True,False,HIGH,0.00,"PAY-000810","SET-000770","Bank settlement completed 7 days after payment, exceeding policy SLA limit of 5 days."
GT-000811,ORD-000811,DELAYED_SETTLEMENT,DISCREPANCY_FOUND,DETERMINISTIC_ESCALATION,SETTLEMENT_DELAY_EXCEEDS_SLA_POLICY,True,False,HIGH,0.00,"PAY-000811","SET-000771","Bank settlement completed 7 days after payment, exceeding policy SLA limit of 5 days."
GT-000812,ORD-000812,DELAYED_SETTLEMENT,DISCREPANCY_FOUND,DETERMINISTIC_ESCALATION,SETTLEMENT_DELAY_EXCEEDS_SLA_POLICY,True,False,HIGH,0.00,"PAY-000812","SET-000772","Bank settlement completed 7 days after payment, exceeding policy SLA limit of 5 days."
GT-000813,ORD-000813,DELAYED_SETTLEMENT,DISCREPANCY_FOUND,DETERMINISTIC_ESCALATION,SETTLEMENT_DELAY_EXCEEDS_SLA_POLICY,True,False,HIGH,0.00,"PAY-000813","SET-000773","Bank settlement completed 7 days after payment, exceeding policy SLA limit of 5 days."
GT-000814,ORD-000814,DELAYED_SETTLEMENT,DISCREPANCY_FOUND,DETERMINISTIC_ESCALATION,SETTLEMENT_DELAY_EXCEEDS_SLA_POLICY,True,False,HIGH,0.00,"PAY-000814","SET-000774","Bank settlement completed 7 days after payment, exceeding policy SLA limit of 5 days."
GT-000815,ORD-000815,DELAYED_SETTLEMENT,DISCREPANCY_FOUND,DETERMINISTIC_ESCALATION,SETTLEMENT_DELAY_EXCEEDS_SLA_POLICY,True,False,HIGH,0.00,"PAY-000815","SET-000775","Bank settlement completed 7 days after payment, exceeding policy SLA limit of 5 days."
GT-000816,ORD-000816,DELAYED_SETTLEMENT,DISCREPANCY_FOUND,DETERMINISTIC_ESCALATION,SETTLEMENT_DELAY_EXCEEDS_SLA_POLICY,True,False,HIGH,0.00,"PAY-000816","SET-000776","Bank settlement completed 7 days after payment, exceeding policy SLA limit of 5 days."
GT-000817,ORD-000817,DELAYED_SETTLEMENT,DISCREPANCY_FOUND,DETERMINISTIC_ESCALATION,SETTLEMENT_DELAY_EXCEEDS_SLA_POLICY,True,False,HIGH,0.00,"PAY-000817","SET-000777","Bank settlement completed 7 days after payment, exceeding policy SLA limit of 5 days."
GT-000818,ORD-000818,DELAYED_SETTLEMENT,DISCREPANCY_FOUND,DETERMINISTIC_ESCALATION,SETTLEMENT_DELAY_EXCEEDS_SLA_POLICY,True,False,HIGH,0.00,"PAY-000818","SET-000778","Bank settlement completed 7 days after payment, exceeding policy SLA limit of 5 days."
GT-000819,ORD-000819,DELAYED_SETTLEMENT,DISCREPANCY_FOUND,DETERMINISTIC_ESCALATION,SETTLEMENT_DELAY_EXCEEDS_SLA_POLICY,True,False,HIGH,0.00,"PAY-000819","SET-000779","Bank settlement completed 7 days after payment, exceeding policy SLA limit of 5 days."
GT-000820,ORD-000820,DELAYED_SETTLEMENT,DISCREPANCY_FOUND,DETERMINISTIC_ESCALATION,SETTLEMENT_DELAY_EXCEEDS_SLA_POLICY,True,False,HIGH,0.00,"PAY-000820","SET-000780","Bank settlement completed 7 days after payment, exceeding policy SLA limit of 5 days."
GT-000821,ORD-000821,DELAYED_SETTLEMENT,DISCREPANCY_FOUND,DETERMINISTIC_ESCALATION,SETTLEMENT_DELAY_EXCEEDS_SLA_POLICY,True,False,HIGH,0.00,"PAY-000821","SET-000781","Bank settlement completed 7 days after payment, exceeding policy SLA limit of 5 days."
GT-000822,ORD-000822,DELAYED_SETTLEMENT,DISCREPANCY_FOUND,DETERMINISTIC_ESCALATION,SETTLEMENT_DELAY_EXCEEDS_SLA_POLICY,True,False,HIGH,0.00,"PAY-000822","SET-000782","Bank settlement completed 7 days after payment, exceeding policy SLA limit of 5 days."
GT-000823,ORD-000823,DELAYED_SETTLEMENT,DISCREPANCY_FOUND,DETERMINISTIC_ESCALATION,SETTLEMENT_DELAY_EXCEEDS_SLA_POLICY,True,False,HIGH,0.00,"PAY-000823","SET-000783","Bank settlement completed 7 days after payment, exceeding policy SLA limit of 5 days."
GT-000824,ORD-000824,DELAYED_SETTLEMENT,DISCREPANCY_FOUND,DETERMINISTIC_ESCALATION,SETTLEMENT_DELAY_EXCEEDS_SLA_POLICY,True,False,HIGH,0.00,"PAY-000824","SET-000784","Bank settlement completed 7 days after payment, exceeding policy SLA limit of 5 days."
GT-000825,ORD-000825,DELAYED_SETTLEMENT,DISCREPANCY_FOUND,DETERMINISTIC_ESCALATION,SETTLEMENT_DELAY_EXCEEDS_SLA_POLICY,True,False,HIGH,0.00,"PAY-000825","SET-000785","Bank settlement completed 7 days after payment, exceeding policy SLA limit of 5 days."
GT-000826,ORD-000826,DELAYED_SETTLEMENT,DISCREPANCY_FOUND,DETERMINISTIC_ESCALATION,SETTLEMENT_DELAY_EXCEEDS_SLA_POLICY,True,False,HIGH,0.00,"PAY-000826","SET-000786","Bank settlement completed 7 days after payment, exceeding policy SLA limit of 5 days."
GT-000827,ORD-000827,DELAYED_SETTLEMENT,DISCREPANCY_FOUND,DETERMINISTIC_ESCALATION,SETTLEMENT_DELAY_EXCEEDS_SLA_POLICY,True,False,HIGH,0.00,"PAY-000827","SET-000787","Bank settlement completed 7 days after payment, exceeding policy SLA limit of 5 days."
GT-000828,ORD-000828,DELAYED_SETTLEMENT,DISCREPANCY_FOUND,DETERMINISTIC_ESCALATION,SETTLEMENT_DELAY_EXCEEDS_SLA_POLICY,True,False,HIGH,0.00,"PAY-000828","SET-000788","Bank settlement completed 7 days after payment, exceeding policy SLA limit of 5 days."
GT-000829,ORD-000829,MISSING_PAYMENT,UNMATCHED,DETERMINISTIC_ESCALATION,ORDER_FULFILLED_WITHOUT_GATEWAY_PAYMENT,True,False,HIGH,7500.00,"","","Merchant order completed with invoice but zero payment captured from gateway."
GT-000830,ORD-000830,MISSING_PAYMENT,UNMATCHED,DETERMINISTIC_ESCALATION,ORDER_FULFILLED_WITHOUT_GATEWAY_PAYMENT,True,False,HIGH,799.00,"","","Merchant order completed with invoice but zero payment captured from gateway."
GT-000831,ORD-000831,MISSING_PAYMENT,UNMATCHED,DETERMINISTIC_ESCALATION,ORDER_FULFILLED_WITHOUT_GATEWAY_PAYMENT,True,False,HIGH,4999.00,"","","Merchant order completed with invoice but zero payment captured from gateway."
GT-000832,ORD-000832,MISSING_PAYMENT,UNMATCHED,DETERMINISTIC_ESCALATION,ORDER_FULFILLED_WITHOUT_GATEWAY_PAYMENT,True,False,HIGH,9999.00,"","","Merchant order completed with invoice but zero payment captured from gateway."
GT-000833,ORD-000833,MISSING_PAYMENT,UNMATCHED,DETERMINISTIC_ESCALATION,ORDER_FULFILLED_WITHOUT_GATEWAY_PAYMENT,True,False,HIGH,299.00,"","","Merchant order completed with invoice but zero payment captured from gateway."
GT-000834,ORD-000834,MISSING_PAYMENT,UNMATCHED,DETERMINISTIC_ESCALATION,ORDER_FULFILLED_WITHOUT_GATEWAY_PAYMENT,True,False,HIGH,3499.00,"","","Merchant order completed with invoice but zero payment captured from gateway."
GT-000835,ORD-000835,MISSING_PAYMENT,UNMATCHED,DETERMINISTIC_ESCALATION,ORDER_FULFILLED_WITHOUT_GATEWAY_PAYMENT,True,False,HIGH,14999.00,"","","Merchant order completed with invoice but zero payment captured from gateway."
GT-000836,ORD-000836,MISSING_PAYMENT,UNMATCHED,DETERMINISTIC_ESCALATION,ORDER_FULFILLED_WITHOUT_GATEWAY_PAYMENT,True,False,HIGH,9999.00,"","","Merchant order completed with invoice but zero payment captured from gateway."
GT-000837,ORD-000837,MISSING_PAYMENT,UNMATCHED,DETERMINISTIC_ESCALATION,ORDER_FULFILLED_WITHOUT_GATEWAY_PAYMENT,True,False,HIGH,799.00,"","","Merchant order completed with invoice but zero payment captured from gateway."
GT-000838,ORD-000838,MISSING_PAYMENT,UNMATCHED,DETERMINISTIC_ESCALATION,ORDER_FULFILLED_WITHOUT_GATEWAY_PAYMENT,True,False,HIGH,2499.00,"","","Merchant order completed with invoice but zero payment captured from gateway."
GT-000839,ORD-000839,MISSING_PAYMENT,UNMATCHED,DETERMINISTIC_ESCALATION,ORDER_FULFILLED_WITHOUT_GATEWAY_PAYMENT,True,False,HIGH,1499.50,"","","Merchant order completed with invoice but zero payment captured from gateway."
GT-000840,ORD-000840,MISSING_PAYMENT,UNMATCHED,DETERMINISTIC_ESCALATION,ORDER_FULFILLED_WITHOUT_GATEWAY_PAYMENT,True,False,HIGH,9999.00,"","","Merchant order completed with invoice but zero payment captured from gateway."
GT-000841,ORD-000841,MISSING_PAYMENT,UNMATCHED,DETERMINISTIC_ESCALATION,ORDER_FULFILLED_WITHOUT_GATEWAY_PAYMENT,True,False,HIGH,1499.50,"","","Merchant order completed with invoice but zero payment captured from gateway."
GT-000842,ORD-000842,MISSING_PAYMENT,UNMATCHED,DETERMINISTIC_ESCALATION,ORDER_FULFILLED_WITHOUT_GATEWAY_PAYMENT,True,False,HIGH,1299.00,"","","Merchant order completed with invoice but zero payment captured from gateway."
GT-000843,ORD-000843,MISSING_PAYMENT,UNMATCHED,DETERMINISTIC_ESCALATION,ORDER_FULFILLED_WITHOUT_GATEWAY_PAYMENT,True,False,HIGH,2999.00,"","","Merchant order completed with invoice but zero payment captured from gateway."
GT-000844,ORD-000844,MISSING_PAYMENT,UNMATCHED,DETERMINISTIC_ESCALATION,ORDER_FULFILLED_WITHOUT_GATEWAY_PAYMENT,True,False,HIGH,3499.00,"","","Merchant order completed with invoice but zero payment captured from gateway."
GT-000845,ORD-000845,MISSING_PAYMENT,UNMATCHED,DETERMINISTIC_ESCALATION,ORDER_FULFILLED_WITHOUT_GATEWAY_PAYMENT,True,False,HIGH,2999.00,"","","Merchant order completed with invoice but zero payment captured from gateway."
GT-000846,ORD-000846,MISSING_PAYMENT,UNMATCHED,DETERMINISTIC_ESCALATION,ORDER_FULFILLED_WITHOUT_GATEWAY_PAYMENT,True,False,HIGH,49999.00,"","","Merchant order completed with invoice but zero payment captured from gateway."
GT-000847,ORD-000847,MISSING_PAYMENT,UNMATCHED,DETERMINISTIC_ESCALATION,ORDER_FULFILLED_WITHOUT_GATEWAY_PAYMENT,True,False,HIGH,1299.00,"","","Merchant order completed with invoice but zero payment captured from gateway."
GT-000848,ORD-000848,MISSING_PAYMENT,UNMATCHED,DETERMINISTIC_ESCALATION,ORDER_FULFILLED_WITHOUT_GATEWAY_PAYMENT,True,False,HIGH,799.00,"","","Merchant order completed with invoice but zero payment captured from gateway."
GT-000849,ORD-000849,MISSING_PAYMENT,UNMATCHED,DETERMINISTIC_ESCALATION,ORDER_FULFILLED_WITHOUT_GATEWAY_PAYMENT,True,False,HIGH,1499.50,"","","Merchant order completed with invoice but zero payment captured from gateway."
GT-000850,ORD-000850,MISSING_PAYMENT,UNMATCHED,DETERMINISTIC_ESCALATION,ORDER_FULFILLED_WITHOUT_GATEWAY_PAYMENT,True,False,HIGH,14999.00,"","","Merchant order completed with invoice but zero payment captured from gateway."
GT-000851,ORD-000851,MISSING_PAYMENT,UNMATCHED,DETERMINISTIC_ESCALATION,ORDER_FULFILLED_WITHOUT_GATEWAY_PAYMENT,True,False,HIGH,2999.00,"","","Merchant order completed with invoice but zero payment captured from gateway."
GT-000852,ORD-000852,MISSING_PAYMENT,UNMATCHED,DETERMINISTIC_ESCALATION,ORDER_FULFILLED_WITHOUT_GATEWAY_PAYMENT,True,False,HIGH,14999.00,"","","Merchant order completed with invoice but zero payment captured from gateway."
GT-000853,ORD-000853,CHARGEBACK_ADJUSTMENT,ADJUSTED,DETERMINISTIC_ESCALATION,UNRESOLVED_CHARGEBACK_DISPUTE_REQUIRES_HUMAN,True,False,HIGH,3499.00,"PAY-000829","SET-000789","Chargeback adjustment of INR 3499.00 logged for payment PAY-000829."
GT-000854,ORD-000854,CHARGEBACK_ADJUSTMENT,ADJUSTED,DETERMINISTIC_ESCALATION,UNRESOLVED_CHARGEBACK_DISPUTE_REQUIRES_HUMAN,True,False,HIGH,49999.00,"PAY-000830","SET-000790","Chargeback adjustment of INR 49999.00 logged for payment PAY-000830."
GT-000855,ORD-000855,CHARGEBACK_ADJUSTMENT,ADJUSTED,DETERMINISTIC_ESCALATION,UNRESOLVED_CHARGEBACK_DISPUTE_REQUIRES_HUMAN,True,False,HIGH,799.00,"PAY-000831","SET-000791","Chargeback adjustment of INR 799.00 logged for payment PAY-000831."
GT-000856,ORD-000856,CHARGEBACK_ADJUSTMENT,ADJUSTED,DETERMINISTIC_ESCALATION,UNRESOLVED_CHARGEBACK_DISPUTE_REQUIRES_HUMAN,True,False,HIGH,7500.00,"PAY-000832","SET-000792","Chargeback adjustment of INR 7500.00 logged for payment PAY-000832."
GT-000857,ORD-000857,CHARGEBACK_ADJUSTMENT,ADJUSTED,DETERMINISTIC_ESCALATION,UNRESOLVED_CHARGEBACK_DISPUTE_REQUIRES_HUMAN,True,False,HIGH,2999.00,"PAY-000833","SET-000793","Chargeback adjustment of INR 2999.00 logged for payment PAY-000833."
GT-000858,ORD-000858,CHARGEBACK_ADJUSTMENT,ADJUSTED,DETERMINISTIC_ESCALATION,UNRESOLVED_CHARGEBACK_DISPUTE_REQUIRES_HUMAN,True,False,HIGH,2499.00,"PAY-000834","SET-000794","Chargeback adjustment of INR 2499.00 logged for payment PAY-000834."
GT-000859,ORD-000859,CHARGEBACK_ADJUSTMENT,ADJUSTED,DETERMINISTIC_ESCALATION,UNRESOLVED_CHARGEBACK_DISPUTE_REQUIRES_HUMAN,True,False,HIGH,49999.00,"PAY-000835","SET-000795","Chargeback adjustment of INR 49999.00 logged for payment PAY-000835."
GT-000860,ORD-000860,CHARGEBACK_ADJUSTMENT,ADJUSTED,DETERMINISTIC_ESCALATION,UNRESOLVED_CHARGEBACK_DISPUTE_REQUIRES_HUMAN,True,False,HIGH,1999.00,"PAY-000836","SET-000796","Chargeback adjustment of INR 1999.00 logged for payment PAY-000836."
GT-000861,ORD-000861,CHARGEBACK_ADJUSTMENT,ADJUSTED,DETERMINISTIC_ESCALATION,UNRESOLVED_CHARGEBACK_DISPUTE_REQUIRES_HUMAN,True,False,HIGH,25000.00,"PAY-000837","SET-000797","Chargeback adjustment of INR 25000.00 logged for payment PAY-000837."
GT-000862,ORD-000862,CHARGEBACK_ADJUSTMENT,ADJUSTED,DETERMINISTIC_ESCALATION,UNRESOLVED_CHARGEBACK_DISPUTE_REQUIRES_HUMAN,True,False,HIGH,999.00,"PAY-000838","SET-000798","Chargeback adjustment of INR 999.00 logged for payment PAY-000838."
GT-000863,ORD-000863,CHARGEBACK_ADJUSTMENT,ADJUSTED,DETERMINISTIC_ESCALATION,UNRESOLVED_CHARGEBACK_DISPUTE_REQUIRES_HUMAN,True,False,HIGH,1299.00,"PAY-000839","SET-000799","Chargeback adjustment of INR 1299.00 logged for payment PAY-000839."
GT-000864,ORD-000864,CHARGEBACK_ADJUSTMENT,ADJUSTED,DETERMINISTIC_ESCALATION,UNRESOLVED_CHARGEBACK_DISPUTE_REQUIRES_HUMAN,True,False,HIGH,3499.00,"PAY-000840","SET-000800","Chargeback adjustment of INR 3499.00 logged for payment PAY-000840."
GT-000865,ORD-000865,CHARGEBACK_ADJUSTMENT,ADJUSTED,DETERMINISTIC_ESCALATION,UNRESOLVED_CHARGEBACK_DISPUTE_REQUIRES_HUMAN,True,False,HIGH,299.00,"PAY-000841","SET-000801","Chargeback adjustment of INR 299.00 logged for payment PAY-000841."
GT-000866,ORD-000866,CHARGEBACK_ADJUSTMENT,ADJUSTED,DETERMINISTIC_ESCALATION,UNRESOLVED_CHARGEBACK_DISPUTE_REQUIRES_HUMAN,True,False,HIGH,9999.00,"PAY-000842","SET-000802","Chargeback adjustment of INR 9999.00 logged for payment PAY-000842."
GT-000867,ORD-000867,CHARGEBACK_ADJUSTMENT,ADJUSTED,DETERMINISTIC_ESCALATION,UNRESOLVED_CHARGEBACK_DISPUTE_REQUIRES_HUMAN,True,False,HIGH,4999.00,"PAY-000843","SET-000803","Chargeback adjustment of INR 4999.00 logged for payment PAY-000843."
GT-000868,ORD-000868,CHARGEBACK_ADJUSTMENT,ADJUSTED,DETERMINISTIC_ESCALATION,UNRESOLVED_CHARGEBACK_DISPUTE_REQUIRES_HUMAN,True,False,HIGH,9999.00,"PAY-000844","SET-000804","Chargeback adjustment of INR 9999.00 logged for payment PAY-000844."
GT-000869,ORD-000869,CHARGEBACK_ADJUSTMENT,ADJUSTED,DETERMINISTIC_ESCALATION,UNRESOLVED_CHARGEBACK_DISPUTE_REQUIRES_HUMAN,True,False,HIGH,4999.00,"PAY-000845","SET-000805","Chargeback adjustment of INR 4999.00 logged for payment PAY-000845."
GT-000870,ORD-000870,CHARGEBACK_ADJUSTMENT,ADJUSTED,DETERMINISTIC_ESCALATION,UNRESOLVED_CHARGEBACK_DISPUTE_REQUIRES_HUMAN,True,False,HIGH,25000.00,"PAY-000846","SET-000806","Chargeback adjustment of INR 25000.00 logged for payment PAY-000846."
GT-000871,ORD-000871,CHARGEBACK_ADJUSTMENT,ADJUSTED,DETERMINISTIC_ESCALATION,UNRESOLVED_CHARGEBACK_DISPUTE_REQUIRES_HUMAN,True,False,HIGH,4999.00,"PAY-000847","SET-000807","Chargeback adjustment of INR 4999.00 logged for payment PAY-000847."
GT-000872,ORD-000872,CHARGEBACK_ADJUSTMENT,ADJUSTED,DETERMINISTIC_ESCALATION,UNRESOLVED_CHARGEBACK_DISPUTE_REQUIRES_HUMAN,True,False,HIGH,14999.00,"PAY-000848","SET-000808","Chargeback adjustment of INR 14999.00 logged for payment PAY-000848."
GT-000873,ORD-000873,CHARGEBACK_ADJUSTMENT,ADJUSTED,DETERMINISTIC_ESCALATION,UNRESOLVED_CHARGEBACK_DISPUTE_REQUIRES_HUMAN,True,False,HIGH,1299.00,"PAY-000849","SET-000809","Chargeback adjustment of INR 1299.00 logged for payment PAY-000849."
GT-000874,ORD-000874,CHARGEBACK_ADJUSTMENT,ADJUSTED,DETERMINISTIC_ESCALATION,UNRESOLVED_CHARGEBACK_DISPUTE_REQUIRES_HUMAN,True,False,HIGH,3499.00,"PAY-000850","SET-000810","Chargeback adjustment of INR 3499.00 logged for payment PAY-000850."
GT-000875,ORD-000875,CHARGEBACK_ADJUSTMENT,ADJUSTED,DETERMINISTIC_ESCALATION,UNRESOLVED_CHARGEBACK_DISPUTE_REQUIRES_HUMAN,True,False,HIGH,4999.00,"PAY-000851","SET-000811","Chargeback adjustment of INR 4999.00 logged for payment PAY-000851."
GT-000876,ORD-000876,CHARGEBACK_ADJUSTMENT,ADJUSTED,DETERMINISTIC_ESCALATION,UNRESOLVED_CHARGEBACK_DISPUTE_REQUIRES_HUMAN,True,False,HIGH,1999.00,"PAY-000852","SET-000812","Chargeback adjustment of INR 1999.00 logged for payment PAY-000852."
GT-000877,ORD-000877,REFUND,ADJUSTED,DETERMINISTIC_ESCALATION,CUSTOMER_REFUND_PROCESSED_REQUIRES_RECON,True,False,HIGH,49999.00,"PAY-000853","SET-000813","Full refund adjustment of INR 49999.00 processed for payment PAY-000853."
GT-000878,ORD-000878,REFUND,ADJUSTED,DETERMINISTIC_ESCALATION,CUSTOMER_REFUND_PROCESSED_REQUIRES_RECON,True,False,HIGH,4999.00,"PAY-000854","SET-000814","Full refund adjustment of INR 4999.00 processed for payment PAY-000854."
GT-000879,ORD-000879,REFUND,ADJUSTED,DETERMINISTIC_ESCALATION,CUSTOMER_REFUND_PROCESSED_REQUIRES_RECON,True,False,HIGH,1499.50,"PAY-000855","SET-000815","Full refund adjustment of INR 1499.50 processed for payment PAY-000855."
GT-000880,ORD-000880,REFUND,ADJUSTED,DETERMINISTIC_ESCALATION,CUSTOMER_REFUND_PROCESSED_REQUIRES_RECON,True,False,HIGH,9999.00,"PAY-000856","SET-000816","Full refund adjustment of INR 9999.00 processed for payment PAY-000856."
GT-000881,ORD-000881,REFUND,ADJUSTED,DETERMINISTIC_ESCALATION,CUSTOMER_REFUND_PROCESSED_REQUIRES_RECON,True,False,HIGH,4999.00,"PAY-000857","SET-000817","Full refund adjustment of INR 4999.00 processed for payment PAY-000857."
GT-000882,ORD-000882,REFUND,ADJUSTED,DETERMINISTIC_ESCALATION,CUSTOMER_REFUND_PROCESSED_REQUIRES_RECON,True,False,HIGH,3499.00,"PAY-000858","SET-000818","Full refund adjustment of INR 3499.00 processed for payment PAY-000858."
GT-000883,ORD-000883,REFUND,ADJUSTED,DETERMINISTIC_ESCALATION,CUSTOMER_REFUND_PROCESSED_REQUIRES_RECON,True,False,HIGH,49999.00,"PAY-000859","SET-000819","Full refund adjustment of INR 49999.00 processed for payment PAY-000859."
GT-000884,ORD-000884,REFUND,ADJUSTED,DETERMINISTIC_ESCALATION,CUSTOMER_REFUND_PROCESSED_REQUIRES_RECON,True,False,HIGH,2499.00,"PAY-000860","SET-000820","Full refund adjustment of INR 2499.00 processed for payment PAY-000860."
GT-000885,ORD-000885,REFUND,ADJUSTED,DETERMINISTIC_ESCALATION,CUSTOMER_REFUND_PROCESSED_REQUIRES_RECON,True,False,HIGH,4999.00,"PAY-000861","SET-000821","Full refund adjustment of INR 4999.00 processed for payment PAY-000861."
GT-000886,ORD-000886,REFUND,ADJUSTED,DETERMINISTIC_ESCALATION,CUSTOMER_REFUND_PROCESSED_REQUIRES_RECON,True,False,HIGH,9999.00,"PAY-000862","SET-000822","Full refund adjustment of INR 9999.00 processed for payment PAY-000862."
GT-000887,ORD-000887,REFUND,ADJUSTED,DETERMINISTIC_ESCALATION,CUSTOMER_REFUND_PROCESSED_REQUIRES_RECON,True,False,HIGH,2999.00,"PAY-000863","SET-000823","Full refund adjustment of INR 2999.00 processed for payment PAY-000863."
GT-000888,ORD-000888,REFUND,ADJUSTED,DETERMINISTIC_ESCALATION,CUSTOMER_REFUND_PROCESSED_REQUIRES_RECON,True,False,HIGH,9999.00,"PAY-000864","SET-000824","Full refund adjustment of INR 9999.00 processed for payment PAY-000864."
GT-000889,ORD-000889,REFUND,ADJUSTED,DETERMINISTIC_ESCALATION,CUSTOMER_REFUND_PROCESSED_REQUIRES_RECON,True,False,HIGH,7500.00,"PAY-000865","SET-000825","Full refund adjustment of INR 7500.00 processed for payment PAY-000865."
GT-000890,ORD-000890,REFUND,ADJUSTED,DETERMINISTIC_ESCALATION,CUSTOMER_REFUND_PROCESSED_REQUIRES_RECON,True,False,HIGH,999.00,"PAY-000866","SET-000826","Full refund adjustment of INR 999.00 processed for payment PAY-000866."
GT-000891,ORD-000891,REFUND,ADJUSTED,DETERMINISTIC_ESCALATION,CUSTOMER_REFUND_PROCESSED_REQUIRES_RECON,True,False,HIGH,1999.00,"PAY-000867","SET-000827","Full refund adjustment of INR 1999.00 processed for payment PAY-000867."
GT-000892,ORD-000892,REFUND,ADJUSTED,DETERMINISTIC_ESCALATION,CUSTOMER_REFUND_PROCESSED_REQUIRES_RECON,True,False,HIGH,1499.50,"PAY-000868","SET-000828","Full refund adjustment of INR 1499.50 processed for payment PAY-000868."
GT-000893,ORD-000893,REFUND,ADJUSTED,DETERMINISTIC_ESCALATION,CUSTOMER_REFUND_PROCESSED_REQUIRES_RECON,True,False,HIGH,299.00,"PAY-000869","SET-000829","Full refund adjustment of INR 299.00 processed for payment PAY-000869."
GT-000894,ORD-000894,REFUND,ADJUSTED,DETERMINISTIC_ESCALATION,CUSTOMER_REFUND_PROCESSED_REQUIRES_RECON,True,False,HIGH,25000.00,"PAY-000870","SET-000830","Full refund adjustment of INR 25000.00 processed for payment PAY-000870."
GT-000895,ORD-000895,REFUND,ADJUSTED,DETERMINISTIC_ESCALATION,CUSTOMER_REFUND_PROCESSED_REQUIRES_RECON,True,False,HIGH,1999.00,"PAY-000871","SET-000831","Full refund adjustment of INR 1999.00 processed for payment PAY-000871."
GT-000896,ORD-000896,REFUND,ADJUSTED,DETERMINISTIC_ESCALATION,CUSTOMER_REFUND_PROCESSED_REQUIRES_RECON,True,False,HIGH,25000.00,"PAY-000872","SET-000832","Full refund adjustment of INR 25000.00 processed for payment PAY-000872."
GT-000897,ORD-000897,REFUND,ADJUSTED,DETERMINISTIC_ESCALATION,CUSTOMER_REFUND_PROCESSED_REQUIRES_RECON,True,False,HIGH,3499.00,"PAY-000873","SET-000833","Full refund adjustment of INR 3499.00 processed for payment PAY-000873."
GT-000898,ORD-000898,REFUND,ADJUSTED,DETERMINISTIC_ESCALATION,CUSTOMER_REFUND_PROCESSED_REQUIRES_RECON,True,False,HIGH,799.00,"PAY-000874","SET-000834","Full refund adjustment of INR 799.00 processed for payment PAY-000874."
GT-000899,ORD-000899,REFUND,ADJUSTED,DETERMINISTIC_ESCALATION,CUSTOMER_REFUND_PROCESSED_REQUIRES_RECON,True,False,HIGH,14999.00,"PAY-000875","SET-000835","Full refund adjustment of INR 14999.00 processed for payment PAY-000875."
GT-000900,ORD-000900,REFUND,ADJUSTED,DETERMINISTIC_ESCALATION,CUSTOMER_REFUND_PROCESSED_REQUIRES_RECON,True,False,HIGH,49999.00,"PAY-000876","SET-000836","Full refund adjustment of INR 49999.00 processed for payment PAY-000876."
GT-000901,ORD-000901,ROUNDING_MISMATCH,DISCREPANCY_FOUND,AI_INVESTIGATION,TAX_LINE_ROUNDING_DISCREPANCY_AI_EXPLAINABLE,False,True,HIGH,0.05,"PAY-000877","SET-000837","Micro-discrepancy (INR 0.05) caused by itemized GST line rounding; AI can verify invoice tax lines."
GT-000902,ORD-000902,ROUNDING_MISMATCH,DISCREPANCY_FOUND,AI_INVESTIGATION,TAX_LINE_ROUNDING_DISCREPANCY_AI_EXPLAINABLE,False,True,HIGH,0.05,"PAY-000878","SET-000838","Micro-discrepancy (INR 0.05) caused by itemized GST line rounding; AI can verify invoice tax lines."
GT-000903,ORD-000903,ROUNDING_MISMATCH,DISCREPANCY_FOUND,AI_INVESTIGATION,TAX_LINE_ROUNDING_DISCREPANCY_AI_EXPLAINABLE,False,True,HIGH,0.05,"PAY-000879","SET-000839","Micro-discrepancy (INR 0.05) caused by itemized GST line rounding; AI can verify invoice tax lines."
GT-000904,ORD-000904,ROUNDING_MISMATCH,DISCREPANCY_FOUND,AI_INVESTIGATION,TAX_LINE_ROUNDING_DISCREPANCY_AI_EXPLAINABLE,False,True,HIGH,0.05,"PAY-000880","SET-000840","Micro-discrepancy (INR 0.05) caused by itemized GST line rounding; AI can verify invoice tax lines."
GT-000905,ORD-000905,ROUNDING_MISMATCH,DISCREPANCY_FOUND,AI_INVESTIGATION,TAX_LINE_ROUNDING_DISCREPANCY_AI_EXPLAINABLE,False,True,HIGH,0.05,"PAY-000881","SET-000841","Micro-discrepancy (INR 0.05) caused by itemized GST line rounding; AI can verify invoice tax lines."
GT-000906,ORD-000906,ROUNDING_MISMATCH,DISCREPANCY_FOUND,AI_INVESTIGATION,TAX_LINE_ROUNDING_DISCREPANCY_AI_EXPLAINABLE,False,True,HIGH,0.05,"PAY-000882","SET-000842","Micro-discrepancy (INR 0.05) caused by itemized GST line rounding; AI can verify invoice tax lines."
GT-000907,ORD-000907,ROUNDING_MISMATCH,DISCREPANCY_FOUND,AI_INVESTIGATION,TAX_LINE_ROUNDING_DISCREPANCY_AI_EXPLAINABLE,False,True,HIGH,0.05,"PAY-000883","SET-000843","Micro-discrepancy (INR 0.05) caused by itemized GST line rounding; AI can verify invoice tax lines."
GT-000908,ORD-000908,ROUNDING_MISMATCH,DISCREPANCY_FOUND,AI_INVESTIGATION,TAX_LINE_ROUNDING_DISCREPANCY_AI_EXPLAINABLE,False,True,HIGH,0.05,"PAY-000884","SET-000844","Micro-discrepancy (INR 0.05) caused by itemized GST line rounding; AI can verify invoice tax lines."
GT-000909,ORD-000909,ROUNDING_MISMATCH,DISCREPANCY_FOUND,AI_INVESTIGATION,TAX_LINE_ROUNDING_DISCREPANCY_AI_EXPLAINABLE,False,True,HIGH,0.05,"PAY-000885","SET-000845","Micro-discrepancy (INR 0.05) caused by itemized GST line rounding; AI can verify invoice tax lines."
GT-000910,ORD-000910,ROUNDING_MISMATCH,DISCREPANCY_FOUND,AI_INVESTIGATION,TAX_LINE_ROUNDING_DISCREPANCY_AI_EXPLAINABLE,False,True,HIGH,0.05,"PAY-000886","SET-000846","Micro-discrepancy (INR 0.05) caused by itemized GST line rounding; AI can verify invoice tax lines."
GT-000911,ORD-000911,ROUNDING_MISMATCH,DISCREPANCY_FOUND,AI_INVESTIGATION,TAX_LINE_ROUNDING_DISCREPANCY_AI_EXPLAINABLE,False,True,HIGH,0.05,"PAY-000887","SET-000847","Micro-discrepancy (INR 0.05) caused by itemized GST line rounding; AI can verify invoice tax lines."
GT-000912,ORD-000912,ROUNDING_MISMATCH,DISCREPANCY_FOUND,AI_INVESTIGATION,TAX_LINE_ROUNDING_DISCREPANCY_AI_EXPLAINABLE,False,True,HIGH,0.05,"PAY-000888","SET-000848","Micro-discrepancy (INR 0.05) caused by itemized GST line rounding; AI can verify invoice tax lines."
GT-000913,ORD-000913,ROUNDING_MISMATCH,DISCREPANCY_FOUND,AI_INVESTIGATION,TAX_LINE_ROUNDING_DISCREPANCY_AI_EXPLAINABLE,False,True,HIGH,0.05,"PAY-000889","SET-000849","Micro-discrepancy (INR 0.05) caused by itemized GST line rounding; AI can verify invoice tax lines."
GT-000914,ORD-000914,ROUNDING_MISMATCH,DISCREPANCY_FOUND,AI_INVESTIGATION,TAX_LINE_ROUNDING_DISCREPANCY_AI_EXPLAINABLE,False,True,HIGH,0.05,"PAY-000890","SET-000850","Micro-discrepancy (INR 0.05) caused by itemized GST line rounding; AI can verify invoice tax lines."
GT-000915,ORD-000915,ROUNDING_MISMATCH,DISCREPANCY_FOUND,AI_INVESTIGATION,TAX_LINE_ROUNDING_DISCREPANCY_AI_EXPLAINABLE,False,True,HIGH,0.05,"PAY-000891","SET-000851","Micro-discrepancy (INR 0.05) caused by itemized GST line rounding; AI can verify invoice tax lines."
GT-000916,ORD-000916,ROUNDING_MISMATCH,DISCREPANCY_FOUND,AI_INVESTIGATION,TAX_LINE_ROUNDING_DISCREPANCY_AI_EXPLAINABLE,False,True,HIGH,0.05,"PAY-000892","SET-000852","Micro-discrepancy (INR 0.05) caused by itemized GST line rounding; AI can verify invoice tax lines."
GT-000917,ORD-000917,ROUNDING_MISMATCH,DISCREPANCY_FOUND,AI_INVESTIGATION,TAX_LINE_ROUNDING_DISCREPANCY_AI_EXPLAINABLE,False,True,HIGH,0.05,"PAY-000893","SET-000853","Micro-discrepancy (INR 0.05) caused by itemized GST line rounding; AI can verify invoice tax lines."
GT-000918,ORD-000918,ROUNDING_MISMATCH,DISCREPANCY_FOUND,AI_INVESTIGATION,TAX_LINE_ROUNDING_DISCREPANCY_AI_EXPLAINABLE,False,True,HIGH,0.05,"PAY-000894","SET-000854","Micro-discrepancy (INR 0.05) caused by itemized GST line rounding; AI can verify invoice tax lines."
GT-000919,ORD-000919,ROUNDING_MISMATCH,DISCREPANCY_FOUND,AI_INVESTIGATION,TAX_LINE_ROUNDING_DISCREPANCY_AI_EXPLAINABLE,False,True,HIGH,0.05,"PAY-000895","SET-000855","Micro-discrepancy (INR 0.05) caused by itemized GST line rounding; AI can verify invoice tax lines."
GT-000920,ORD-000920,ROUNDING_MISMATCH,DISCREPANCY_FOUND,AI_INVESTIGATION,TAX_LINE_ROUNDING_DISCREPANCY_AI_EXPLAINABLE,False,True,HIGH,0.05,"PAY-000896","SET-000856","Micro-discrepancy (INR 0.05) caused by itemized GST line rounding; AI can verify invoice tax lines."
GT-000921,ORD-000921,REFERENCE_TYPO,DISCREPANCY_FOUND,AI_INVESTIGATION,SETTLEMENT_UTR_TYPO_FUZZY_MATCHABLE,False,True,MEDIUM,0.00,"PAY-000897","SET-000857","Bank settlement UTR has transposed characters (UTR-IND-00092121 vs UTR-IND-00092112); AI can reconstruct 1:1 match."
GT-000922,ORD-000922,REFERENCE_TYPO,DISCREPANCY_FOUND,AI_INVESTIGATION,SETTLEMENT_UTR_TYPO_FUZZY_MATCHABLE,False,True,MEDIUM,0.00,"PAY-000898","SET-000858","Bank settlement UTR has transposed characters (UTR-IND-00092221 vs UTR-IND-00092212); AI can reconstruct 1:1 match."
GT-000923,ORD-000923,REFERENCE_TYPO,DISCREPANCY_FOUND,AI_INVESTIGATION,SETTLEMENT_UTR_TYPO_FUZZY_MATCHABLE,False,True,MEDIUM,0.00,"PAY-000899","SET-000859","Bank settlement UTR has transposed characters (UTR-IND-00092321 vs UTR-IND-00092312); AI can reconstruct 1:1 match."
GT-000924,ORD-000924,REFERENCE_TYPO,DISCREPANCY_FOUND,AI_INVESTIGATION,SETTLEMENT_UTR_TYPO_FUZZY_MATCHABLE,False,True,MEDIUM,0.00,"PAY-000900","SET-000860","Bank settlement UTR has transposed characters (UTR-IND-00092421 vs UTR-IND-00092412); AI can reconstruct 1:1 match."
GT-000925,ORD-000925,REFERENCE_TYPO,DISCREPANCY_FOUND,AI_INVESTIGATION,SETTLEMENT_UTR_TYPO_FUZZY_MATCHABLE,False,True,MEDIUM,0.00,"PAY-000901","SET-000861","Bank settlement UTR has transposed characters (UTR-IND-00092521 vs UTR-IND-00092512); AI can reconstruct 1:1 match."
GT-000926,ORD-000926,REFERENCE_TYPO,DISCREPANCY_FOUND,AI_INVESTIGATION,SETTLEMENT_UTR_TYPO_FUZZY_MATCHABLE,False,True,MEDIUM,0.00,"PAY-000902","SET-000862","Bank settlement UTR has transposed characters (UTR-IND-00092621 vs UTR-IND-00092612); AI can reconstruct 1:1 match."
GT-000927,ORD-000927,REFERENCE_TYPO,DISCREPANCY_FOUND,AI_INVESTIGATION,SETTLEMENT_UTR_TYPO_FUZZY_MATCHABLE,False,True,MEDIUM,0.00,"PAY-000903","SET-000863","Bank settlement UTR has transposed characters (UTR-IND-00092721 vs UTR-IND-00092712); AI can reconstruct 1:1 match."
GT-000928,ORD-000928,REFERENCE_TYPO,DISCREPANCY_FOUND,AI_INVESTIGATION,SETTLEMENT_UTR_TYPO_FUZZY_MATCHABLE,False,True,MEDIUM,0.00,"PAY-000904","SET-000864","Bank settlement UTR has transposed characters (UTR-IND-00092821 vs UTR-IND-00092812); AI can reconstruct 1:1 match."
GT-000929,ORD-000929,REFERENCE_TYPO,DISCREPANCY_FOUND,AI_INVESTIGATION,SETTLEMENT_UTR_TYPO_FUZZY_MATCHABLE,False,True,MEDIUM,0.00,"PAY-000905","SET-000865","Bank settlement UTR has transposed characters (UTR-IND-00092921 vs UTR-IND-00092912); AI can reconstruct 1:1 match."
GT-000930,ORD-000930,REFERENCE_TYPO,DISCREPANCY_FOUND,AI_INVESTIGATION,SETTLEMENT_UTR_TYPO_FUZZY_MATCHABLE,False,True,MEDIUM,0.00,"PAY-000906","SET-000866","Bank settlement UTR has transposed characters (UTR-IND-00093021 vs UTR-IND-00093012); AI can reconstruct 1:1 match."
GT-000931,ORD-000931,REFERENCE_TYPO,DISCREPANCY_FOUND,AI_INVESTIGATION,SETTLEMENT_UTR_TYPO_FUZZY_MATCHABLE,False,True,MEDIUM,0.00,"PAY-000907","SET-000867","Bank settlement UTR has transposed characters (UTR-IND-00093121 vs UTR-IND-00093112); AI can reconstruct 1:1 match."
GT-000932,ORD-000932,REFERENCE_TYPO,DISCREPANCY_FOUND,AI_INVESTIGATION,SETTLEMENT_UTR_TYPO_FUZZY_MATCHABLE,False,True,MEDIUM,0.00,"PAY-000908","SET-000868","Bank settlement UTR has transposed characters (UTR-IND-00093221 vs UTR-IND-00093212); AI can reconstruct 1:1 match."
GT-000933,ORD-000933,REFERENCE_TYPO,DISCREPANCY_FOUND,AI_INVESTIGATION,SETTLEMENT_UTR_TYPO_FUZZY_MATCHABLE,False,True,MEDIUM,0.00,"PAY-000909","SET-000869","Bank settlement UTR has transposed characters (UTR-IND-00093321 vs UTR-IND-00093312); AI can reconstruct 1:1 match."
GT-000934,ORD-000934,REFERENCE_TYPO,DISCREPANCY_FOUND,AI_INVESTIGATION,SETTLEMENT_UTR_TYPO_FUZZY_MATCHABLE,False,True,MEDIUM,0.00,"PAY-000910","SET-000870","Bank settlement UTR has transposed characters (UTR-IND-00093421 vs UTR-IND-00093412); AI can reconstruct 1:1 match."
GT-000935,ORD-000935,REFERENCE_TYPO,DISCREPANCY_FOUND,AI_INVESTIGATION,SETTLEMENT_UTR_TYPO_FUZZY_MATCHABLE,False,True,MEDIUM,0.00,"PAY-000911","SET-000871","Bank settlement UTR has transposed characters (UTR-IND-00093521 vs UTR-IND-00093512); AI can reconstruct 1:1 match."
GT-000936,ORD-000936,REFERENCE_TYPO,DISCREPANCY_FOUND,AI_INVESTIGATION,SETTLEMENT_UTR_TYPO_FUZZY_MATCHABLE,False,True,MEDIUM,0.00,"PAY-000912","SET-000872","Bank settlement UTR has transposed characters (UTR-IND-00093621 vs UTR-IND-00093612); AI can reconstruct 1:1 match."
GT-000937,ORD-000937,REFERENCE_TYPO,DISCREPANCY_FOUND,AI_INVESTIGATION,SETTLEMENT_UTR_TYPO_FUZZY_MATCHABLE,False,True,MEDIUM,0.00,"PAY-000913","SET-000873","Bank settlement UTR has transposed characters (UTR-IND-00093721 vs UTR-IND-00093712); AI can reconstruct 1:1 match."
GT-000938,ORD-000938,REFERENCE_TYPO,DISCREPANCY_FOUND,AI_INVESTIGATION,SETTLEMENT_UTR_TYPO_FUZZY_MATCHABLE,False,True,MEDIUM,0.00,"PAY-000914","SET-000874","Bank settlement UTR has transposed characters (UTR-IND-00093821 vs UTR-IND-00093812); AI can reconstruct 1:1 match."
GT-000939,ORD-000939,REFERENCE_TYPO,DISCREPANCY_FOUND,AI_INVESTIGATION,SETTLEMENT_UTR_TYPO_FUZZY_MATCHABLE,False,True,MEDIUM,0.00,"PAY-000915","SET-000875","Bank settlement UTR has transposed characters (UTR-IND-00093921 vs UTR-IND-00093912); AI can reconstruct 1:1 match."
GT-000940,ORD-000940,REFERENCE_TYPO,DISCREPANCY_FOUND,AI_INVESTIGATION,SETTLEMENT_UTR_TYPO_FUZZY_MATCHABLE,False,True,MEDIUM,0.00,"PAY-000916","SET-000876","Bank settlement UTR has transposed characters (UTR-IND-00094021 vs UTR-IND-00094012); AI can reconstruct 1:1 match."
GT-000941,ORD-000941,MISSING_INVOICE,DISCREPANCY_FOUND,AI_INVESTIGATION,MISSING_INVOICE_ORDER_PAYMENT_VERIFIED,False,True,HIGH,0.00,"PAY-000917","SET-000877","Payment and settlement matched; invoice dropped by billing worker; AI can confirm validity for backfill."
GT-000942,ORD-000942,MISSING_INVOICE,DISCREPANCY_FOUND,AI_INVESTIGATION,MISSING_INVOICE_ORDER_PAYMENT_VERIFIED,False,True,HIGH,0.00,"PAY-000918","SET-000878","Payment and settlement matched; invoice dropped by billing worker; AI can confirm validity for backfill."
GT-000943,ORD-000943,MISSING_INVOICE,DISCREPANCY_FOUND,AI_INVESTIGATION,MISSING_INVOICE_ORDER_PAYMENT_VERIFIED,False,True,HIGH,0.00,"PAY-000919","SET-000879","Payment and settlement matched; invoice dropped by billing worker; AI can confirm validity for backfill."
GT-000944,ORD-000944,MISSING_INVOICE,DISCREPANCY_FOUND,AI_INVESTIGATION,MISSING_INVOICE_ORDER_PAYMENT_VERIFIED,False,True,HIGH,0.00,"PAY-000920","SET-000880","Payment and settlement matched; invoice dropped by billing worker; AI can confirm validity for backfill."
GT-000945,ORD-000945,MISSING_INVOICE,DISCREPANCY_FOUND,AI_INVESTIGATION,MISSING_INVOICE_ORDER_PAYMENT_VERIFIED,False,True,HIGH,0.00,"PAY-000921","SET-000881","Payment and settlement matched; invoice dropped by billing worker; AI can confirm validity for backfill."
GT-000946,ORD-000946,MISSING_INVOICE,DISCREPANCY_FOUND,AI_INVESTIGATION,MISSING_INVOICE_ORDER_PAYMENT_VERIFIED,False,True,HIGH,0.00,"PAY-000922","SET-000882","Payment and settlement matched; invoice dropped by billing worker; AI can confirm validity for backfill."
GT-000947,ORD-000947,MISSING_INVOICE,DISCREPANCY_FOUND,AI_INVESTIGATION,MISSING_INVOICE_ORDER_PAYMENT_VERIFIED,False,True,HIGH,0.00,"PAY-000923","SET-000883","Payment and settlement matched; invoice dropped by billing worker; AI can confirm validity for backfill."
GT-000948,ORD-000948,MISSING_INVOICE,DISCREPANCY_FOUND,AI_INVESTIGATION,MISSING_INVOICE_ORDER_PAYMENT_VERIFIED,False,True,HIGH,0.00,"PAY-000924","SET-000884","Payment and settlement matched; invoice dropped by billing worker; AI can confirm validity for backfill."
GT-000949,ORD-000949,MISSING_INVOICE,DISCREPANCY_FOUND,AI_INVESTIGATION,MISSING_INVOICE_ORDER_PAYMENT_VERIFIED,False,True,HIGH,0.00,"PAY-000925","SET-000885","Payment and settlement matched; invoice dropped by billing worker; AI can confirm validity for backfill."
GT-000950,ORD-000950,MISSING_INVOICE,DISCREPANCY_FOUND,AI_INVESTIGATION,MISSING_INVOICE_ORDER_PAYMENT_VERIFIED,False,True,HIGH,0.00,"PAY-000926","SET-000886","Payment and settlement matched; invoice dropped by billing worker; AI can confirm validity for backfill."
GT-000951,ORD-000951,AMBIGUOUS_CANDIDATE,DISCREPANCY_FOUND,AI_INVESTIGATION,DUPLICATE_CANDIDATE_PAYMENTS_REQUIRE_HUMAN_OPS,True,True,LOW,2499.00,"PAY-000927;PAY-000928","SET-000887","Two successful gateway payments (PAY-000927, PAY-000928) exist for same order; AI must escalate to ops."
GT-000952,ORD-000952,AMBIGUOUS_CANDIDATE,DISCREPANCY_FOUND,AI_INVESTIGATION,DUPLICATE_CANDIDATE_PAYMENTS_REQUIRE_HUMAN_OPS,True,True,LOW,2499.00,"PAY-000929;PAY-000930","SET-000888","Two successful gateway payments (PAY-000929, PAY-000930) exist for same order; AI must escalate to ops."
GT-000953,ORD-000953,AMBIGUOUS_CANDIDATE,DISCREPANCY_FOUND,AI_INVESTIGATION,DUPLICATE_CANDIDATE_PAYMENTS_REQUIRE_HUMAN_OPS,True,True,LOW,2499.00,"PAY-000931;PAY-000932","SET-000889","Two successful gateway payments (PAY-000931, PAY-000932) exist for same order; AI must escalate to ops."
GT-000954,ORD-000954,AMBIGUOUS_CANDIDATE,DISCREPANCY_FOUND,AI_INVESTIGATION,DUPLICATE_CANDIDATE_PAYMENTS_REQUIRE_HUMAN_OPS,True,True,LOW,2499.00,"PAY-000933;PAY-000934","SET-000890","Two successful gateway payments (PAY-000933, PAY-000934) exist for same order; AI must escalate to ops."
GT-000955,ORD-000955,AMBIGUOUS_CANDIDATE,DISCREPANCY_FOUND,AI_INVESTIGATION,DUPLICATE_CANDIDATE_PAYMENTS_REQUIRE_HUMAN_OPS,True,True,LOW,2499.00,"PAY-000935;PAY-000936","SET-000891","Two successful gateway payments (PAY-000935, PAY-000936) exist for same order; AI must escalate to ops."
GT-000956,ORD-000956,AMBIGUOUS_CANDIDATE,DISCREPANCY_FOUND,AI_INVESTIGATION,DUPLICATE_CANDIDATE_PAYMENTS_REQUIRE_HUMAN_OPS,True,True,LOW,2499.00,"PAY-000937;PAY-000938","SET-000892","Two successful gateway payments (PAY-000937, PAY-000938) exist for same order; AI must escalate to ops."
GT-000957,ORD-000957,AMBIGUOUS_CANDIDATE,DISCREPANCY_FOUND,AI_INVESTIGATION,DUPLICATE_CANDIDATE_PAYMENTS_REQUIRE_HUMAN_OPS,True,True,LOW,2499.00,"PAY-000939;PAY-000940","SET-000893","Two successful gateway payments (PAY-000939, PAY-000940) exist for same order; AI must escalate to ops."
GT-000958,ORD-000958,AMBIGUOUS_CANDIDATE,DISCREPANCY_FOUND,AI_INVESTIGATION,DUPLICATE_CANDIDATE_PAYMENTS_REQUIRE_HUMAN_OPS,True,True,LOW,2499.00,"PAY-000941;PAY-000942","SET-000894","Two successful gateway payments (PAY-000941, PAY-000942) exist for same order; AI must escalate to ops."
GT-000959,ORD-000959,AMBIGUOUS_CANDIDATE,DISCREPANCY_FOUND,AI_INVESTIGATION,DUPLICATE_CANDIDATE_PAYMENTS_REQUIRE_HUMAN_OPS,True,True,LOW,2499.00,"PAY-000943;PAY-000944","SET-000895","Two successful gateway payments (PAY-000943, PAY-000944) exist for same order; AI must escalate to ops."
GT-000960,ORD-000960,AMBIGUOUS_CANDIDATE,DISCREPANCY_FOUND,AI_INVESTIGATION,DUPLICATE_CANDIDATE_PAYMENTS_REQUIRE_HUMAN_OPS,True,True,LOW,2499.00,"PAY-000945;PAY-000946","SET-000896","Two successful gateway payments (PAY-000945, PAY-000946) exist for same order; AI must escalate to ops."
GT-000961,ORD-000961,AMBIGUOUS_CANDIDATE,DISCREPANCY_FOUND,AI_INVESTIGATION,DUPLICATE_CANDIDATE_PAYMENTS_REQUIRE_HUMAN_OPS,True,True,LOW,2499.00,"PAY-000947;PAY-000948","SET-000897","Two successful gateway payments (PAY-000947, PAY-000948) exist for same order; AI must escalate to ops."
GT-000962,ORD-000962,AMBIGUOUS_CANDIDATE,DISCREPANCY_FOUND,AI_INVESTIGATION,DUPLICATE_CANDIDATE_PAYMENTS_REQUIRE_HUMAN_OPS,True,True,LOW,2499.00,"PAY-000949;PAY-000950","SET-000898","Two successful gateway payments (PAY-000949, PAY-000950) exist for same order; AI must escalate to ops."
GT-000963,ORD-000963,AMBIGUOUS_CANDIDATE,DISCREPANCY_FOUND,AI_INVESTIGATION,DUPLICATE_CANDIDATE_PAYMENTS_REQUIRE_HUMAN_OPS,True,True,LOW,2499.00,"PAY-000951;PAY-000952","SET-000899","Two successful gateway payments (PAY-000951, PAY-000952) exist for same order; AI must escalate to ops."
GT-000964,ORD-000964,AMBIGUOUS_CANDIDATE,DISCREPANCY_FOUND,AI_INVESTIGATION,DUPLICATE_CANDIDATE_PAYMENTS_REQUIRE_HUMAN_OPS,True,True,LOW,2499.00,"PAY-000953;PAY-000954","SET-000900","Two successful gateway payments (PAY-000953, PAY-000954) exist for same order; AI must escalate to ops."
GT-000965,ORD-000965,AMBIGUOUS_CANDIDATE,DISCREPANCY_FOUND,AI_INVESTIGATION,DUPLICATE_CANDIDATE_PAYMENTS_REQUIRE_HUMAN_OPS,True,True,LOW,2499.00,"PAY-000955;PAY-000956","SET-000901","Two successful gateway payments (PAY-000955, PAY-000956) exist for same order; AI must escalate to ops."
GT-000966,ORD-000966,AMBIGUOUS_CANDIDATE,DISCREPANCY_FOUND,AI_INVESTIGATION,DUPLICATE_CANDIDATE_PAYMENTS_REQUIRE_HUMAN_OPS,True,True,LOW,2499.00,"PAY-000957;PAY-000958","SET-000902","Two successful gateway payments (PAY-000957, PAY-000958) exist for same order; AI must escalate to ops."
GT-000967,ORD-000967,AMBIGUOUS_CANDIDATE,DISCREPANCY_FOUND,AI_INVESTIGATION,DUPLICATE_CANDIDATE_PAYMENTS_REQUIRE_HUMAN_OPS,True,True,LOW,2499.00,"PAY-000959;PAY-000960","SET-000903","Two successful gateway payments (PAY-000959, PAY-000960) exist for same order; AI must escalate to ops."
GT-000968,ORD-000968,AMBIGUOUS_CANDIDATE,DISCREPANCY_FOUND,AI_INVESTIGATION,DUPLICATE_CANDIDATE_PAYMENTS_REQUIRE_HUMAN_OPS,True,True,LOW,2499.00,"PAY-000961;PAY-000962","SET-000904","Two successful gateway payments (PAY-000961, PAY-000962) exist for same order; AI must escalate to ops."
GT-000969,ORD-000969,AMBIGUOUS_CANDIDATE,DISCREPANCY_FOUND,AI_INVESTIGATION,DUPLICATE_CANDIDATE_PAYMENTS_REQUIRE_HUMAN_OPS,True,True,LOW,2499.00,"PAY-000963;PAY-000964","SET-000905","Two successful gateway payments (PAY-000963, PAY-000964) exist for same order; AI must escalate to ops."
GT-000970,ORD-000970,AMBIGUOUS_CANDIDATE,DISCREPANCY_FOUND,AI_INVESTIGATION,DUPLICATE_CANDIDATE_PAYMENTS_REQUIRE_HUMAN_OPS,True,True,LOW,2499.00,"PAY-000965;PAY-000966","SET-000906","Two successful gateway payments (PAY-000965, PAY-000966) exist for same order; AI must escalate to ops."
GT-000971,ORD-000971,INSUFFICIENT_EVIDENCE,UNMATCHED,AI_INVESTIGATION,GENUINE_INSUFFICIENT_EVIDENCE_FOR_SAFE_RECON,True,True,NONE,9999.00,"","","Abandoned order with unlinked manual debit; insufficient evidence across all sources; AI safely escalates."
GT-000972,ORD-000972,INSUFFICIENT_EVIDENCE,UNMATCHED,AI_INVESTIGATION,GENUINE_INSUFFICIENT_EVIDENCE_FOR_SAFE_RECON,True,True,NONE,9999.00,"","","Abandoned order with unlinked manual debit; insufficient evidence across all sources; AI safely escalates."
GT-000973,ORD-000973,INSUFFICIENT_EVIDENCE,UNMATCHED,AI_INVESTIGATION,GENUINE_INSUFFICIENT_EVIDENCE_FOR_SAFE_RECON,True,True,NONE,9999.00,"","","Abandoned order with unlinked manual debit; insufficient evidence across all sources; AI safely escalates."
GT-000974,ORD-000974,INSUFFICIENT_EVIDENCE,UNMATCHED,AI_INVESTIGATION,GENUINE_INSUFFICIENT_EVIDENCE_FOR_SAFE_RECON,True,True,NONE,9999.00,"","","Abandoned order with unlinked manual debit; insufficient evidence across all sources; AI safely escalates."
GT-000975,ORD-000975,INSUFFICIENT_EVIDENCE,UNMATCHED,AI_INVESTIGATION,GENUINE_INSUFFICIENT_EVIDENCE_FOR_SAFE_RECON,True,True,NONE,9999.00,"","","Abandoned order with unlinked manual debit; insufficient evidence across all sources; AI safely escalates."
GT-000976,ORD-000976,INSUFFICIENT_EVIDENCE,UNMATCHED,AI_INVESTIGATION,GENUINE_INSUFFICIENT_EVIDENCE_FOR_SAFE_RECON,True,True,NONE,9999.00,"","","Abandoned order with unlinked manual debit; insufficient evidence across all sources; AI safely escalates."
GT-000977,ORD-000977,INSUFFICIENT_EVIDENCE,UNMATCHED,AI_INVESTIGATION,GENUINE_INSUFFICIENT_EVIDENCE_FOR_SAFE_RECON,True,True,NONE,9999.00,"","","Abandoned order with unlinked manual debit; insufficient evidence across all sources; AI safely escalates."
GT-000978,ORD-000978,INSUFFICIENT_EVIDENCE,UNMATCHED,AI_INVESTIGATION,GENUINE_INSUFFICIENT_EVIDENCE_FOR_SAFE_RECON,True,True,NONE,9999.00,"","","Abandoned order with unlinked manual debit; insufficient evidence across all sources; AI safely escalates."
GT-000979,ORD-000979,INSUFFICIENT_EVIDENCE,UNMATCHED,AI_INVESTIGATION,GENUINE_INSUFFICIENT_EVIDENCE_FOR_SAFE_RECON,True,True,NONE,9999.00,"","","Abandoned order with unlinked manual debit; insufficient evidence across all sources; AI safely escalates."
GT-000980,ORD-000980,INSUFFICIENT_EVIDENCE,UNMATCHED,AI_INVESTIGATION,GENUINE_INSUFFICIENT_EVIDENCE_FOR_SAFE_RECON,True,True,NONE,9999.00,"","","Abandoned order with unlinked manual debit; insufficient evidence across all sources; AI safely escalates."
GT-000981,ORD-000981,INSUFFICIENT_EVIDENCE,UNMATCHED,AI_INVESTIGATION,GENUINE_INSUFFICIENT_EVIDENCE_FOR_SAFE_RECON,True,True,NONE,9999.00,"","","Abandoned order with unlinked manual debit; insufficient evidence across all sources; AI safely escalates."
GT-000982,ORD-000982,INSUFFICIENT_EVIDENCE,UNMATCHED,AI_INVESTIGATION,GENUINE_INSUFFICIENT_EVIDENCE_FOR_SAFE_RECON,True,True,NONE,9999.00,"","","Abandoned order with unlinked manual debit; insufficient evidence across all sources; AI safely escalates."
GT-000983,ORD-000983,INSUFFICIENT_EVIDENCE,UNMATCHED,AI_INVESTIGATION,GENUINE_INSUFFICIENT_EVIDENCE_FOR_SAFE_RECON,True,True,NONE,9999.00,"","","Abandoned order with unlinked manual debit; insufficient evidence across all sources; AI safely escalates."
GT-000984,ORD-000984,INSUFFICIENT_EVIDENCE,UNMATCHED,AI_INVESTIGATION,GENUINE_INSUFFICIENT_EVIDENCE_FOR_SAFE_RECON,True,True,NONE,9999.00,"","","Abandoned order with unlinked manual debit; insufficient evidence across all sources; AI safely escalates."
GT-000985,ORD-000985,INSUFFICIENT_EVIDENCE,UNMATCHED,AI_INVESTIGATION,GENUINE_INSUFFICIENT_EVIDENCE_FOR_SAFE_RECON,True,True,NONE,9999.00,"","","Abandoned order with unlinked manual debit; insufficient evidence across all sources; AI safely escalates."
GT-000986,ORD-000986,INSUFFICIENT_EVIDENCE,UNMATCHED,AI_INVESTIGATION,GENUINE_INSUFFICIENT_EVIDENCE_FOR_SAFE_RECON,True,True,NONE,9999.00,"","","Abandoned order with unlinked manual debit; insufficient evidence across all sources; AI safely escalates."
GT-000987,ORD-000987,INSUFFICIENT_EVIDENCE,UNMATCHED,AI_INVESTIGATION,GENUINE_INSUFFICIENT_EVIDENCE_FOR_SAFE_RECON,True,True,NONE,9999.00,"","","Abandoned order with unlinked manual debit; insufficient evidence across all sources; AI safely escalates."
GT-000988,ORD-000988,INSUFFICIENT_EVIDENCE,UNMATCHED,AI_INVESTIGATION,GENUINE_INSUFFICIENT_EVIDENCE_FOR_SAFE_RECON,True,True,NONE,9999.00,"","","Abandoned order with unlinked manual debit; insufficient evidence across all sources; AI safely escalates."
GT-000989,ORD-000989,INSUFFICIENT_EVIDENCE,UNMATCHED,AI_INVESTIGATION,GENUINE_INSUFFICIENT_EVIDENCE_FOR_SAFE_RECON,True,True,NONE,9999.00,"","","Abandoned order with unlinked manual debit; insufficient evidence across all sources; AI safely escalates."
GT-000990,ORD-000990,INSUFFICIENT_EVIDENCE,UNMATCHED,AI_INVESTIGATION,GENUINE_INSUFFICIENT_EVIDENCE_FOR_SAFE_RECON,True,True,NONE,9999.00,"","","Abandoned order with unlinked manual debit; insufficient evidence across all sources; AI safely escalates."
GT-000991,ORD-000991,MISSING_SETTLEMENT,DISCREPANCY_FOUND,AI_INVESTIGATION,PAYMENT_CAPTURED_SETTLEMENT_NOT_FOUND,True,True,MEDIUM,7500.00,"PAY-000967","","Payment captured with UTR but settlement payout not acknowledged by bank; AI routes to banking operations."
GT-000992,ORD-000992,MISSING_SETTLEMENT,DISCREPANCY_FOUND,AI_INVESTIGATION,PAYMENT_CAPTURED_SETTLEMENT_NOT_FOUND,True,True,MEDIUM,9999.00,"PAY-000968","","Payment captured with UTR but settlement payout not acknowledged by bank; AI routes to banking operations."
GT-000993,ORD-000993,MISSING_SETTLEMENT,DISCREPANCY_FOUND,AI_INVESTIGATION,PAYMENT_CAPTURED_SETTLEMENT_NOT_FOUND,True,True,MEDIUM,25000.00,"PAY-000969","","Payment captured with UTR but settlement payout not acknowledged by bank; AI routes to banking operations."
GT-000994,ORD-000994,MISSING_SETTLEMENT,DISCREPANCY_FOUND,AI_INVESTIGATION,PAYMENT_CAPTURED_SETTLEMENT_NOT_FOUND,True,True,MEDIUM,1299.00,"PAY-000970","","Payment captured with UTR but settlement payout not acknowledged by bank; AI routes to banking operations."
GT-000995,ORD-000995,MISSING_SETTLEMENT,DISCREPANCY_FOUND,AI_INVESTIGATION,PAYMENT_CAPTURED_SETTLEMENT_NOT_FOUND,True,True,MEDIUM,7500.00,"PAY-000971","","Payment captured with UTR but settlement payout not acknowledged by bank; AI routes to banking operations."
GT-000996,ORD-000996,MISSING_SETTLEMENT,DISCREPANCY_FOUND,AI_INVESTIGATION,PAYMENT_CAPTURED_SETTLEMENT_NOT_FOUND,True,True,MEDIUM,299.00,"PAY-000972","","Payment captured with UTR but settlement payout not acknowledged by bank; AI routes to banking operations."
GT-000997,ORD-000997,MISSING_SETTLEMENT,DISCREPANCY_FOUND,AI_INVESTIGATION,PAYMENT_CAPTURED_SETTLEMENT_NOT_FOUND,True,True,MEDIUM,49999.00,"PAY-000973","","Payment captured with UTR but settlement payout not acknowledged by bank; AI routes to banking operations."
GT-000998,ORD-000998,MISSING_SETTLEMENT,DISCREPANCY_FOUND,AI_INVESTIGATION,PAYMENT_CAPTURED_SETTLEMENT_NOT_FOUND,True,True,MEDIUM,999.00,"PAY-000974","","Payment captured with UTR but settlement payout not acknowledged by bank; AI routes to banking operations."
GT-000999,ORD-000999,MISSING_SETTLEMENT,DISCREPANCY_FOUND,AI_INVESTIGATION,PAYMENT_CAPTURED_SETTLEMENT_NOT_FOUND,True,True,MEDIUM,3499.00,"PAY-000975","","Payment captured with UTR but settlement payout not acknowledged by bank; AI routes to banking operations."
GT-001000,ORD-001000,MISSING_SETTLEMENT,DISCREPANCY_FOUND,AI_INVESTIGATION,PAYMENT_CAPTURED_SETTLEMENT_NOT_FOUND,True,True,MEDIUM,14999.00,"PAY-000976","","Payment captured with UTR but settlement payout not acknowledged by bank; AI routes to banking operations."
