invoice_id,order_id,amount,tax_lines_json,created_at
INV-000001,ORD-000001,999.00,"{""base_amount"":846.61,""cgst"":76.19,""sgst"":76.2,""igst"":0.0,""tax_rate"":0.18}",2026-08-08T03:18:00+00:00
INV-000002,ORD-000002,2499.00,"{""base_amount"":2117.8,""cgst"":190.6,""sgst"":190.6,""igst"":0.0,""tax_rate"":0.18}",2026-08-15T06:35:00+00:00
INV-000003,ORD-000003,999.00,"{""base_amount"":846.61,""cgst"":76.19,""sgst"":76.2,""igst"":0.0,""tax_rate"":0.18}",2026-08-22T09:52:00+00:00
INV-000004,ORD-000004,499.00,"{""base_amount"":422.88,""cgst"":38.06,""sgst"":38.06,""igst"":0.0,""tax_rate"":0.18}",2026-08-04T12:09:00+00:00
INV-000005,ORD-000005,1999.00,"{""base_amount"":1694.07,""cgst"":152.47,""sgst"":152.46,""igst"":0.0,""tax_rate"":0.18}",2026-08-11T15:26:00+00:00
INV-000006,ORD-000006,299.00,"{""base_amount"":253.39,""cgst"":22.8,""sgst"":22.81,""igst"":0.0,""tax_rate"":0.18}",2026-08-18T18:43:00+00:00
INV-000007,ORD-000007,14999.00,"{""base_amount"":12711.02,""cgst"":1143.99,""sgst"":1143.99,""igst"":0.0,""tax_rate"":0.18}",2026-08-25T22:00:00+00:00
INV-000008,ORD-000008,2999.00,"{""base_amount"":2541.53,""cgst"":228.74,""sgst"":228.73,""igst"":0.0,""tax_rate"":0.18}",2026-08-07T00:17:00+00:00
INV-000009,ORD-000009,14999.00,"{""base_amount"":12711.02,""cgst"":1143.99,""sgst"":1143.99,""igst"":0.0,""tax_rate"":0.18}",2026-08-14T03:34:00+00:00
INV-000010,ORD-000010,1299.00,"{""base_amount"":1100.85,""cgst"":99.08,""sgst"":99.07,""igst"":0.0,""tax_rate"":0.18}",2026-08-21T06:51:00+00:00
INV-000011,ORD-000011,999.00,"{""base_amount"":846.61,""cgst"":76.19,""sgst"":76.2,""igst"":0.0,""tax_rate"":0.18}",2026-08-03T09:08:00+00:00
INV-000012,ORD-000012,999.00,"{""base_amount"":846.61,""cgst"":76.19,""sgst"":76.2,""igst"":0.0,""tax_rate"":0.18}",2026-08-10T12:25:00+00:00
INV-000013,ORD-000013,2999.00,"{""base_amount"":2541.53,""cgst"":228.74,""sgst"":228.73,""igst"":0.0,""tax_rate"":0.18}",2026-08-17T15:42:00+00:00
INV-000014,ORD-000014,999.00,"{""base_amount"":846.61,""cgst"":76.19,""sgst"":76.2,""igst"":0.0,""tax_rate"":0.18}",2026-08-24T18:59:00+00:00
INV-000015,ORD-000015,3499.00,"{""base_amount"":2965.25,""cgst"":266.88,""sgst"":266.87,""igst"":0.0,""tax_rate"":0.18}",2026-08-06T21:16:00+00:00
INV-000016,ORD-000016,799.00,"{""base_amount"":677.12,""cgst"":60.94,""sgst"":60.94,""igst"":0.0,""tax_rate"":0.18}",2026-08-13T00:33:00+00:00
INV-000017,ORD-000017,3499.00,"{""base_amount"":2965.25,""cgst"":266.88,""sgst"":266.87,""igst"":0.0,""tax_rate"":0.18}",2026-08-20T03:50:00+00:00
INV-000018,ORD-000018,999.00,"{""base_amount"":846.61,""cgst"":76.19,""sgst"":76.2,""igst"":0.0,""tax_rate"":0.18}",2026-08-02T06:07:00+00:00
INV-000019,ORD-000019,25000.00,"{""base_amount"":21186.44,""cgst"":1906.78,""sgst"":1906.78,""igst"":0.0,""tax_rate"":0.18}",2026-08-09T09:24:00+00:00
INV-000020,ORD-000020,7500.00,"{""base_amount"":6355.93,""cgst"":572.03,""sgst"":572.04,""igst"":0.0,""tax_rate"":0.18}",2026-08-16T12:41:00+00:00
INV-000021,ORD-000021,2999.00,"{""base_amount"":2541.53,""cgst"":228.74,""sgst"":228.73,""igst"":0.0,""tax_rate"":0.18}",2026-08-23T15:58:00+00:00
INV-000022,ORD-000022,2499.00,"{""base_amount"":2117.8,""cgst"":190.6,""sgst"":190.6,""igst"":0.0,""tax_rate"":0.18}",2026-08-05T18:15:00+00:00
INV-000023,ORD-000023,9999.00,"{""base_amount"":8473.73,""cgst"":762.63,""sgst"":762.64,""igst"":0.0,""tax_rate"":0.18}",2026-08-12T21:32:00+00:00
INV-000024,ORD-000024,2499.00,"{""base_amount"":2117.8,""cgst"":190.6,""sgst"":190.6,""igst"":0.0,""tax_rate"":0.18}",2026-08-19T00:49:00+00:00
INV-000025,ORD-000025,2499.00,"{""base_amount"":2117.8,""cgst"":190.6,""sgst"":190.6,""igst"":0.0,""tax_rate"":0.18}",2026-08-01T03:06:00+00:00
INV-000026,ORD-000026,9999.00,"{""base_amount"":8473.73,""cgst"":762.63,""sgst"":762.64,""igst"":0.0,""tax_rate"":0.18}",2026-08-08T06:23:00+00:00
INV-000027,ORD-000027,1999.00,"{""base_amount"":1694.07,""cgst"":152.47,""sgst"":152.46,""igst"":0.0,""tax_rate"":0.18}",2026-08-15T09:40:00+00:00
INV-000028,ORD-000028,49999.00,"{""base_amount"":42372.03,""cgst"":3813.49,""sgst"":3813.48,""igst"":0.0,""tax_rate"":0.18}",2026-08-22T12:57:00+00:00
INV-000029,ORD-000029,1299.00,"{""base_amount"":1100.85,""cgst"":99.08,""sgst"":99.07,""igst"":0.0,""tax_rate"":0.18}",2026-08-04T15:14:00+00:00
INV-000030,ORD-000030,2499.00,"{""base_amount"":2117.8,""cgst"":190.6,""sgst"":190.6,""igst"":0.0,""tax_rate"":0.18}",2026-08-11T18:31:00+00:00
INV-000031,ORD-000031,9999.00,"{""base_amount"":8473.73,""cgst"":762.63,""sgst"":762.64,""igst"":0.0,""tax_rate"":0.18}",2026-08-18T21:48:00+00:00
INV-000032,ORD-000032,1299.00,"{""base_amount"":1100.85,""cgst"":99.08,""sgst"":99.07,""igst"":0.0,""tax_rate"":0.18}",2026-08-25T00:05:00+00:00
INV-000033,ORD-000033,499.00,"{""base_amount"":422.88,""cgst"":38.06,""sgst"":38.06,""igst"":0.0,""tax_rate"":0.18}",2026-08-07T03:22:00+00:00
INV-000034,ORD-000034,1499.50,"{""base_amount"":1270.76,""cgst"":114.37,""sgst"":114.37,""igst"":0.0,""tax_rate"":0.18}",2026-08-14T06:39:00+00:00
INV-000035,ORD-000035,9999.00,"{""base_amount"":8473.73,""cgst"":762.63,""sgst"":762.64,""igst"":0.0,""tax_rate"":0.18}",2026-08-21T09:56:00+00:00
INV-000036,ORD-000036,2999.00,"{""base_amount"":2541.53,""cgst"":228.74,""sgst"":228.73,""igst"":0.0,""tax_rate"":0.18}",2026-08-03T12:13:00+00:00
INV-000037,ORD-000037,2999.00,"{""base_amount"":2541.53,""cgst"":228.74,""sgst"":228.73,""igst"":0.0,""tax_rate"":0.18}",2026-08-10T15:30:00+00:00
INV-000038,ORD-000038,3499.00,"{""base_amount"":2965.25,""cgst"":266.88,""sgst"":266.87,""igst"":0.0,""tax_rate"":0.18}",2026-08-17T18:47:00+00:00
INV-000039,ORD-000039,25000.00,"{""base_amount"":21186.44,""cgst"":1906.78,""sgst"":1906.78,""igst"":0.0,""tax_rate"":0.18}",2026-08-24T21:04:00+00:00
INV-000040,ORD-000040,1499.50,"{""base_amount"":1270.76,""cgst"":114.37,""sgst"":114.37,""igst"":0.0,""tax_rate"":0.18}",2026-08-06T00:21:00+00:00
INV-000041,ORD-000041,1999.00,"{""base_amount"":1694.07,""cgst"":152.47,""sgst"":152.46,""igst"":0.0,""tax_rate"":0.18}",2026-08-13T03:38:00+00:00
INV-000042,ORD-000042,1499.50,"{""base_amount"":1270.76,""cgst"":114.37,""sgst"":114.37,""igst"":0.0,""tax_rate"":0.18}",2026-08-20T06:55:00+00:00
INV-000043,ORD-000043,49999.00,"{""base_amount"":42372.03,""cgst"":3813.49,""sgst"":3813.48,""igst"":0.0,""tax_rate"":0.18}",2026-08-02T09:12:00+00:00
INV-000044,ORD-000044,7500.00,"{""base_amount"":6355.93,""cgst"":572.03,""sgst"":572.04,""igst"":0.0,""tax_rate"":0.18}",2026-08-09T12:29:00+00:00
INV-000045,ORD-000045,499.00,"{""base_amount"":422.88,""cgst"":38.06,""sgst"":38.06,""igst"":0.0,""tax_rate"":0.18}",2026-08-16T15:46:00+00:00
INV-000046,ORD-000046,799.00,"{""base_amount"":677.12,""cgst"":60.94,""sgst"":60.94,""igst"":0.0,""tax_rate"":0.18}",2026-08-23T18:03:00+00:00
INV-000047,ORD-000047,1299.00,"{""base_amount"":1100.85,""cgst"":99.08,""sgst"":99.07,""igst"":0.0,""tax_rate"":0.18}",2026-08-05T21:20:00+00:00
INV-000048,ORD-000048,1499.50,"{""base_amount"":1270.76,""cgst"":114.37,""sgst"":114.37,""igst"":0.0,""tax_rate"":0.18}",2026-08-12T00:37:00+00:00
INV-000049,ORD-000049,14999.00,"{""base_amount"":12711.02,""cgst"":1143.99,""sgst"":1143.99,""igst"":0.0,""tax_rate"":0.18}",2026-08-19T03:54:00+00:00
INV-000050,ORD-000050,1999.00,"{""base_amount"":1694.07,""cgst"":152.47,""sgst"":152.46,""igst"":0.0,""tax_rate"":0.18}",2026-08-01T06:11:00+00:00
INV-000051,ORD-000051,7500.00,"{""base_amount"":6355.93,""cgst"":572.03,""sgst"":572.04,""igst"":0.0,""tax_rate"":0.18}",2026-08-08T09:28:00+00:00
INV-000052,ORD-000052,25000.00,"{""base_amount"":21186.44,""cgst"":1906.78,""sgst"":1906.78,""igst"":0.0,""tax_rate"":0.18}",2026-08-15T12:45:00+00:00
INV-000053,ORD-000053,2499.00,"{""base_amount"":2117.8,""cgst"":190.6,""sgst"":190.6,""igst"":0.0,""tax_rate"":0.18}",2026-08-22T15:02:00+00:00
INV-000054,ORD-000054,299.00,"{""base_amount"":253.39,""cgst"":22.8,""sgst"":22.81,""igst"":0.0,""tax_rate"":0.18}",2026-08-04T18:19:00+00:00
INV-000055,ORD-000055,299.00,"{""base_amount"":253.39,""cgst"":22.8,""sgst"":22.81,""igst"":0.0,""tax_rate"":0.18}",2026-08-11T21:36:00+00:00
INV-000056,ORD-000056,2499.00,"{""base_amount"":2117.8,""cgst"":190.6,""sgst"":190.6,""igst"":0.0,""tax_rate"":0.18}",2026-08-18T00:53:00+00:00
INV-000057,ORD-000057,4999.00,"{""base_amount"":4236.44,""cgst"":381.28,""sgst"":381.28,""igst"":0.0,""tax_rate"":0.18}",2026-08-25T03:10:00+00:00
INV-000058,ORD-000058,2499.00,"{""base_amount"":2117.8,""cgst"":190.6,""sgst"":190.6,""igst"":0.0,""tax_rate"":0.18}",2026-08-07T06:27:00+00:00
INV-000059,ORD-000059,1999.00,"{""base_amount"":1694.07,""cgst"":152.47,""sgst"":152.46,""igst"":0.0,""tax_rate"":0.18}",2026-08-14T09:44:00+00:00
INV-000060,ORD-000060,2499.00,"{""base_amount"":2117.8,""cgst"":190.6,""sgst"":190.6,""igst"":0.0,""tax_rate"":0.18}",2026-08-21T12:01:00+00:00
INV-000061,ORD-000061,1999.00,"{""base_amount"":1694.07,""cgst"":152.47,""sgst"":152.46,""igst"":0.0,""tax_rate"":0.18}",2026-08-03T15:18:00+00:00
INV-000062,ORD-000062,14999.00,"{""base_amount"":12711.02,""cgst"":1143.99,""sgst"":1143.99,""igst"":0.0,""tax_rate"":0.18}",2026-08-10T18:35:00+00:00
INV-000063,ORD-000063,14999.00,"{""base_amount"":12711.02,""cgst"":1143.99,""sgst"":1143.99,""igst"":0.0,""tax_rate"":0.18}",2026-08-17T21:52:00+00:00
INV-000064,ORD-000064,999.00,"{""base_amount"":846.61,""cgst"":76.19,""sgst"":76.2,""igst"":0.0,""tax_rate"":0.18}",2026-08-24T00:09:00+00:00
INV-000065,ORD-000065,4999.00,"{""base_amount"":4236.44,""cgst"":381.28,""sgst"":381.28,""igst"":0.0,""tax_rate"":0.18}",2026-08-06T03:26:00+00:00
INV-000066,ORD-000066,1999.00,"{""base_amount"":1694.07,""cgst"":152.47,""sgst"":152.46,""igst"":0.0,""tax_rate"":0.18}",2026-08-13T06:43:00+00:00
INV-000067,ORD-000067,25000.00,"{""base_amount"":21186.44,""cgst"":1906.78,""sgst"":1906.78,""igst"":0.0,""tax_rate"":0.18}",2026-08-20T10:00:00+00:00
INV-000068,ORD-000068,1499.50,"{""base_amount"":1270.76,""cgst"":114.37,""sgst"":114.37,""igst"":0.0,""tax_rate"":0.18}",2026-08-02T12:17:00+00:00
INV-000069,ORD-000069,2499.00,"{""base_amount"":2117.8,""cgst"":190.6,""sgst"":190.6,""igst"":0.0,""tax_rate"":0.18}",2026-08-09T15:34:00+00:00
INV-000070,ORD-000070,999.00,"{""base_amount"":846.61,""cgst"":76.19,""sgst"":76.2,""igst"":0.0,""tax_rate"":0.18}",2026-08-16T18:51:00+00:00
INV-000071,ORD-000071,299.00,"{""base_amount"":253.39,""cgst"":22.8,""sgst"":22.81,""igst"":0.0,""tax_rate"":0.18}",2026-08-23T21:08:00+00:00
INV-000072,ORD-000072,1499.50,"{""base_amount"":1270.76,""cgst"":114.37,""sgst"":114.37,""igst"":0.0,""tax_rate"":0.18}",2026-08-05T00:25:00+00:00
INV-000073,ORD-000073,49999.00,"{""base_amount"":42372.03,""cgst"":3813.49,""sgst"":3813.48,""igst"":0.0,""tax_rate"":0.18}",2026-08-12T03:42:00+00:00
INV-000074,ORD-000074,499.00,"{""base_amount"":422.88,""cgst"":38.06,""sgst"":38.06,""igst"":0.0,""tax_rate"":0.18}",2026-08-19T06:59:00+00:00
INV-000075,ORD-000075,299.00,"{""base_amount"":253.39,""cgst"":22.8,""sgst"":22.81,""igst"":0.0,""tax_rate"":0.18}",2026-08-01T09:16:00+00:00
INV-000076,ORD-000076,25000.00,"{""base_amount"":21186.44,""cgst"":1906.78,""sgst"":1906.78,""igst"":0.0,""tax_rate"":0.18}",2026-08-08T12:33:00+00:00
INV-000077,ORD-000077,49999.00,"{""base_amount"":42372.03,""cgst"":3813.49,""sgst"":3813.48,""igst"":0.0,""tax_rate"":0.18}",2026-08-15T15:50:00+00:00
INV-000078,ORD-000078,3499.00,"{""base_amount"":2965.25,""cgst"":266.88,""sgst"":266.87,""igst"":0.0,""tax_rate"":0.18}",2026-08-22T18:07:00+00:00
INV-000079,ORD-000079,499.00,"{""base_amount"":422.88,""cgst"":38.06,""sgst"":38.06,""igst"":0.0,""tax_rate"":0.18}",2026-08-04T21:24:00+00:00
INV-000080,ORD-000080,499.00,"{""base_amount"":422.88,""cgst"":38.06,""sgst"":38.06,""igst"":0.0,""tax_rate"":0.18}",2026-08-11T00:41:00+00:00
INV-000081,ORD-000081,1499.50,"{""base_amount"":1270.76,""cgst"":114.37,""sgst"":114.37,""igst"":0.0,""tax_rate"":0.18}",2026-08-18T03:58:00+00:00
INV-000082,ORD-000082,799.00,"{""base_amount"":677.12,""cgst"":60.94,""sgst"":60.94,""igst"":0.0,""tax_rate"":0.18}",2026-08-25T06:15:00+00:00
INV-000083,ORD-000083,799.00,"{""base_amount"":677.12,""cgst"":60.94,""sgst"":60.94,""igst"":0.0,""tax_rate"":0.18}",2026-08-07T09:32:00+00:00
INV-000084,ORD-000084,999.00,"{""base_amount"":846.61,""cgst"":76.19,""sgst"":76.2,""igst"":0.0,""tax_rate"":0.18}",2026-08-14T12:49:00+00:00
INV-000085,ORD-000085,799.00,"{""base_amount"":677.12,""cgst"":60.94,""sgst"":60.94,""igst"":0.0,""tax_rate"":0.18}",2026-08-21T15:06:00+00:00
INV-000086,ORD-000086,4999.00,"{""base_amount"":4236.44,""cgst"":381.28,""sgst"":381.28,""igst"":0.0,""tax_rate"":0.18}",2026-08-03T18:23:00+00:00
INV-000087,ORD-000087,4999.00,"{""base_amount"":4236.44,""cgst"":381.28,""sgst"":381.28,""igst"":0.0,""tax_rate"":0.18}",2026-08-10T21:40:00+00:00
INV-000088,ORD-000088,9999.00,"{""base_amount"":8473.73,""cgst"":762.63,""sgst"":762.64,""igst"":0.0,""tax_rate"":0.18}",2026-08-17T00:57:00+00:00
INV-000089,ORD-000089,25000.00,"{""base_amount"":21186.44,""cgst"":1906.78,""sgst"":1906.78,""igst"":0.0,""tax_rate"":0.18}",2026-08-24T03:14:00+00:00
INV-000090,ORD-000090,299.00,"{""base_amount"":253.39,""cgst"":22.8,""sgst"":22.81,""igst"":0.0,""tax_rate"":0.18}",2026-08-06T06:31:00+00:00
INV-000091,ORD-000091,799.00,"{""base_amount"":677.12,""cgst"":60.94,""sgst"":60.94,""igst"":0.0,""tax_rate"":0.18}",2026-08-13T09:48:00+00:00
INV-000092,ORD-000092,2999.00,"{""base_amount"":2541.53,""cgst"":228.74,""sgst"":228.73,""igst"":0.0,""tax_rate"":0.18}",2026-08-20T12:05:00+00:00
INV-000093,ORD-000093,799.00,"{""base_amount"":677.12,""cgst"":60.94,""sgst"":60.94,""igst"":0.0,""tax_rate"":0.18}",2026-08-02T15:22:00+00:00
INV-000094,ORD-000094,3499.00,"{""base_amount"":2965.25,""cgst"":266.88,""sgst"":266.87,""igst"":0.0,""tax_rate"":0.18}",2026-08-09T18:39:00+00:00
INV-000095,ORD-000095,3499.00,"{""base_amount"":2965.25,""cgst"":266.88,""sgst"":266.87,""igst"":0.0,""tax_rate"":0.18}",2026-08-16T21:56:00+00:00
INV-000096,ORD-000096,3499.00,"{""base_amount"":2965.25,""cgst"":266.88,""sgst"":266.87,""igst"":0.0,""tax_rate"":0.18}",2026-08-23T00:13:00+00:00
INV-000097,ORD-000097,2999.00,"{""base_amount"":2541.53,""cgst"":228.74,""sgst"":228.73,""igst"":0.0,""tax_rate"":0.18}",2026-08-05T03:30:00+00:00
INV-000098,ORD-000098,1299.00,"{""base_amount"":1100.85,""cgst"":99.08,""sgst"":99.07,""igst"":0.0,""tax_rate"":0.18}",2026-08-12T06:47:00+00:00
INV-000099,ORD-000099,1999.00,"{""base_amount"":1694.07,""cgst"":152.47,""sgst"":152.46,""igst"":0.0,""tax_rate"":0.18}",2026-08-19T09:04:00+00:00
INV-000100,ORD-000100,2999.00,"{""base_amount"":2541.53,""cgst"":228.74,""sgst"":228.73,""igst"":0.0,""tax_rate"":0.18}",2026-08-01T12:21:00+00:00
INV-000101,ORD-000101,499.00,"{""base_amount"":422.88,""cgst"":38.06,""sgst"":38.06,""igst"":0.0,""tax_rate"":0.18}",2026-08-08T15:38:00+00:00
INV-000102,ORD-000102,2999.00,"{""base_amount"":2541.53,""cgst"":228.74,""sgst"":228.73,""igst"":0.0,""tax_rate"":0.18}",2026-08-15T18:55:00+00:00
INV-000103,ORD-000103,4999.00,"{""base_amount"":4236.44,""cgst"":381.28,""sgst"":381.28,""igst"":0.0,""tax_rate"":0.18}",2026-08-22T21:12:00+00:00
INV-000104,ORD-000104,1499.50,"{""base_amount"":1270.76,""cgst"":114.37,""sgst"":114.37,""igst"":0.0,""tax_rate"":0.18}",2026-08-04T00:29:00+00:00
INV-000105,ORD-000105,14999.00,"{""base_amount"":12711.02,""cgst"":1143.99,""sgst"":1143.99,""igst"":0.0,""tax_rate"":0.18}",2026-08-11T03:46:00+00:00
INV-000106,ORD-000106,799.00,"{""base_amount"":677.12,""cgst"":60.94,""sgst"":60.94,""igst"":0.0,""tax_rate"":0.18}",2026-08-18T06:03:00+00:00
INV-000107,ORD-000107,499.00,"{""base_amount"":422.88,""cgst"":38.06,""sgst"":38.06,""igst"":0.0,""tax_rate"":0.18}",2026-08-25T09:20:00+00:00
INV-000108,ORD-000108,1299.00,"{""base_amount"":1100.85,""cgst"":99.08,""sgst"":99.07,""igst"":0.0,""tax_rate"":0.18}",2026-08-07T12:37:00+00:00
INV-000109,ORD-000109,499.00,"{""base_amount"":422.88,""cgst"":38.06,""sgst"":38.06,""igst"":0.0,""tax_rate"":0.18}",2026-08-14T15:54:00+00:00
INV-000110,ORD-000110,499.00,"{""base_amount"":422.88,""cgst"":38.06,""sgst"":38.06,""igst"":0.0,""tax_rate"":0.18}",2026-08-21T18:11:00+00:00
INV-000111,ORD-000111,2499.00,"{""base_amount"":2117.8,""cgst"":190.6,""sgst"":190.6,""igst"":0.0,""tax_rate"":0.18}",2026-08-03T21:28:00+00:00
INV-000112,ORD-000112,14999.00,"{""base_amount"":12711.02,""cgst"":1143.99,""sgst"":1143.99,""igst"":0.0,""tax_rate"":0.18}",2026-08-10T00:45:00+00:00
INV-000113,ORD-000113,1499.50,"{""base_amount"":1270.76,""cgst"":114.37,""sgst"":114.37,""igst"":0.0,""tax_rate"":0.18}",2026-08-17T03:02:00+00:00
INV-000114,ORD-000114,299.00,"{""base_amount"":253.39,""cgst"":22.8,""sgst"":22.81,""igst"":0.0,""tax_rate"":0.18}",2026-08-24T06:19:00+00:00
INV-000115,ORD-000115,14999.00,"{""base_amount"":12711.02,""cgst"":1143.99,""sgst"":1143.99,""igst"":0.0,""tax_rate"":0.18}",2026-08-06T09:36:00+00:00
INV-000116,ORD-000116,1499.50,"{""base_amount"":1270.76,""cgst"":114.37,""sgst"":114.37,""igst"":0.0,""tax_rate"":0.18}",2026-08-13T12:53:00+00:00
INV-000117,ORD-000117,499.00,"{""base_amount"":422.88,""cgst"":38.06,""sgst"":38.06,""igst"":0.0,""tax_rate"":0.18}",2026-08-20T15:10:00+00:00
INV-000118,ORD-000118,1999.00,"{""base_amount"":1694.07,""cgst"":152.47,""sgst"":152.46,""igst"":0.0,""tax_rate"":0.18}",2026-08-02T18:27:00+00:00
INV-000119,ORD-000119,3499.00,"{""base_amount"":2965.25,""cgst"":266.88,""sgst"":266.87,""igst"":0.0,""tax_rate"":0.18}",2026-08-09T21:44:00+00:00
INV-000120,ORD-000120,299.00,"{""base_amount"":253.39,""cgst"":22.8,""sgst"":22.81,""igst"":0.0,""tax_rate"":0.18}",2026-08-16T00:01:00+00:00
INV-000121,ORD-000121,4999.00,"{""base_amount"":4236.44,""cgst"":381.28,""sgst"":381.28,""igst"":0.0,""tax_rate"":0.18}",2026-08-23T03:18:00+00:00
INV-000122,ORD-000122,2999.00,"{""base_amount"":2541.53,""cgst"":228.74,""sgst"":228.73,""igst"":0.0,""tax_rate"":0.18}",2026-08-05T06:35:00+00:00
INV-000123,ORD-000123,9999.00,"{""base_amount"":8473.73,""cgst"":762.63,""sgst"":762.64,""igst"":0.0,""tax_rate"":0.18}",2026-08-12T09:52:00+00:00
INV-000124,ORD-000124,999.00,"{""base_amount"":846.61,""cgst"":76.19,""sgst"":76.2,""igst"":0.0,""tax_rate"":0.18}",2026-08-19T12:09:00+00:00
INV-000125,ORD-000125,2999.00,"{""base_amount"":2541.53,""cgst"":228.74,""sgst"":228.73,""igst"":0.0,""tax_rate"":0.18}",2026-08-01T15:26:00+00:00
INV-000126,ORD-000126,14999.00,"{""base_amount"":12711.02,""cgst"":1143.99,""sgst"":1143.99,""igst"":0.0,""tax_rate"":0.18}",2026-08-08T18:43:00+00:00
INV-000127,ORD-000127,14999.00,"{""base_amount"":12711.02,""cgst"":1143.99,""sgst"":1143.99,""igst"":0.0,""tax_rate"":0.18}",2026-08-15T22:00:00+00:00
INV-000128,ORD-000128,1999.00,"{""base_amount"":1694.07,""cgst"":152.47,""sgst"":152.46,""igst"":0.0,""tax_rate"":0.18}",2026-08-22T00:17:00+00:00
INV-000129,ORD-000129,14999.00,"{""base_amount"":12711.02,""cgst"":1143.99,""sgst"":1143.99,""igst"":0.0,""tax_rate"":0.18}",2026-08-04T03:34:00+00:00
INV-000130,ORD-000130,1999.00,"{""base_amount"":1694.07,""cgst"":152.47,""sgst"":152.46,""igst"":0.0,""tax_rate"":0.18}",2026-08-11T06:51:00+00:00
INV-000131,ORD-000131,799.00,"{""base_amount"":677.12,""cgst"":60.94,""sgst"":60.94,""igst"":0.0,""tax_rate"":0.18}",2026-08-18T09:08:00+00:00
INV-000132,ORD-000132,999.00,"{""base_amount"":846.61,""cgst"":76.19,""sgst"":76.2,""igst"":0.0,""tax_rate"":0.18}",2026-08-25T12:25:00+00:00
INV-000133,ORD-000133,3499.00,"{""base_amount"":2965.25,""cgst"":266.88,""sgst"":266.87,""igst"":0.0,""tax_rate"":0.18}",2026-08-07T15:42:00+00:00
INV-000134,ORD-000134,9999.00,"{""base_amount"":8473.73,""cgst"":762.63,""sgst"":762.64,""igst"":0.0,""tax_rate"":0.18}",2026-08-14T18:59:00+00:00
INV-000135,ORD-000135,1299.00,"{""base_amount"":1100.85,""cgst"":99.08,""sgst"":99.07,""igst"":0.0,""tax_rate"":0.18}",2026-08-21T21:16:00+00:00
INV-000136,ORD-000136,9999.00,"{""base_amount"":8473.73,""cgst"":762.63,""sgst"":762.64,""igst"":0.0,""tax_rate"":0.18}",2026-08-03T00:33:00+00:00
INV-000137,ORD-000137,9999.00,"{""base_amount"":8473.73,""cgst"":762.63,""sgst"":762.64,""igst"":0.0,""tax_rate"":0.18}",2026-08-10T03:50:00+00:00
INV-000138,ORD-000138,3499.00,"{""base_amount"":2965.25,""cgst"":266.88,""sgst"":266.87,""igst"":0.0,""tax_rate"":0.18}",2026-08-17T06:07:00+00:00
INV-000139,ORD-000139,4999.00,"{""base_amount"":4236.44,""cgst"":381.28,""sgst"":381.28,""igst"":0.0,""tax_rate"":0.18}",2026-08-24T09:24:00+00:00
INV-000140,ORD-000140,25000.00,"{""base_amount"":21186.44,""cgst"":1906.78,""sgst"":1906.78,""igst"":0.0,""tax_rate"":0.18}",2026-08-06T12:41:00+00:00
INV-000141,ORD-000141,49999.00,"{""base_amount"":42372.03,""cgst"":3813.49,""sgst"":3813.48,""igst"":0.0,""tax_rate"":0.18}",2026-08-13T15:58:00+00:00
INV-000142,ORD-000142,3499.00,"{""base_amount"":2965.25,""cgst"":266.88,""sgst"":266.87,""igst"":0.0,""tax_rate"":0.18}",2026-08-20T18:15:00+00:00
INV-000143,ORD-000143,2499.00,"{""base_amount"":2117.8,""cgst"":190.6,""sgst"":190.6,""igst"":0.0,""tax_rate"":0.18}",2026-08-02T21:32:00+00:00
INV-000144,ORD-000144,1999.00,"{""base_amount"":1694.07,""cgst"":152.47,""sgst"":152.46,""igst"":0.0,""tax_rate"":0.18}",2026-08-09T00:49:00+00:00
INV-000145,ORD-000145,499.00,"{""base_amount"":422.88,""cgst"":38.06,""sgst"":38.06,""igst"":0.0,""tax_rate"":0.18}",2026-08-16T03:06:00+00:00
INV-000146,ORD-000146,799.00,"{""base_amount"":677.12,""cgst"":60.94,""sgst"":60.94,""igst"":0.0,""tax_rate"":0.18}",2026-08-23T06:23:00+00:00
INV-000147,ORD-000147,1999.00,"{""base_amount"":1694.07,""cgst"":152.47,""sgst"":152.46,""igst"":0.0,""tax_rate"":0.18}",2026-08-05T09:40:00+00:00
INV-000148,ORD-000148,9999.00,"{""base_amount"":8473.73,""cgst"":762.63,""sgst"":762.64,""igst"":0.0,""tax_rate"":0.18}",2026-08-12T12:57:00+00:00
INV-000149,ORD-000149,299.00,"{""base_amount"":253.39,""cgst"":22.8,""sgst"":22.81,""igst"":0.0,""tax_rate"":0.18}",2026-08-19T15:14:00+00:00
INV-000150,ORD-000150,2499.00,"{""base_amount"":2117.8,""cgst"":190.6,""sgst"":190.6,""igst"":0.0,""tax_rate"":0.18}",2026-08-01T18:31:00+00:00
INV-000151,ORD-000151,25000.00,"{""base_amount"":21186.44,""cgst"":1906.78,""sgst"":1906.78,""igst"":0.0,""tax_rate"":0.18}",2026-08-08T21:48:00+00:00
INV-000152,ORD-000152,2499.00,"{""base_amount"":2117.8,""cgst"":190.6,""sgst"":190.6,""igst"":0.0,""tax_rate"":0.18}",2026-08-15T00:05:00+00:00
INV-000153,ORD-000153,1299.00,"{""base_amount"":1100.85,""cgst"":99.08,""sgst"":99.07,""igst"":0.0,""tax_rate"":0.18}",2026-08-22T03:22:00+00:00
INV-000154,ORD-000154,4999.00,"{""base_amount"":4236.44,""cgst"":381.28,""sgst"":381.28,""igst"":0.0,""tax_rate"":0.18}",2026-08-04T06:39:00+00:00
INV-000155,ORD-000155,14999.00,"{""base_amount"":12711.02,""cgst"":1143.99,""sgst"":1143.99,""igst"":0.0,""tax_rate"":0.18}",2026-08-11T09:56:00+00:00
INV-000156,ORD-000156,49999.00,"{""base_amount"":42372.03,""cgst"":3813.49,""sgst"":3813.48,""igst"":0.0,""tax_rate"":0.18}",2026-08-18T12:13:00+00:00
INV-000157,ORD-000157,2499.00,"{""base_amount"":2117.8,""cgst"":190.6,""sgst"":190.6,""igst"":0.0,""tax_rate"":0.18}",2026-08-25T15:30:00+00:00
INV-000158,ORD-000158,49999.00,"{""base_amount"":42372.03,""cgst"":3813.49,""sgst"":3813.48,""igst"":0.0,""tax_rate"":0.18}",2026-08-07T18:47:00+00:00
INV-000159,ORD-000159,25000.00,"{""base_amount"":21186.44,""cgst"":1906.78,""sgst"":1906.78,""igst"":0.0,""tax_rate"":0.18}",2026-08-14T21:04:00+00:00
INV-000160,ORD-000160,2499.00,"{""base_amount"":2117.8,""cgst"":190.6,""sgst"":190.6,""igst"":0.0,""tax_rate"":0.18}",2026-08-21T00:21:00+00:00
INV-000161,ORD-000161,4999.00,"{""base_amount"":4236.44,""cgst"":381.28,""sgst"":381.28,""igst"":0.0,""tax_rate"":0.18}",2026-08-03T03:38:00+00:00
INV-000162,ORD-000162,1299.00,"{""base_amount"":1100.85,""cgst"":99.08,""sgst"":99.07,""igst"":0.0,""tax_rate"":0.18}",2026-08-10T06:55:00+00:00
INV-000163,ORD-000163,1299.00,"{""base_amount"":1100.85,""cgst"":99.08,""sgst"":99.07,""igst"":0.0,""tax_rate"":0.18}",2026-08-17T09:12:00+00:00
INV-000164,ORD-000164,14999.00,"{""base_amount"":12711.02,""cgst"":1143.99,""sgst"":1143.99,""igst"":0.0,""tax_rate"":0.18}",2026-08-24T12:29:00+00:00
INV-000165,ORD-000165,25000.00,"{""base_amount"":21186.44,""cgst"":1906.78,""sgst"":1906.78,""igst"":0.0,""tax_rate"":0.18}",2026-08-06T15:46:00+00:00
INV-000166,ORD-000166,1999.00,"{""base_amount"":1694.07,""cgst"":152.47,""sgst"":152.46,""igst"":0.0,""tax_rate"":0.18}",2026-08-13T18:03:00+00:00
INV-000167,ORD-000167,299.00,"{""base_amount"":253.39,""cgst"":22.8,""sgst"":22.81,""igst"":0.0,""tax_rate"":0.18}",2026-08-20T21:20:00+00:00
INV-000168,ORD-000168,299.00,"{""base_amount"":253.39,""cgst"":22.8,""sgst"":22.81,""igst"":0.0,""tax_rate"":0.18}",2026-08-02T00:37:00+00:00
INV-000169,ORD-000169,9999.00,"{""base_amount"":8473.73,""cgst"":762.63,""sgst"":762.64,""igst"":0.0,""tax_rate"":0.18}",2026-08-09T03:54:00+00:00
INV-000170,ORD-000170,2499.00,"{""base_amount"":2117.8,""cgst"":190.6,""sgst"":190.6,""igst"":0.0,""tax_rate"":0.18}",2026-08-16T06:11:00+00:00
INV-000171,ORD-000171,2999.00,"{""base_amount"":2541.53,""cgst"":228.74,""sgst"":228.73,""igst"":0.0,""tax_rate"":0.18}",2026-08-23T09:28:00+00:00
INV-000172,ORD-000172,299.00,"{""base_amount"":253.39,""cgst"":22.8,""sgst"":22.81,""igst"":0.0,""tax_rate"":0.18}",2026-08-05T12:45:00+00:00
INV-000173,ORD-000173,9999.00,"{""base_amount"":8473.73,""cgst"":762.63,""sgst"":762.64,""igst"":0.0,""tax_rate"":0.18}",2026-08-12T15:02:00+00:00
INV-000174,ORD-000174,1299.00,"{""base_amount"":1100.85,""cgst"":99.08,""sgst"":99.07,""igst"":0.0,""tax_rate"":0.18}",2026-08-19T18:19:00+00:00
INV-000175,ORD-000175,299.00,"{""base_amount"":253.39,""cgst"":22.8,""sgst"":22.81,""igst"":0.0,""tax_rate"":0.18}",2026-08-01T21:36:00+00:00
INV-000176,ORD-000176,1299.00,"{""base_amount"":1100.85,""cgst"":99.08,""sgst"":99.07,""igst"":0.0,""tax_rate"":0.18}",2026-08-08T00:53:00+00:00
INV-000177,ORD-000177,499.00,"{""base_amount"":422.88,""cgst"":38.06,""sgst"":38.06,""igst"":0.0,""tax_rate"":0.18}",2026-08-15T03:10:00+00:00
INV-000178,ORD-000178,4999.00,"{""base_amount"":4236.44,""cgst"":381.28,""sgst"":381.28,""igst"":0.0,""tax_rate"":0.18}",2026-08-22T06:27:00+00:00
INV-000179,ORD-000179,4999.00,"{""base_amount"":4236.44,""cgst"":381.28,""sgst"":381.28,""igst"":0.0,""tax_rate"":0.18}",2026-08-04T09:44:00+00:00
INV-000180,ORD-000180,2999.00,"{""base_amount"":2541.53,""cgst"":228.74,""sgst"":228.73,""igst"":0.0,""tax_rate"":0.18}",2026-08-11T12:01:00+00:00
INV-000181,ORD-000181,799.00,"{""base_amount"":677.12,""cgst"":60.94,""sgst"":60.94,""igst"":0.0,""tax_rate"":0.18}",2026-08-18T15:18:00+00:00
INV-000182,ORD-000182,499.00,"{""base_amount"":422.88,""cgst"":38.06,""sgst"":38.06,""igst"":0.0,""tax_rate"":0.18}",2026-08-25T18:35:00+00:00
INV-000183,ORD-000183,799.00,"{""base_amount"":677.12,""cgst"":60.94,""sgst"":60.94,""igst"":0.0,""tax_rate"":0.18}",2026-08-07T21:52:00+00:00
INV-000184,ORD-000184,2499.00,"{""base_amount"":2117.8,""cgst"":190.6,""sgst"":190.6,""igst"":0.0,""tax_rate"":0.18}",2026-08-14T00:09:00+00:00
INV-000185,ORD-000185,1299.00,"{""base_amount"":1100.85,""cgst"":99.08,""sgst"":99.07,""igst"":0.0,""tax_rate"":0.18}",2026-08-21T03:26:00+00:00
INV-000186,ORD-000186,49999.00,"{""base_amount"":42372.03,""cgst"":3813.49,""sgst"":3813.48,""igst"":0.0,""tax_rate"":0.18}",2026-08-03T06:43:00+00:00
INV-000187,ORD-000187,25000.00,"{""base_amount"":21186.44,""cgst"":1906.78,""sgst"":1906.78,""igst"":0.0,""tax_rate"":0.18}",2026-08-10T10:00:00+00:00
INV-000188,ORD-000188,1499.50,"{""base_amount"":1270.76,""cgst"":114.37,""sgst"":114.37,""igst"":0.0,""tax_rate"":0.18}",2026-08-17T12:17:00+00:00
INV-000189,ORD-000189,3499.00,"{""base_amount"":2965.25,""cgst"":266.88,""sgst"":266.87,""igst"":0.0,""tax_rate"":0.18}",2026-08-24T15:34:00+00:00
INV-000190,ORD-000190,3499.00,"{""base_amount"":2965.25,""cgst"":266.88,""sgst"":266.87,""igst"":0.0,""tax_rate"":0.18}",2026-08-06T18:51:00+00:00
INV-000191,ORD-000191,1999.00,"{""base_amount"":1694.07,""cgst"":152.47,""sgst"":152.46,""igst"":0.0,""tax_rate"":0.18}",2026-08-13T21:08:00+00:00
INV-000192,ORD-000192,999.00,"{""base_amount"":846.61,""cgst"":76.19,""sgst"":76.2,""igst"":0.0,""tax_rate"":0.18}",2026-08-20T00:25:00+00:00
INV-000193,ORD-000193,499.00,"{""base_amount"":422.88,""cgst"":38.06,""sgst"":38.06,""igst"":0.0,""tax_rate"":0.18}",2026-08-02T03:42:00+00:00
INV-000194,ORD-000194,14999.00,"{""base_amount"":12711.02,""cgst"":1143.99,""sgst"":1143.99,""igst"":0.0,""tax_rate"":0.18}",2026-08-09T06:59:00+00:00
INV-000195,ORD-000195,4999.00,"{""base_amount"":4236.44,""cgst"":381.28,""sgst"":381.28,""igst"":0.0,""tax_rate"":0.18}",2026-08-16T09:16:00+00:00
INV-000196,ORD-000196,49999.00,"{""base_amount"":42372.03,""cgst"":3813.49,""sgst"":3813.48,""igst"":0.0,""tax_rate"":0.18}",2026-08-23T12:33:00+00:00
INV-000197,ORD-000197,7500.00,"{""base_amount"":6355.93,""cgst"":572.03,""sgst"":572.04,""igst"":0.0,""tax_rate"":0.18}",2026-08-05T15:50:00+00:00
INV-000198,ORD-000198,14999.00,"{""base_amount"":12711.02,""cgst"":1143.99,""sgst"":1143.99,""igst"":0.0,""tax_rate"":0.18}",2026-08-12T18:07:00+00:00
INV-000199,ORD-000199,2999.00,"{""base_amount"":2541.53,""cgst"":228.74,""sgst"":228.73,""igst"":0.0,""tax_rate"":0.18}",2026-08-19T21:24:00+00:00
INV-000200,ORD-000200,14999.00,"{""base_amount"":12711.02,""cgst"":1143.99,""sgst"":1143.99,""igst"":0.0,""tax_rate"":0.18}",2026-08-01T00:41:00+00:00
INV-000201,ORD-000201,2499.00,"{""base_amount"":2117.8,""cgst"":190.6,""sgst"":190.6,""igst"":0.0,""tax_rate"":0.18}",2026-08-08T03:58:00+00:00
INV-000202,ORD-000202,25000.00,"{""base_amount"":21186.44,""cgst"":1906.78,""sgst"":1906.78,""igst"":0.0,""tax_rate"":0.18}",2026-08-15T06:15:00+00:00
INV-000203,ORD-000203,9999.00,"{""base_amount"":8473.73,""cgst"":762.63,""sgst"":762.64,""igst"":0.0,""tax_rate"":0.18}",2026-08-22T09:32:00+00:00
INV-000204,ORD-000204,49999.00,"{""base_amount"":42372.03,""cgst"":3813.49,""sgst"":3813.48,""igst"":0.0,""tax_rate"":0.18}",2026-08-04T12:49:00+00:00
INV-000205,ORD-000205,49999.00,"{""base_amount"":42372.03,""cgst"":3813.49,""sgst"":3813.48,""igst"":0.0,""tax_rate"":0.18}",2026-08-11T15:06:00+00:00
INV-000206,ORD-000206,2999.00,"{""base_amount"":2541.53,""cgst"":228.74,""sgst"":228.73,""igst"":0.0,""tax_rate"":0.18}",2026-08-18T18:23:00+00:00
INV-000207,ORD-000207,2999.00,"{""base_amount"":2541.53,""cgst"":228.74,""sgst"":228.73,""igst"":0.0,""tax_rate"":0.18}",2026-08-25T21:40:00+00:00
INV-000208,ORD-000208,1999.00,"{""base_amount"":1694.07,""cgst"":152.47,""sgst"":152.46,""igst"":0.0,""tax_rate"":0.18}",2026-08-07T00:57:00+00:00
INV-000209,ORD-000209,14999.00,"{""base_amount"":12711.02,""cgst"":1143.99,""sgst"":1143.99,""igst"":0.0,""tax_rate"":0.18}",2026-08-14T03:14:00+00:00
INV-000210,ORD-000210,2499.00,"{""base_amount"":2117.8,""cgst"":190.6,""sgst"":190.6,""igst"":0.0,""tax_rate"":0.18}",2026-08-21T06:31:00+00:00
INV-000211,ORD-000211,25000.00,"{""base_amount"":21186.44,""cgst"":1906.78,""sgst"":1906.78,""igst"":0.0,""tax_rate"":0.18}",2026-08-03T09:48:00+00:00
INV-000212,ORD-000212,3499.00,"{""base_amount"":2965.25,""cgst"":266.88,""sgst"":266.87,""igst"":0.0,""tax_rate"":0.18}",2026-08-10T12:05:00+00:00
INV-000213,ORD-000213,2499.00,"{""base_amount"":2117.8,""cgst"":190.6,""sgst"":190.6,""igst"":0.0,""tax_rate"":0.18}",2026-08-17T15:22:00+00:00
INV-000214,ORD-000214,49999.00,"{""base_amount"":42372.03,""cgst"":3813.49,""sgst"":3813.48,""igst"":0.0,""tax_rate"":0.18}",2026-08-24T18:39:00+00:00
INV-000215,ORD-000215,4999.00,"{""base_amount"":4236.44,""cgst"":381.28,""sgst"":381.28,""igst"":0.0,""tax_rate"":0.18}",2026-08-06T21:56:00+00:00
INV-000216,ORD-000216,2999.00,"{""base_amount"":2541.53,""cgst"":228.74,""sgst"":228.73,""igst"":0.0,""tax_rate"":0.18}",2026-08-13T00:13:00+00:00
INV-000217,ORD-000217,2499.00,"{""base_amount"":2117.8,""cgst"":190.6,""sgst"":190.6,""igst"":0.0,""tax_rate"":0.18}",2026-08-20T03:30:00+00:00
INV-000218,ORD-000218,4999.00,"{""base_amount"":4236.44,""cgst"":381.28,""sgst"":381.28,""igst"":0.0,""tax_rate"":0.18}",2026-08-02T06:47:00+00:00
INV-000219,ORD-000219,1499.50,"{""base_amount"":1270.76,""cgst"":114.37,""sgst"":114.37,""igst"":0.0,""tax_rate"":0.18}",2026-08-09T09:04:00+00:00
INV-000220,ORD-000220,49999.00,"{""base_amount"":42372.03,""cgst"":3813.49,""sgst"":3813.48,""igst"":0.0,""tax_rate"":0.18}",2026-08-16T12:21:00+00:00
INV-000221,ORD-000221,3499.00,"{""base_amount"":2965.25,""cgst"":266.88,""sgst"":266.87,""igst"":0.0,""tax_rate"":0.18}",2026-08-23T15:38:00+00:00
INV-000222,ORD-000222,3499.00,"{""base_amount"":2965.25,""cgst"":266.88,""sgst"":266.87,""igst"":0.0,""tax_rate"":0.18}",2026-08-05T18:55:00+00:00
INV-000223,ORD-000223,1499.50,"{""base_amount"":1270.76,""cgst"":114.37,""sgst"":114.37,""igst"":0.0,""tax_rate"":0.18}",2026-08-12T21:12:00+00:00
INV-000224,ORD-000224,1299.00,"{""base_amount"":1100.85,""cgst"":99.08,""sgst"":99.07,""igst"":0.0,""tax_rate"":0.18}",2026-08-19T00:29:00+00:00
INV-000225,ORD-000225,499.00,"{""base_amount"":422.88,""cgst"":38.06,""sgst"":38.06,""igst"":0.0,""tax_rate"":0.18}",2026-08-01T03:46:00+00:00
INV-000226,ORD-000226,49999.00,"{""base_amount"":42372.03,""cgst"":3813.49,""sgst"":3813.48,""igst"":0.0,""tax_rate"":0.18}",2026-08-08T06:03:00+00:00
INV-000227,ORD-000227,3499.00,"{""base_amount"":2965.25,""cgst"":266.88,""sgst"":266.87,""igst"":0.0,""tax_rate"":0.18}",2026-08-15T09:20:00+00:00
INV-000228,ORD-000228,25000.00,"{""base_amount"":21186.44,""cgst"":1906.78,""sgst"":1906.78,""igst"":0.0,""tax_rate"":0.18}",2026-08-22T12:37:00+00:00
INV-000229,ORD-000229,499.00,"{""base_amount"":422.88,""cgst"":38.06,""sgst"":38.06,""igst"":0.0,""tax_rate"":0.18}",2026-08-04T15:54:00+00:00
INV-000230,ORD-000230,999.00,"{""base_amount"":846.61,""cgst"":76.19,""sgst"":76.2,""igst"":0.0,""tax_rate"":0.18}",2026-08-11T18:11:00+00:00
INV-000231,ORD-000231,49999.00,"{""base_amount"":42372.03,""cgst"":3813.49,""sgst"":3813.48,""igst"":0.0,""tax_rate"":0.18}",2026-08-18T21:28:00+00:00
INV-000232,ORD-000232,1299.00,"{""base_amount"":1100.85,""cgst"":99.08,""sgst"":99.07,""igst"":0.0,""tax_rate"":0.18}",2026-08-25T00:45:00+00:00
INV-000233,ORD-000233,799.00,"{""base_amount"":677.12,""cgst"":60.94,""sgst"":60.94,""igst"":0.0,""tax_rate"":0.18}",2026-08-07T03:02:00+00:00
INV-000234,ORD-000234,14999.00,"{""base_amount"":12711.02,""cgst"":1143.99,""sgst"":1143.99,""igst"":0.0,""tax_rate"":0.18}",2026-08-14T06:19:00+00:00
INV-000235,ORD-000235,9999.00,"{""base_amount"":8473.73,""cgst"":762.63,""sgst"":762.64,""igst"":0.0,""tax_rate"":0.18}",2026-08-21T09:36:00+00:00
INV-000236,ORD-000236,3499.00,"{""base_amount"":2965.25,""cgst"":266.88,""sgst"":266.87,""igst"":0.0,""tax_rate"":0.18}",2026-08-03T12:53:00+00:00
INV-000237,ORD-000237,499.00,"{""base_amount"":422.88,""cgst"":38.06,""sgst"":38.06,""igst"":0.0,""tax_rate"":0.18}",2026-08-10T15:10:00+00:00
INV-000238,ORD-000238,1999.00,"{""base_amount"":1694.07,""cgst"":152.47,""sgst"":152.46,""igst"":0.0,""tax_rate"":0.18}",2026-08-17T18:27:00+00:00
INV-000239,ORD-000239,1499.50,"{""base_amount"":1270.76,""cgst"":114.37,""sgst"":114.37,""igst"":0.0,""tax_rate"":0.18}",2026-08-24T21:44:00+00:00
INV-000240,ORD-000240,799.00,"{""base_amount"":677.12,""cgst"":60.94,""sgst"":60.94,""igst"":0.0,""tax_rate"":0.18}",2026-08-06T00:01:00+00:00
INV-000241,ORD-000241,14999.00,"{""base_amount"":12711.02,""cgst"":1143.99,""sgst"":1143.99,""igst"":0.0,""tax_rate"":0.18}",2026-08-13T03:18:00+00:00
INV-000242,ORD-000242,3499.00,"{""base_amount"":2965.25,""cgst"":266.88,""sgst"":266.87,""igst"":0.0,""tax_rate"":0.18}",2026-08-20T06:35:00+00:00
INV-000243,ORD-000243,3499.00,"{""base_amount"":2965.25,""cgst"":266.88,""sgst"":266.87,""igst"":0.0,""tax_rate"":0.18}",2026-08-02T09:52:00+00:00
INV-000244,ORD-000244,799.00,"{""base_amount"":677.12,""cgst"":60.94,""sgst"":60.94,""igst"":0.0,""tax_rate"":0.18}",2026-08-09T12:09:00+00:00
INV-000245,ORD-000245,1999.00,"{""base_amount"":1694.07,""cgst"":152.47,""sgst"":152.46,""igst"":0.0,""tax_rate"":0.18}",2026-08-16T15:26:00+00:00
INV-000246,ORD-000246,2499.00,"{""base_amount"":2117.8,""cgst"":190.6,""sgst"":190.6,""igst"":0.0,""tax_rate"":0.18}",2026-08-23T18:43:00+00:00
INV-000247,ORD-000247,1299.00,"{""base_amount"":1100.85,""cgst"":99.08,""sgst"":99.07,""igst"":0.0,""tax_rate"":0.18}",2026-08-05T22:00:00+00:00
INV-000248,ORD-000248,1499.50,"{""base_amount"":1270.76,""cgst"":114.37,""sgst"":114.37,""igst"":0.0,""tax_rate"":0.18}",2026-08-12T00:17:00+00:00
INV-000249,ORD-000249,25000.00,"{""base_amount"":21186.44,""cgst"":1906.78,""sgst"":1906.78,""igst"":0.0,""tax_rate"":0.18}",2026-08-19T03:34:00+00:00
INV-000250,ORD-000250,3499.00,"{""base_amount"":2965.25,""cgst"":266.88,""sgst"":266.87,""igst"":0.0,""tax_rate"":0.18}",2026-08-01T06:51:00+00:00
INV-000251,ORD-000251,49999.00,"{""base_amount"":42372.03,""cgst"":3813.49,""sgst"":3813.48,""igst"":0.0,""tax_rate"":0.18}",2026-08-08T09:08:00+00:00
INV-000252,ORD-000252,499.00,"{""base_amount"":422.88,""cgst"":38.06,""sgst"":38.06,""igst"":0.0,""tax_rate"":0.18}",2026-08-15T12:25:00+00:00
INV-000253,ORD-000253,2999.00,"{""base_amount"":2541.53,""cgst"":228.74,""sgst"":228.73,""igst"":0.0,""tax_rate"":0.18}",2026-08-22T15:42:00+00:00
INV-000254,ORD-000254,2499.00,"{""base_amount"":2117.8,""cgst"":190.6,""sgst"":190.6,""igst"":0.0,""tax_rate"":0.18}",2026-08-04T18:59:00+00:00
INV-000255,ORD-000255,499.00,"{""base_amount"":422.88,""cgst"":38.06,""sgst"":38.06,""igst"":0.0,""tax_rate"":0.18}",2026-08-11T21:16:00+00:00
INV-000256,ORD-000256,25000.00,"{""base_amount"":21186.44,""cgst"":1906.78,""sgst"":1906.78,""igst"":0.0,""tax_rate"":0.18}",2026-08-18T00:33:00+00:00
INV-000257,ORD-000257,14999.00,"{""base_amount"":12711.02,""cgst"":1143.99,""sgst"":1143.99,""igst"":0.0,""tax_rate"":0.18}",2026-08-25T03:50:00+00:00
INV-000258,ORD-000258,49999.00,"{""base_amount"":42372.03,""cgst"":3813.49,""sgst"":3813.48,""igst"":0.0,""tax_rate"":0.18}",2026-08-07T06:07:00+00:00
INV-000259,ORD-000259,4999.00,"{""base_amount"":4236.44,""cgst"":381.28,""sgst"":381.28,""igst"":0.0,""tax_rate"":0.18}",2026-08-14T09:24:00+00:00
INV-000260,ORD-000260,1499.50,"{""base_amount"":1270.76,""cgst"":114.37,""sgst"":114.37,""igst"":0.0,""tax_rate"":0.18}",2026-08-21T12:41:00+00:00
INV-000261,ORD-000261,49999.00,"{""base_amount"":42372.03,""cgst"":3813.49,""sgst"":3813.48,""igst"":0.0,""tax_rate"":0.18}",2026-08-03T15:58:00+00:00
INV-000262,ORD-000262,499.00,"{""base_amount"":422.88,""cgst"":38.06,""sgst"":38.06,""igst"":0.0,""tax_rate"":0.18}",2026-08-10T18:15:00+00:00
INV-000263,ORD-000263,4999.00,"{""base_amount"":4236.44,""cgst"":381.28,""sgst"":381.28,""igst"":0.0,""tax_rate"":0.18}",2026-08-17T21:32:00+00:00
INV-000264,ORD-000264,999.00,"{""base_amount"":846.61,""cgst"":76.19,""sgst"":76.2,""igst"":0.0,""tax_rate"":0.18}",2026-08-24T00:49:00+00:00
INV-000265,ORD-000265,299.00,"{""base_amount"":253.39,""cgst"":22.8,""sgst"":22.81,""igst"":0.0,""tax_rate"":0.18}",2026-08-06T03:06:00+00:00
INV-000266,ORD-000266,499.00,"{""base_amount"":422.88,""cgst"":38.06,""sgst"":38.06,""igst"":0.0,""tax_rate"":0.18}",2026-08-13T06:23:00+00:00
INV-000267,ORD-000267,7500.00,"{""base_amount"":6355.93,""cgst"":572.03,""sgst"":572.04,""igst"":0.0,""tax_rate"":0.18}",2026-08-20T09:40:00+00:00
INV-000268,ORD-000268,499.00,"{""base_amount"":422.88,""cgst"":38.06,""sgst"":38.06,""igst"":0.0,""tax_rate"":0.18}",2026-08-02T12:57:00+00:00
INV-000269,ORD-000269,1299.00,"{""base_amount"":1100.85,""cgst"":99.08,""sgst"":99.07,""igst"":0.0,""tax_rate"":0.18}",2026-08-09T15:14:00+00:00
INV-000270,ORD-000270,49999.00,"{""base_amount"":42372.03,""cgst"":3813.49,""sgst"":3813.48,""igst"":0.0,""tax_rate"":0.18}",2026-08-16T18:31:00+00:00
INV-000271,ORD-000271,2499.00,"{""base_amount"":2117.8,""cgst"":190.6,""sgst"":190.6,""igst"":0.0,""tax_rate"":0.18}",2026-08-23T21:48:00+00:00
INV-000272,ORD-000272,299.00,"{""base_amount"":253.39,""cgst"":22.8,""sgst"":22.81,""igst"":0.0,""tax_rate"":0.18}",2026-08-05T00:05:00+00:00
INV-000273,ORD-000273,2499.00,"{""base_amount"":2117.8,""cgst"":190.6,""sgst"":190.6,""igst"":0.0,""tax_rate"":0.18}",2026-08-12T03:22:00+00:00
INV-000274,ORD-000274,999.00,"{""base_amount"":846.61,""cgst"":76.19,""sgst"":76.2,""igst"":0.0,""tax_rate"":0.18}",2026-08-19T06:39:00+00:00
INV-000275,ORD-000275,3499.00,"{""base_amount"":2965.25,""cgst"":266.88,""sgst"":266.87,""igst"":0.0,""tax_rate"":0.18}",2026-08-01T09:56:00+00:00
INV-000276,ORD-000276,49999.00,"{""base_amount"":42372.03,""cgst"":3813.49,""sgst"":3813.48,""igst"":0.0,""tax_rate"":0.18}",2026-08-08T12:13:00+00:00
INV-000277,ORD-000277,25000.00,"{""base_amount"":21186.44,""cgst"":1906.78,""sgst"":1906.78,""igst"":0.0,""tax_rate"":0.18}",2026-08-15T15:30:00+00:00
INV-000278,ORD-000278,1999.00,"{""base_amount"":1694.07,""cgst"":152.47,""sgst"":152.46,""igst"":0.0,""tax_rate"":0.18}",2026-08-22T18:47:00+00:00
INV-000279,ORD-000279,2999.00,"{""base_amount"":2541.53,""cgst"":228.74,""sgst"":228.73,""igst"":0.0,""tax_rate"":0.18}",2026-08-04T21:04:00+00:00
INV-000280,ORD-000280,2999.00,"{""base_amount"":2541.53,""cgst"":228.74,""sgst"":228.73,""igst"":0.0,""tax_rate"":0.18}",2026-08-11T00:21:00+00:00
INV-000281,ORD-000281,3499.00,"{""base_amount"":2965.25,""cgst"":266.88,""sgst"":266.87,""igst"":0.0,""tax_rate"":0.18}",2026-08-18T03:38:00+00:00
INV-000282,ORD-000282,25000.00,"{""base_amount"":21186.44,""cgst"":1906.78,""sgst"":1906.78,""igst"":0.0,""tax_rate"":0.18}",2026-08-25T06:55:00+00:00
INV-000283,ORD-000283,4999.00,"{""base_amount"":4236.44,""cgst"":381.28,""sgst"":381.28,""igst"":0.0,""tax_rate"":0.18}",2026-08-07T09:12:00+00:00
INV-000284,ORD-000284,4999.00,"{""base_amount"":4236.44,""cgst"":381.28,""sgst"":381.28,""igst"":0.0,""tax_rate"":0.18}",2026-08-14T12:29:00+00:00
INV-000285,ORD-000285,9999.00,"{""base_amount"":8473.73,""cgst"":762.63,""sgst"":762.64,""igst"":0.0,""tax_rate"":0.18}",2026-08-21T15:46:00+00:00
INV-000286,ORD-000286,499.00,"{""base_amount"":422.88,""cgst"":38.06,""sgst"":38.06,""igst"":0.0,""tax_rate"":0.18}",2026-08-03T18:03:00+00:00
INV-000287,ORD-000287,9999.00,"{""base_amount"":8473.73,""cgst"":762.63,""sgst"":762.64,""igst"":0.0,""tax_rate"":0.18}",2026-08-10T21:20:00+00:00
INV-000288,ORD-000288,49999.00,"{""base_amount"":42372.03,""cgst"":3813.49,""sgst"":3813.48,""igst"":0.0,""tax_rate"":0.18}",2026-08-17T00:37:00+00:00
INV-000289,ORD-000289,4999.00,"{""base_amount"":4236.44,""cgst"":381.28,""sgst"":381.28,""igst"":0.0,""tax_rate"":0.18}",2026-08-24T03:54:00+00:00
INV-000290,ORD-000290,999.00,"{""base_amount"":846.61,""cgst"":76.19,""sgst"":76.2,""igst"":0.0,""tax_rate"":0.18}",2026-08-06T06:11:00+00:00
INV-000291,ORD-000291,1299.00,"{""base_amount"":1100.85,""cgst"":99.08,""sgst"":99.07,""igst"":0.0,""tax_rate"":0.18}",2026-08-13T09:28:00+00:00
INV-000292,ORD-000292,799.00,"{""base_amount"":677.12,""cgst"":60.94,""sgst"":60.94,""igst"":0.0,""tax_rate"":0.18}",2026-08-20T12:45:00+00:00
INV-000293,ORD-000293,4999.00,"{""base_amount"":4236.44,""cgst"":381.28,""sgst"":381.28,""igst"":0.0,""tax_rate"":0.18}",2026-08-02T15:02:00+00:00
INV-000294,ORD-000294,4999.00,"{""base_amount"":4236.44,""cgst"":381.28,""sgst"":381.28,""igst"":0.0,""tax_rate"":0.18}",2026-08-09T18:19:00+00:00
INV-000295,ORD-000295,49999.00,"{""base_amount"":42372.03,""cgst"":3813.49,""sgst"":3813.48,""igst"":0.0,""tax_rate"":0.18}",2026-08-16T21:36:00+00:00
INV-000296,ORD-000296,2499.00,"{""base_amount"":2117.8,""cgst"":190.6,""sgst"":190.6,""igst"":0.0,""tax_rate"":0.18}",2026-08-23T00:53:00+00:00
INV-000297,ORD-000297,799.00,"{""base_amount"":677.12,""cgst"":60.94,""sgst"":60.94,""igst"":0.0,""tax_rate"":0.18}",2026-08-05T03:10:00+00:00
INV-000298,ORD-000298,999.00,"{""base_amount"":846.61,""cgst"":76.19,""sgst"":76.2,""igst"":0.0,""tax_rate"":0.18}",2026-08-12T06:27:00+00:00
INV-000299,ORD-000299,3499.00,"{""base_amount"":2965.25,""cgst"":266.88,""sgst"":266.87,""igst"":0.0,""tax_rate"":0.18}",2026-08-19T09:44:00+00:00
INV-000300,ORD-000300,4999.00,"{""base_amount"":4236.44,""cgst"":381.28,""sgst"":381.28,""igst"":0.0,""tax_rate"":0.18}",2026-08-01T12:01:00+00:00
INV-000301,ORD-000301,7500.00,"{""base_amount"":6355.93,""cgst"":572.03,""sgst"":572.04,""igst"":0.0,""tax_rate"":0.18}",2026-08-08T15:18:00+00:00
INV-000302,ORD-000302,1299.00,"{""base_amount"":1100.85,""cgst"":99.08,""sgst"":99.07,""igst"":0.0,""tax_rate"":0.18}",2026-08-15T18:35:00+00:00
INV-000303,ORD-000303,14999.00,"{""base_amount"":12711.02,""cgst"":1143.99,""sgst"":1143.99,""igst"":0.0,""tax_rate"":0.18}",2026-08-22T21:52:00+00:00
INV-000304,ORD-000304,1499.50,"{""base_amount"":1270.76,""cgst"":114.37,""sgst"":114.37,""igst"":0.0,""tax_rate"":0.18}",2026-08-04T00:09:00+00:00
INV-000305,ORD-000305,2499.00,"{""base_amount"":2117.8,""cgst"":190.6,""sgst"":190.6,""igst"":0.0,""tax_rate"":0.18}",2026-08-11T03:26:00+00:00
INV-000306,ORD-000306,2499.00,"{""base_amount"":2117.8,""cgst"":190.6,""sgst"":190.6,""igst"":0.0,""tax_rate"":0.18}",2026-08-18T06:43:00+00:00
INV-000307,ORD-000307,25000.00,"{""base_amount"":21186.44,""cgst"":1906.78,""sgst"":1906.78,""igst"":0.0,""tax_rate"":0.18}",2026-08-25T10:00:00+00:00
INV-000308,ORD-000308,25000.00,"{""base_amount"":21186.44,""cgst"":1906.78,""sgst"":1906.78,""igst"":0.0,""tax_rate"":0.18}",2026-08-07T12:17:00+00:00
INV-000309,ORD-000309,1499.50,"{""base_amount"":1270.76,""cgst"":114.37,""sgst"":114.37,""igst"":0.0,""tax_rate"":0.18}",2026-08-14T15:34:00+00:00
INV-000310,ORD-000310,7500.00,"{""base_amount"":6355.93,""cgst"":572.03,""sgst"":572.04,""igst"":0.0,""tax_rate"":0.18}",2026-08-21T18:51:00+00:00
INV-000311,ORD-000311,2999.00,"{""base_amount"":2541.53,""cgst"":228.74,""sgst"":228.73,""igst"":0.0,""tax_rate"":0.18}",2026-08-03T21:08:00+00:00
INV-000312,ORD-000312,1999.00,"{""base_amount"":1694.07,""cgst"":152.47,""sgst"":152.46,""igst"":0.0,""tax_rate"":0.18}",2026-08-10T00:25:00+00:00
INV-000313,ORD-000313,999.00,"{""base_amount"":846.61,""cgst"":76.19,""sgst"":76.2,""igst"":0.0,""tax_rate"":0.18}",2026-08-17T03:42:00+00:00
INV-000314,ORD-000314,7500.00,"{""base_amount"":6355.93,""cgst"":572.03,""sgst"":572.04,""igst"":0.0,""tax_rate"":0.18}",2026-08-24T06:59:00+00:00
INV-000315,ORD-000315,299.00,"{""base_amount"":253.39,""cgst"":22.8,""sgst"":22.81,""igst"":0.0,""tax_rate"":0.18}",2026-08-06T09:16:00+00:00
INV-000316,ORD-000316,299.00,"{""base_amount"":253.39,""cgst"":22.8,""sgst"":22.81,""igst"":0.0,""tax_rate"":0.18}",2026-08-13T12:33:00+00:00
INV-000317,ORD-000317,3499.00,"{""base_amount"":2965.25,""cgst"":266.88,""sgst"":266.87,""igst"":0.0,""tax_rate"":0.18}",2026-08-20T15:50:00+00:00
INV-000318,ORD-000318,2499.00,"{""base_amount"":2117.8,""cgst"":190.6,""sgst"":190.6,""igst"":0.0,""tax_rate"":0.18}",2026-08-02T18:07:00+00:00
INV-000319,ORD-000319,1299.00,"{""base_amount"":1100.85,""cgst"":99.08,""sgst"":99.07,""igst"":0.0,""tax_rate"":0.18}",2026-08-09T21:24:00+00:00
INV-000320,ORD-000320,3499.00,"{""base_amount"":2965.25,""cgst"":266.88,""sgst"":266.87,""igst"":0.0,""tax_rate"":0.18}",2026-08-16T00:41:00+00:00
INV-000321,ORD-000321,7500.00,"{""base_amount"":6355.93,""cgst"":572.03,""sgst"":572.04,""igst"":0.0,""tax_rate"":0.18}",2026-08-23T03:58:00+00:00
INV-000322,ORD-000322,3499.00,"{""base_amount"":2965.25,""cgst"":266.88,""sgst"":266.87,""igst"":0.0,""tax_rate"":0.18}",2026-08-05T06:15:00+00:00
INV-000323,ORD-000323,1499.50,"{""base_amount"":1270.76,""cgst"":114.37,""sgst"":114.37,""igst"":0.0,""tax_rate"":0.18}",2026-08-12T09:32:00+00:00
INV-000324,ORD-000324,7500.00,"{""base_amount"":6355.93,""cgst"":572.03,""sgst"":572.04,""igst"":0.0,""tax_rate"":0.18}",2026-08-19T12:49:00+00:00
INV-000325,ORD-000325,2999.00,"{""base_amount"":2541.53,""cgst"":228.74,""sgst"":228.73,""igst"":0.0,""tax_rate"":0.18}",2026-08-01T15:06:00+00:00
INV-000326,ORD-000326,4999.00,"{""base_amount"":4236.44,""cgst"":381.28,""sgst"":381.28,""igst"":0.0,""tax_rate"":0.18}",2026-08-08T18:23:00+00:00
INV-000327,ORD-000327,799.00,"{""base_amount"":677.12,""cgst"":60.94,""sgst"":60.94,""igst"":0.0,""tax_rate"":0.18}",2026-08-15T21:40:00+00:00
INV-000328,ORD-000328,9999.00,"{""base_amount"":8473.73,""cgst"":762.63,""sgst"":762.64,""igst"":0.0,""tax_rate"":0.18}",2026-08-22T00:57:00+00:00
INV-000329,ORD-000329,9999.00,"{""base_amount"":8473.73,""cgst"":762.63,""sgst"":762.64,""igst"":0.0,""tax_rate"":0.18}",2026-08-04T03:14:00+00:00
INV-000330,ORD-000330,999.00,"{""base_amount"":846.61,""cgst"":76.19,""sgst"":76.2,""igst"":0.0,""tax_rate"":0.18}",2026-08-11T06:31:00+00:00
INV-000331,ORD-000331,2999.00,"{""base_amount"":2541.53,""cgst"":228.74,""sgst"":228.73,""igst"":0.0,""tax_rate"":0.18}",2026-08-18T09:48:00+00:00
INV-000332,ORD-000332,999.00,"{""base_amount"":846.61,""cgst"":76.19,""sgst"":76.2,""igst"":0.0,""tax_rate"":0.18}",2026-08-25T12:05:00+00:00
INV-000333,ORD-000333,299.00,"{""base_amount"":253.39,""cgst"":22.8,""sgst"":22.81,""igst"":0.0,""tax_rate"":0.18}",2026-08-07T15:22:00+00:00
INV-000334,ORD-000334,799.00,"{""base_amount"":677.12,""cgst"":60.94,""sgst"":60.94,""igst"":0.0,""tax_rate"":0.18}",2026-08-14T18:39:00+00:00
INV-000335,ORD-000335,14999.00,"{""base_amount"":12711.02,""cgst"":1143.99,""sgst"":1143.99,""igst"":0.0,""tax_rate"":0.18}",2026-08-21T21:56:00+00:00
INV-000336,ORD-000336,499.00,"{""base_amount"":422.88,""cgst"":38.06,""sgst"":38.06,""igst"":0.0,""tax_rate"":0.18}",2026-08-03T00:13:00+00:00
INV-000337,ORD-000337,49999.00,"{""base_amount"":42372.03,""cgst"":3813.49,""sgst"":3813.48,""igst"":0.0,""tax_rate"":0.18}",2026-08-10T03:30:00+00:00
INV-000338,ORD-000338,2499.00,"{""base_amount"":2117.8,""cgst"":190.6,""sgst"":190.6,""igst"":0.0,""tax_rate"":0.18}",2026-08-17T06:47:00+00:00
INV-000339,ORD-000339,25000.00,"{""base_amount"":21186.44,""cgst"":1906.78,""sgst"":1906.78,""igst"":0.0,""tax_rate"":0.18}",2026-08-24T09:04:00+00:00
INV-000340,ORD-000340,14999.00,"{""base_amount"":12711.02,""cgst"":1143.99,""sgst"":1143.99,""igst"":0.0,""tax_rate"":0.18}",2026-08-06T12:21:00+00:00
INV-000341,ORD-000341,999.00,"{""base_amount"":846.61,""cgst"":76.19,""sgst"":76.2,""igst"":0.0,""tax_rate"":0.18}",2026-08-13T15:38:00+00:00
INV-000342,ORD-000342,2999.00,"{""base_amount"":2541.53,""cgst"":228.74,""sgst"":228.73,""igst"":0.0,""tax_rate"":0.18}",2026-08-20T18:55:00+00:00
INV-000343,ORD-000343,1999.00,"{""base_amount"":1694.07,""cgst"":152.47,""sgst"":152.46,""igst"":0.0,""tax_rate"":0.18}",2026-08-02T21:12:00+00:00
INV-000344,ORD-000344,2499.00,"{""base_amount"":2117.8,""cgst"":190.6,""sgst"":190.6,""igst"":0.0,""tax_rate"":0.18}",2026-08-09T00:29:00+00:00
INV-000345,ORD-000345,7500.00,"{""base_amount"":6355.93,""cgst"":572.03,""sgst"":572.04,""igst"":0.0,""tax_rate"":0.18}",2026-08-16T03:46:00+00:00
INV-000346,ORD-000346,9999.00,"{""base_amount"":8473.73,""cgst"":762.63,""sgst"":762.64,""igst"":0.0,""tax_rate"":0.18}",2026-08-23T06:03:00+00:00
INV-000347,ORD-000347,999.00,"{""base_amount"":846.61,""cgst"":76.19,""sgst"":76.2,""igst"":0.0,""tax_rate"":0.18}",2026-08-05T09:20:00+00:00
INV-000348,ORD-000348,1999.00,"{""base_amount"":1694.07,""cgst"":152.47,""sgst"":152.46,""igst"":0.0,""tax_rate"":0.18}",2026-08-12T12:37:00+00:00
INV-000349,ORD-000349,4999.00,"{""base_amount"":4236.44,""cgst"":381.28,""sgst"":381.28,""igst"":0.0,""tax_rate"":0.18}",2026-08-19T15:54:00+00:00
INV-000350,ORD-000350,1999.00,"{""base_amount"":1694.07,""cgst"":152.47,""sgst"":152.46,""igst"":0.0,""tax_rate"":0.18}",2026-08-01T18:11:00+00:00
INV-000351,ORD-000351,1999.00,"{""base_amount"":1694.07,""cgst"":152.47,""sgst"":152.46,""igst"":0.0,""tax_rate"":0.18}",2026-08-08T21:28:00+00:00
INV-000352,ORD-000352,4999.00,"{""base_amount"":4236.44,""cgst"":381.28,""sgst"":381.28,""igst"":0.0,""tax_rate"":0.18}",2026-08-15T00:45:00+00:00
INV-000353,ORD-000353,2999.00,"{""base_amount"":2541.53,""cgst"":228.74,""sgst"":228.73,""igst"":0.0,""tax_rate"":0.18}",2026-08-22T03:02:00+00:00
INV-000354,ORD-000354,2999.00,"{""base_amount"":2541.53,""cgst"":228.74,""sgst"":228.73,""igst"":0.0,""tax_rate"":0.18}",2026-08-04T06:19:00+00:00
INV-000355,ORD-000355,299.00,"{""base_amount"":253.39,""cgst"":22.8,""sgst"":22.81,""igst"":0.0,""tax_rate"":0.18}",2026-08-11T09:36:00+00:00
INV-000356,ORD-000356,7500.00,"{""base_amount"":6355.93,""cgst"":572.03,""sgst"":572.04,""igst"":0.0,""tax_rate"":0.18}",2026-08-18T12:53:00+00:00
INV-000357,ORD-000357,299.00,"{""base_amount"":253.39,""cgst"":22.8,""sgst"":22.81,""igst"":0.0,""tax_rate"":0.18}",2026-08-25T15:10:00+00:00
INV-000358,ORD-000358,499.00,"{""base_amount"":422.88,""cgst"":38.06,""sgst"":38.06,""igst"":0.0,""tax_rate"":0.18}",2026-08-07T18:27:00+00:00
INV-000359,ORD-000359,999.00,"{""base_amount"":846.61,""cgst"":76.19,""sgst"":76.2,""igst"":0.0,""tax_rate"":0.18}",2026-08-14T21:44:00+00:00
INV-000360,ORD-000360,25000.00,"{""base_amount"":21186.44,""cgst"":1906.78,""sgst"":1906.78,""igst"":0.0,""tax_rate"":0.18}",2026-08-21T00:01:00+00:00
INV-000361,ORD-000361,999.00,"{""base_amount"":846.61,""cgst"":76.19,""sgst"":76.2,""igst"":0.0,""tax_rate"":0.18}",2026-08-03T03:18:00+00:00
INV-000362,ORD-000362,2499.00,"{""base_amount"":2117.8,""cgst"":190.6,""sgst"":190.6,""igst"":0.0,""tax_rate"":0.18}",2026-08-10T06:35:00+00:00
INV-000363,ORD-000363,3499.00,"{""base_amount"":2965.25,""cgst"":266.88,""sgst"":266.87,""igst"":0.0,""tax_rate"":0.18}",2026-08-17T09:52:00+00:00
INV-000364,ORD-000364,499.00,"{""base_amount"":422.88,""cgst"":38.06,""sgst"":38.06,""igst"":0.0,""tax_rate"":0.18}",2026-08-24T12:09:00+00:00
INV-000365,ORD-000365,14999.00,"{""base_amount"":12711.02,""cgst"":1143.99,""sgst"":1143.99,""igst"":0.0,""tax_rate"":0.18}",2026-08-06T15:26:00+00:00
INV-000366,ORD-000366,25000.00,"{""base_amount"":21186.44,""cgst"":1906.78,""sgst"":1906.78,""igst"":0.0,""tax_rate"":0.18}",2026-08-13T18:43:00+00:00
INV-000367,ORD-000367,4999.00,"{""base_amount"":4236.44,""cgst"":381.28,""sgst"":381.28,""igst"":0.0,""tax_rate"":0.18}",2026-08-20T22:00:00+00:00
INV-000368,ORD-000368,1299.00,"{""base_amount"":1100.85,""cgst"":99.08,""sgst"":99.07,""igst"":0.0,""tax_rate"":0.18}",2026-08-02T00:17:00+00:00
INV-000369,ORD-000369,4999.00,"{""base_amount"":4236.44,""cgst"":381.28,""sgst"":381.28,""igst"":0.0,""tax_rate"":0.18}",2026-08-09T03:34:00+00:00
INV-000370,ORD-000370,3499.00,"{""base_amount"":2965.25,""cgst"":266.88,""sgst"":266.87,""igst"":0.0,""tax_rate"":0.18}",2026-08-16T06:51:00+00:00
INV-000371,ORD-000371,14999.00,"{""base_amount"":12711.02,""cgst"":1143.99,""sgst"":1143.99,""igst"":0.0,""tax_rate"":0.18}",2026-08-23T09:08:00+00:00
INV-000372,ORD-000372,1999.00,"{""base_amount"":1694.07,""cgst"":152.47,""sgst"":152.46,""igst"":0.0,""tax_rate"":0.18}",2026-08-05T12:25:00+00:00
INV-000373,ORD-000373,2499.00,"{""base_amount"":2117.8,""cgst"":190.6,""sgst"":190.6,""igst"":0.0,""tax_rate"":0.18}",2026-08-12T15:42:00+00:00
INV-000374,ORD-000374,25000.00,"{""base_amount"":21186.44,""cgst"":1906.78,""sgst"":1906.78,""igst"":0.0,""tax_rate"":0.18}",2026-08-19T18:59:00+00:00
INV-000375,ORD-000375,999.00,"{""base_amount"":846.61,""cgst"":76.19,""sgst"":76.2,""igst"":0.0,""tax_rate"":0.18}",2026-08-01T21:16:00+00:00
INV-000376,ORD-000376,4999.00,"{""base_amount"":4236.44,""cgst"":381.28,""sgst"":381.28,""igst"":0.0,""tax_rate"":0.18}",2026-08-08T00:33:00+00:00
INV-000377,ORD-000377,1299.00,"{""base_amount"":1100.85,""cgst"":99.08,""sgst"":99.07,""igst"":0.0,""tax_rate"":0.18}",2026-08-15T03:50:00+00:00
INV-000378,ORD-000378,799.00,"{""base_amount"":677.12,""cgst"":60.94,""sgst"":60.94,""igst"":0.0,""tax_rate"":0.18}",2026-08-22T06:07:00+00:00
INV-000379,ORD-000379,14999.00,"{""base_amount"":12711.02,""cgst"":1143.99,""sgst"":1143.99,""igst"":0.0,""tax_rate"":0.18}",2026-08-04T09:24:00+00:00
INV-000380,ORD-000380,1299.00,"{""base_amount"":1100.85,""cgst"":99.08,""sgst"":99.07,""igst"":0.0,""tax_rate"":0.18}",2026-08-11T12:41:00+00:00
INV-000381,ORD-000381,4999.00,"{""base_amount"":4236.44,""cgst"":381.28,""sgst"":381.28,""igst"":0.0,""tax_rate"":0.18}",2026-08-18T15:58:00+00:00
INV-000382,ORD-000382,7500.00,"{""base_amount"":6355.93,""cgst"":572.03,""sgst"":572.04,""igst"":0.0,""tax_rate"":0.18}",2026-08-25T18:15:00+00:00
INV-000383,ORD-000383,3499.00,"{""base_amount"":2965.25,""cgst"":266.88,""sgst"":266.87,""igst"":0.0,""tax_rate"":0.18}",2026-08-07T21:32:00+00:00
INV-000384,ORD-000384,999.00,"{""base_amount"":846.61,""cgst"":76.19,""sgst"":76.2,""igst"":0.0,""tax_rate"":0.18}",2026-08-14T00:49:00+00:00
INV-000385,ORD-000385,49999.00,"{""base_amount"":42372.03,""cgst"":3813.49,""sgst"":3813.48,""igst"":0.0,""tax_rate"":0.18}",2026-08-21T03:06:00+00:00
INV-000386,ORD-000386,7500.00,"{""base_amount"":6355.93,""cgst"":572.03,""sgst"":572.04,""igst"":0.0,""tax_rate"":0.18}",2026-08-03T06:23:00+00:00
INV-000387,ORD-000387,2999.00,"{""base_amount"":2541.53,""cgst"":228.74,""sgst"":228.73,""igst"":0.0,""tax_rate"":0.18}",2026-08-10T09:40:00+00:00
INV-000388,ORD-000388,299.00,"{""base_amount"":253.39,""cgst"":22.8,""sgst"":22.81,""igst"":0.0,""tax_rate"":0.18}",2026-08-17T12:57:00+00:00
INV-000389,ORD-000389,1499.50,"{""base_amount"":1270.76,""cgst"":114.37,""sgst"":114.37,""igst"":0.0,""tax_rate"":0.18}",2026-08-24T15:14:00+00:00
INV-000390,ORD-000390,4999.00,"{""base_amount"":4236.44,""cgst"":381.28,""sgst"":381.28,""igst"":0.0,""tax_rate"":0.18}",2026-08-06T18:31:00+00:00
INV-000391,ORD-000391,1499.50,"{""base_amount"":1270.76,""cgst"":114.37,""sgst"":114.37,""igst"":0.0,""tax_rate"":0.18}",2026-08-13T21:48:00+00:00
INV-000392,ORD-000392,799.00,"{""base_amount"":677.12,""cgst"":60.94,""sgst"":60.94,""igst"":0.0,""tax_rate"":0.18}",2026-08-20T00:05:00+00:00
INV-000393,ORD-000393,799.00,"{""base_amount"":677.12,""cgst"":60.94,""sgst"":60.94,""igst"":0.0,""tax_rate"":0.18}",2026-08-02T03:22:00+00:00
INV-000394,ORD-000394,14999.00,"{""base_amount"":12711.02,""cgst"":1143.99,""sgst"":1143.99,""igst"":0.0,""tax_rate"":0.18}",2026-08-09T06:39:00+00:00
INV-000395,ORD-000395,1499.50,"{""base_amount"":1270.76,""cgst"":114.37,""sgst"":114.37,""igst"":0.0,""tax_rate"":0.18}",2026-08-16T09:56:00+00:00
INV-000396,ORD-000396,4999.00,"{""base_amount"":4236.44,""cgst"":381.28,""sgst"":381.28,""igst"":0.0,""tax_rate"":0.18}",2026-08-23T12:13:00+00:00
INV-000397,ORD-000397,1299.00,"{""base_amount"":1100.85,""cgst"":99.08,""sgst"":99.07,""igst"":0.0,""tax_rate"":0.18}",2026-08-05T15:30:00+00:00
INV-000398,ORD-000398,799.00,"{""base_amount"":677.12,""cgst"":60.94,""sgst"":60.94,""igst"":0.0,""tax_rate"":0.18}",2026-08-12T18:47:00+00:00
INV-000399,ORD-000399,14999.00,"{""base_amount"":12711.02,""cgst"":1143.99,""sgst"":1143.99,""igst"":0.0,""tax_rate"":0.18}",2026-08-19T21:04:00+00:00
INV-000400,ORD-000400,14999.00,"{""base_amount"":12711.02,""cgst"":1143.99,""sgst"":1143.99,""igst"":0.0,""tax_rate"":0.18}",2026-08-01T00:21:00+00:00
INV-000401,ORD-000401,999.00,"{""base_amount"":846.61,""cgst"":76.19,""sgst"":76.2,""igst"":0.0,""tax_rate"":0.18}",2026-08-08T03:38:00+00:00
INV-000402,ORD-000402,999.00,"{""base_amount"":846.61,""cgst"":76.19,""sgst"":76.2,""igst"":0.0,""tax_rate"":0.18}",2026-08-15T06:55:00+00:00
INV-000403,ORD-000403,3499.00,"{""base_amount"":2965.25,""cgst"":266.88,""sgst"":266.87,""igst"":0.0,""tax_rate"":0.18}",2026-08-22T09:12:00+00:00
INV-000404,ORD-000404,9999.00,"{""base_amount"":8473.73,""cgst"":762.63,""sgst"":762.64,""igst"":0.0,""tax_rate"":0.18}",2026-08-04T12:29:00+00:00
INV-000405,ORD-000405,1999.00,"{""base_amount"":1694.07,""cgst"":152.47,""sgst"":152.46,""igst"":0.0,""tax_rate"":0.18}",2026-08-11T15:46:00+00:00
INV-000406,ORD-000406,1299.00,"{""base_amount"":1100.85,""cgst"":99.08,""sgst"":99.07,""igst"":0.0,""tax_rate"":0.18}",2026-08-18T18:03:00+00:00
INV-000407,ORD-000407,4999.00,"{""base_amount"":4236.44,""cgst"":381.28,""sgst"":381.28,""igst"":0.0,""tax_rate"":0.18}",2026-08-25T21:20:00+00:00
INV-000408,ORD-000408,49999.00,"{""base_amount"":42372.03,""cgst"":3813.49,""sgst"":3813.48,""igst"":0.0,""tax_rate"":0.18}",2026-08-07T00:37:00+00:00
INV-000409,ORD-000409,1299.00,"{""base_amount"":1100.85,""cgst"":99.08,""sgst"":99.07,""igst"":0.0,""tax_rate"":0.18}",2026-08-14T03:54:00+00:00
INV-000410,ORD-000410,2499.00,"{""base_amount"":2117.8,""cgst"":190.6,""sgst"":190.6,""igst"":0.0,""tax_rate"":0.18}",2026-08-21T06:11:00+00:00
INV-000411,ORD-000411,9999.00,"{""base_amount"":8473.73,""cgst"":762.63,""sgst"":762.64,""igst"":0.0,""tax_rate"":0.18}",2026-08-03T09:28:00+00:00
INV-000412,ORD-000412,299.00,"{""base_amount"":253.39,""cgst"":22.8,""sgst"":22.81,""igst"":0.0,""tax_rate"":0.18}",2026-08-10T12:45:00+00:00
INV-000413,ORD-000413,4999.00,"{""base_amount"":4236.44,""cgst"":381.28,""sgst"":381.28,""igst"":0.0,""tax_rate"":0.18}",2026-08-17T15:02:00+00:00
INV-000414,ORD-000414,14999.00,"{""base_amount"":12711.02,""cgst"":1143.99,""sgst"":1143.99,""igst"":0.0,""tax_rate"":0.18}",2026-08-24T18:19:00+00:00
INV-000415,ORD-000415,9999.00,"{""base_amount"":8473.73,""cgst"":762.63,""sgst"":762.64,""igst"":0.0,""tax_rate"":0.18}",2026-08-06T21:36:00+00:00
INV-000416,ORD-000416,1499.50,"{""base_amount"":1270.76,""cgst"":114.37,""sgst"":114.37,""igst"":0.0,""tax_rate"":0.18}",2026-08-13T00:53:00+00:00
INV-000417,ORD-000417,799.00,"{""base_amount"":677.12,""cgst"":60.94,""sgst"":60.94,""igst"":0.0,""tax_rate"":0.18}",2026-08-20T03:10:00+00:00
INV-000418,ORD-000418,2499.00,"{""base_amount"":2117.8,""cgst"":190.6,""sgst"":190.6,""igst"":0.0,""tax_rate"":0.18}",2026-08-02T06:27:00+00:00
INV-000419,ORD-000419,799.00,"{""base_amount"":677.12,""cgst"":60.94,""sgst"":60.94,""igst"":0.0,""tax_rate"":0.18}",2026-08-09T09:44:00+00:00
INV-000420,ORD-000420,4999.00,"{""base_amount"":4236.44,""cgst"":381.28,""sgst"":381.28,""igst"":0.0,""tax_rate"":0.18}",2026-08-16T12:01:00+00:00
INV-000421,ORD-000421,1499.50,"{""base_amount"":1270.76,""cgst"":114.37,""sgst"":114.37,""igst"":0.0,""tax_rate"":0.18}",2026-08-23T15:18:00+00:00
INV-000422,ORD-000422,999.00,"{""base_amount"":846.61,""cgst"":76.19,""sgst"":76.2,""igst"":0.0,""tax_rate"":0.18}",2026-08-05T18:35:00+00:00
INV-000423,ORD-000423,7500.00,"{""base_amount"":6355.93,""cgst"":572.03,""sgst"":572.04,""igst"":0.0,""tax_rate"":0.18}",2026-08-12T21:52:00+00:00
INV-000424,ORD-000424,999.00,"{""base_amount"":846.61,""cgst"":76.19,""sgst"":76.2,""igst"":0.0,""tax_rate"":0.18}",2026-08-19T00:09:00+00:00
INV-000425,ORD-000425,1999.00,"{""base_amount"":1694.07,""cgst"":152.47,""sgst"":152.46,""igst"":0.0,""tax_rate"":0.18}",2026-08-01T03:26:00+00:00
INV-000426,ORD-000426,799.00,"{""base_amount"":677.12,""cgst"":60.94,""sgst"":60.94,""igst"":0.0,""tax_rate"":0.18}",2026-08-08T06:43:00+00:00
INV-000427,ORD-000427,25000.00,"{""base_amount"":21186.44,""cgst"":1906.78,""sgst"":1906.78,""igst"":0.0,""tax_rate"":0.18}",2026-08-15T10:00:00+00:00
INV-000428,ORD-000428,4999.00,"{""base_amount"":4236.44,""cgst"":381.28,""sgst"":381.28,""igst"":0.0,""tax_rate"":0.18}",2026-08-22T12:17:00+00:00
INV-000429,ORD-000429,799.00,"{""base_amount"":677.12,""cgst"":60.94,""sgst"":60.94,""igst"":0.0,""tax_rate"":0.18}",2026-08-04T15:34:00+00:00
INV-000430,ORD-000430,3499.00,"{""base_amount"":2965.25,""cgst"":266.88,""sgst"":266.87,""igst"":0.0,""tax_rate"":0.18}",2026-08-11T18:51:00+00:00
INV-000431,ORD-000431,7500.00,"{""base_amount"":6355.93,""cgst"":572.03,""sgst"":572.04,""igst"":0.0,""tax_rate"":0.18}",2026-08-18T21:08:00+00:00
INV-000432,ORD-000432,25000.00,"{""base_amount"":21186.44,""cgst"":1906.78,""sgst"":1906.78,""igst"":0.0,""tax_rate"":0.18}",2026-08-25T00:25:00+00:00
INV-000433,ORD-000433,499.00,"{""base_amount"":422.88,""cgst"":38.06,""sgst"":38.06,""igst"":0.0,""tax_rate"":0.18}",2026-08-07T03:42:00+00:00
INV-000434,ORD-000434,799.00,"{""base_amount"":677.12,""cgst"":60.94,""sgst"":60.94,""igst"":0.0,""tax_rate"":0.18}",2026-08-14T06:59:00+00:00
INV-000435,ORD-000435,9999.00,"{""base_amount"":8473.73,""cgst"":762.63,""sgst"":762.64,""igst"":0.0,""tax_rate"":0.18}",2026-08-21T09:16:00+00:00
INV-000436,ORD-000436,499.00,"{""base_amount"":422.88,""cgst"":38.06,""sgst"":38.06,""igst"":0.0,""tax_rate"":0.18}",2026-08-03T12:33:00+00:00
INV-000437,ORD-000437,4999.00,"{""base_amount"":4236.44,""cgst"":381.28,""sgst"":381.28,""igst"":0.0,""tax_rate"":0.18}",2026-08-10T15:50:00+00:00
INV-000438,ORD-000438,1299.00,"{""base_amount"":1100.85,""cgst"":99.08,""sgst"":99.07,""igst"":0.0,""tax_rate"":0.18}",2026-08-17T18:07:00+00:00
INV-000439,ORD-000439,999.00,"{""base_amount"":846.61,""cgst"":76.19,""sgst"":76.2,""igst"":0.0,""tax_rate"":0.18}",2026-08-24T21:24:00+00:00
INV-000440,ORD-000440,1499.50,"{""base_amount"":1270.76,""cgst"":114.37,""sgst"":114.37,""igst"":0.0,""tax_rate"":0.18}",2026-08-06T00:41:00+00:00
INV-000441,ORD-000441,25000.00,"{""base_amount"":21186.44,""cgst"":1906.78,""sgst"":1906.78,""igst"":0.0,""tax_rate"":0.18}",2026-08-13T03:58:00+00:00
INV-000442,ORD-000442,1499.50,"{""base_amount"":1270.76,""cgst"":114.37,""sgst"":114.37,""igst"":0.0,""tax_rate"":0.18}",2026-08-20T06:15:00+00:00
INV-000443,ORD-000443,3499.00,"{""base_amount"":2965.25,""cgst"":266.88,""sgst"":266.87,""igst"":0.0,""tax_rate"":0.18}",2026-08-02T09:32:00+00:00
INV-000444,ORD-000444,4999.00,"{""base_amount"":4236.44,""cgst"":381.28,""sgst"":381.28,""igst"":0.0,""tax_rate"":0.18}",2026-08-09T12:49:00+00:00
INV-000445,ORD-000445,799.00,"{""base_amount"":677.12,""cgst"":60.94,""sgst"":60.94,""igst"":0.0,""tax_rate"":0.18}",2026-08-16T15:06:00+00:00
INV-000446,ORD-000446,9999.00,"{""base_amount"":8473.73,""cgst"":762.63,""sgst"":762.64,""igst"":0.0,""tax_rate"":0.18}",2026-08-23T18:23:00+00:00
INV-000447,ORD-000447,1299.00,"{""base_amount"":1100.85,""cgst"":99.08,""sgst"":99.07,""igst"":0.0,""tax_rate"":0.18}",2026-08-05T21:40:00+00:00
INV-000448,ORD-000448,1299.00,"{""base_amount"":1100.85,""cgst"":99.08,""sgst"":99.07,""igst"":0.0,""tax_rate"":0.18}",2026-08-12T00:57:00+00:00
INV-000449,ORD-000449,9999.00,"{""base_amount"":8473.73,""cgst"":762.63,""sgst"":762.64,""igst"":0.0,""tax_rate"":0.18}",2026-08-19T03:14:00+00:00
INV-000450,ORD-000450,3499.00,"{""base_amount"":2965.25,""cgst"":266.88,""sgst"":266.87,""igst"":0.0,""tax_rate"":0.18}",2026-08-01T06:31:00+00:00
INV-000451,ORD-000451,1299.00,"{""base_amount"":1100.85,""cgst"":99.08,""sgst"":99.07,""igst"":0.0,""tax_rate"":0.18}",2026-08-08T09:48:00+00:00
INV-000452,ORD-000452,7500.00,"{""base_amount"":6355.93,""cgst"":572.03,""sgst"":572.04,""igst"":0.0,""tax_rate"":0.18}",2026-08-15T12:05:00+00:00
INV-000453,ORD-000453,3499.00,"{""base_amount"":2965.25,""cgst"":266.88,""sgst"":266.87,""igst"":0.0,""tax_rate"":0.18}",2026-08-22T15:22:00+00:00
INV-000454,ORD-000454,4999.00,"{""base_amount"":4236.44,""cgst"":381.28,""sgst"":381.28,""igst"":0.0,""tax_rate"":0.18}",2026-08-04T18:39:00+00:00
INV-000455,ORD-000455,2499.00,"{""base_amount"":2117.8,""cgst"":190.6,""sgst"":190.6,""igst"":0.0,""tax_rate"":0.18}",2026-08-11T21:56:00+00:00
INV-000456,ORD-000456,799.00,"{""base_amount"":677.12,""cgst"":60.94,""sgst"":60.94,""igst"":0.0,""tax_rate"":0.18}",2026-08-18T00:13:00+00:00
INV-000457,ORD-000457,499.00,"{""base_amount"":422.88,""cgst"":38.06,""sgst"":38.06,""igst"":0.0,""tax_rate"":0.18}",2026-08-25T03:30:00+00:00
INV-000458,ORD-000458,9999.00,"{""base_amount"":8473.73,""cgst"":762.63,""sgst"":762.64,""igst"":0.0,""tax_rate"":0.18}",2026-08-07T06:47:00+00:00
INV-000459,ORD-000459,1499.50,"{""base_amount"":1270.76,""cgst"":114.37,""sgst"":114.37,""igst"":0.0,""tax_rate"":0.18}",2026-08-14T09:04:00+00:00
INV-000460,ORD-000460,499.00,"{""base_amount"":422.88,""cgst"":38.06,""sgst"":38.06,""igst"":0.0,""tax_rate"":0.18}",2026-08-21T12:21:00+00:00
INV-000461,ORD-000461,2499.00,"{""base_amount"":2117.8,""cgst"":190.6,""sgst"":190.6,""igst"":0.0,""tax_rate"":0.18}",2026-08-03T15:38:00+00:00
INV-000462,ORD-000462,25000.00,"{""base_amount"":21186.44,""cgst"":1906.78,""sgst"":1906.78,""igst"":0.0,""tax_rate"":0.18}",2026-08-10T18:55:00+00:00
INV-000463,ORD-000463,2499.00,"{""base_amount"":2117.8,""cgst"":190.6,""sgst"":190.6,""igst"":0.0,""tax_rate"":0.18}",2026-08-17T21:12:00+00:00
INV-000464,ORD-000464,1999.00,"{""base_amount"":1694.07,""cgst"":152.47,""sgst"":152.46,""igst"":0.0,""tax_rate"":0.18}",2026-08-24T00:29:00+00:00
INV-000465,ORD-000465,25000.00,"{""base_amount"":21186.44,""cgst"":1906.78,""sgst"":1906.78,""igst"":0.0,""tax_rate"":0.18}",2026-08-06T03:46:00+00:00
INV-000466,ORD-000466,14999.00,"{""base_amount"":12711.02,""cgst"":1143.99,""sgst"":1143.99,""igst"":0.0,""tax_rate"":0.18}",2026-08-13T06:03:00+00:00
INV-000467,ORD-000467,1299.00,"{""base_amount"":1100.85,""cgst"":99.08,""sgst"":99.07,""igst"":0.0,""tax_rate"":0.18}",2026-08-20T09:20:00+00:00
INV-000468,ORD-000468,49999.00,"{""base_amount"":42372.03,""cgst"":3813.49,""sgst"":3813.48,""igst"":0.0,""tax_rate"":0.18}",2026-08-02T12:37:00+00:00
INV-000469,ORD-000469,999.00,"{""base_amount"":846.61,""cgst"":76.19,""sgst"":76.2,""igst"":0.0,""tax_rate"":0.18}",2026-08-09T15:54:00+00:00
INV-000470,ORD-000470,799.00,"{""base_amount"":677.12,""cgst"":60.94,""sgst"":60.94,""igst"":0.0,""tax_rate"":0.18}",2026-08-16T18:11:00+00:00
INV-000471,ORD-000471,25000.00,"{""base_amount"":21186.44,""cgst"":1906.78,""sgst"":1906.78,""igst"":0.0,""tax_rate"":0.18}",2026-08-23T21:28:00+00:00
INV-000472,ORD-000472,799.00,"{""base_amount"":677.12,""cgst"":60.94,""sgst"":60.94,""igst"":0.0,""tax_rate"":0.18}",2026-08-05T00:45:00+00:00
INV-000473,ORD-000473,7500.00,"{""base_amount"":6355.93,""cgst"":572.03,""sgst"":572.04,""igst"":0.0,""tax_rate"":0.18}",2026-08-12T03:02:00+00:00
INV-000474,ORD-000474,499.00,"{""base_amount"":422.88,""cgst"":38.06,""sgst"":38.06,""igst"":0.0,""tax_rate"":0.18}",2026-08-19T06:19:00+00:00
INV-000475,ORD-000475,7500.00,"{""base_amount"":6355.93,""cgst"":572.03,""sgst"":572.04,""igst"":0.0,""tax_rate"":0.18}",2026-08-01T09:36:00+00:00
INV-000476,ORD-000476,799.00,"{""base_amount"":677.12,""cgst"":60.94,""sgst"":60.94,""igst"":0.0,""tax_rate"":0.18}",2026-08-08T12:53:00+00:00
INV-000477,ORD-000477,299.00,"{""base_amount"":253.39,""cgst"":22.8,""sgst"":22.81,""igst"":0.0,""tax_rate"":0.18}",2026-08-15T15:10:00+00:00
INV-000478,ORD-000478,4999.00,"{""base_amount"":4236.44,""cgst"":381.28,""sgst"":381.28,""igst"":0.0,""tax_rate"":0.18}",2026-08-22T18:27:00+00:00
INV-000479,ORD-000479,499.00,"{""base_amount"":422.88,""cgst"":38.06,""sgst"":38.06,""igst"":0.0,""tax_rate"":0.18}",2026-08-04T21:44:00+00:00
INV-000480,ORD-000480,1299.00,"{""base_amount"":1100.85,""cgst"":99.08,""sgst"":99.07,""igst"":0.0,""tax_rate"":0.18}",2026-08-11T00:01:00+00:00
INV-000481,ORD-000481,299.00,"{""base_amount"":253.39,""cgst"":22.8,""sgst"":22.81,""igst"":0.0,""tax_rate"":0.18}",2026-08-18T03:18:00+00:00
INV-000482,ORD-000482,2999.00,"{""base_amount"":2541.53,""cgst"":228.74,""sgst"":228.73,""igst"":0.0,""tax_rate"":0.18}",2026-08-25T06:35:00+00:00
INV-000483,ORD-000483,14999.00,"{""base_amount"":12711.02,""cgst"":1143.99,""sgst"":1143.99,""igst"":0.0,""tax_rate"":0.18}",2026-08-07T09:52:00+00:00
INV-000484,ORD-000484,2499.00,"{""base_amount"":2117.8,""cgst"":190.6,""sgst"":190.6,""igst"":0.0,""tax_rate"":0.18}",2026-08-14T12:09:00+00:00
INV-000485,ORD-000485,499.00,"{""base_amount"":422.88,""cgst"":38.06,""sgst"":38.06,""igst"":0.0,""tax_rate"":0.18}",2026-08-21T15:26:00+00:00
INV-000486,ORD-000486,25000.00,"{""base_amount"":21186.44,""cgst"":1906.78,""sgst"":1906.78,""igst"":0.0,""tax_rate"":0.18}",2026-08-03T18:43:00+00:00
INV-000487,ORD-000487,49999.00,"{""base_amount"":42372.03,""cgst"":3813.49,""sgst"":3813.48,""igst"":0.0,""tax_rate"":0.18}",2026-08-10T22:00:00+00:00
INV-000488,ORD-000488,2499.00,"{""base_amount"":2117.8,""cgst"":190.6,""sgst"":190.6,""igst"":0.0,""tax_rate"":0.18}",2026-08-17T00:17:00+00:00
INV-000489,ORD-000489,14999.00,"{""base_amount"":12711.02,""cgst"":1143.99,""sgst"":1143.99,""igst"":0.0,""tax_rate"":0.18}",2026-08-24T03:34:00+00:00
INV-000490,ORD-000490,2499.00,"{""base_amount"":2117.8,""cgst"":190.6,""sgst"":190.6,""igst"":0.0,""tax_rate"":0.18}",2026-08-06T06:51:00+00:00
INV-000491,ORD-000491,799.00,"{""base_amount"":677.12,""cgst"":60.94,""sgst"":60.94,""igst"":0.0,""tax_rate"":0.18}",2026-08-13T09:08:00+00:00
INV-000492,ORD-000492,299.00,"{""base_amount"":253.39,""cgst"":22.8,""sgst"":22.81,""igst"":0.0,""tax_rate"":0.18}",2026-08-20T12:25:00+00:00
INV-000493,ORD-000493,499.00,"{""base_amount"":422.88,""cgst"":38.06,""sgst"":38.06,""igst"":0.0,""tax_rate"":0.18}",2026-08-02T15:42:00+00:00
INV-000494,ORD-000494,2999.00,"{""base_amount"":2541.53,""cgst"":228.74,""sgst"":228.73,""igst"":0.0,""tax_rate"":0.18}",2026-08-09T18:59:00+00:00
INV-000495,ORD-000495,799.00,"{""base_amount"":677.12,""cgst"":60.94,""sgst"":60.94,""igst"":0.0,""tax_rate"":0.18}",2026-08-16T21:16:00+00:00
INV-000496,ORD-000496,999.00,"{""base_amount"":846.61,""cgst"":76.19,""sgst"":76.2,""igst"":0.0,""tax_rate"":0.18}",2026-08-23T00:33:00+00:00
INV-000497,ORD-000497,499.00,"{""base_amount"":422.88,""cgst"":38.06,""sgst"":38.06,""igst"":0.0,""tax_rate"":0.18}",2026-08-05T03:50:00+00:00
INV-000498,ORD-000498,4999.00,"{""base_amount"":4236.44,""cgst"":381.28,""sgst"":381.28,""igst"":0.0,""tax_rate"":0.18}",2026-08-12T06:07:00+00:00
INV-000499,ORD-000499,49999.00,"{""base_amount"":42372.03,""cgst"":3813.49,""sgst"":3813.48,""igst"":0.0,""tax_rate"":0.18}",2026-08-19T09:24:00+00:00
INV-000500,ORD-000500,799.00,"{""base_amount"":677.12,""cgst"":60.94,""sgst"":60.94,""igst"":0.0,""tax_rate"":0.18}",2026-08-01T12:41:00+00:00
INV-000501,ORD-000501,3499.00,"{""base_amount"":2965.25,""cgst"":266.88,""sgst"":266.87,""igst"":0.0,""tax_rate"":0.18}",2026-08-08T15:58:00+00:00
INV-000502,ORD-000502,1999.00,"{""base_amount"":1694.07,""cgst"":152.47,""sgst"":152.46,""igst"":0.0,""tax_rate"":0.18}",2026-08-15T18:15:00+00:00
INV-000503,ORD-000503,3499.00,"{""base_amount"":2965.25,""cgst"":266.88,""sgst"":266.87,""igst"":0.0,""tax_rate"":0.18}",2026-08-22T21:32:00+00:00
INV-000504,ORD-000504,49999.00,"{""base_amount"":42372.03,""cgst"":3813.49,""sgst"":3813.48,""igst"":0.0,""tax_rate"":0.18}",2026-08-04T00:49:00+00:00
INV-000505,ORD-000505,1999.00,"{""base_amount"":1694.07,""cgst"":152.47,""sgst"":152.46,""igst"":0.0,""tax_rate"":0.18}",2026-08-11T03:06:00+00:00
INV-000506,ORD-000506,499.00,"{""base_amount"":422.88,""cgst"":38.06,""sgst"":38.06,""igst"":0.0,""tax_rate"":0.18}",2026-08-18T06:23:00+00:00
INV-000507,ORD-000507,999.00,"{""base_amount"":846.61,""cgst"":76.19,""sgst"":76.2,""igst"":0.0,""tax_rate"":0.18}",2026-08-25T09:40:00+00:00
INV-000508,ORD-000508,9999.00,"{""base_amount"":8473.73,""cgst"":762.63,""sgst"":762.64,""igst"":0.0,""tax_rate"":0.18}",2026-08-07T12:57:00+00:00
INV-000509,ORD-000509,4999.00,"{""base_amount"":4236.44,""cgst"":381.28,""sgst"":381.28,""igst"":0.0,""tax_rate"":0.18}",2026-08-14T15:14:00+00:00
INV-000510,ORD-000510,49999.00,"{""base_amount"":42372.03,""cgst"":3813.49,""sgst"":3813.48,""igst"":0.0,""tax_rate"":0.18}",2026-08-21T18:31:00+00:00
INV-000511,ORD-000511,2999.00,"{""base_amount"":2541.53,""cgst"":228.74,""sgst"":228.73,""igst"":0.0,""tax_rate"":0.18}",2026-08-03T21:48:00+00:00
INV-000512,ORD-000512,799.00,"{""base_amount"":677.12,""cgst"":60.94,""sgst"":60.94,""igst"":0.0,""tax_rate"":0.18}",2026-08-10T00:05:00+00:00
INV-000513,ORD-000513,3499.00,"{""base_amount"":2965.25,""cgst"":266.88,""sgst"":266.87,""igst"":0.0,""tax_rate"":0.18}",2026-08-17T03:22:00+00:00
INV-000514,ORD-000514,799.00,"{""base_amount"":677.12,""cgst"":60.94,""sgst"":60.94,""igst"":0.0,""tax_rate"":0.18}",2026-08-24T06:39:00+00:00
INV-000515,ORD-000515,3499.00,"{""base_amount"":2965.25,""cgst"":266.88,""sgst"":266.87,""igst"":0.0,""tax_rate"":0.18}",2026-08-06T09:56:00+00:00
INV-000516,ORD-000516,1499.50,"{""base_amount"":1270.76,""cgst"":114.37,""sgst"":114.37,""igst"":0.0,""tax_rate"":0.18}",2026-08-13T12:13:00+00:00
INV-000517,ORD-000517,25000.00,"{""base_amount"":21186.44,""cgst"":1906.78,""sgst"":1906.78,""igst"":0.0,""tax_rate"":0.18}",2026-08-20T15:30:00+00:00
INV-000518,ORD-000518,14999.00,"{""base_amount"":12711.02,""cgst"":1143.99,""sgst"":1143.99,""igst"":0.0,""tax_rate"":0.18}",2026-08-02T18:47:00+00:00
INV-000519,ORD-000519,799.00,"{""base_amount"":677.12,""cgst"":60.94,""sgst"":60.94,""igst"":0.0,""tax_rate"":0.18}",2026-08-09T21:04:00+00:00
INV-000520,ORD-000520,1499.50,"{""base_amount"":1270.76,""cgst"":114.37,""sgst"":114.37,""igst"":0.0,""tax_rate"":0.18}",2026-08-16T00:21:00+00:00
INV-000521,ORD-000521,25000.00,"{""base_amount"":21186.44,""cgst"":1906.78,""sgst"":1906.78,""igst"":0.0,""tax_rate"":0.18}",2026-08-23T03:38:00+00:00
INV-000522,ORD-000522,799.00,"{""base_amount"":677.12,""cgst"":60.94,""sgst"":60.94,""igst"":0.0,""tax_rate"":0.18}",2026-08-05T06:55:00+00:00
INV-000523,ORD-000523,7500.00,"{""base_amount"":6355.93,""cgst"":572.03,""sgst"":572.04,""igst"":0.0,""tax_rate"":0.18}",2026-08-12T09:12:00+00:00
INV-000524,ORD-000524,1299.00,"{""base_amount"":1100.85,""cgst"":99.08,""sgst"":99.07,""igst"":0.0,""tax_rate"":0.18}",2026-08-19T12:29:00+00:00
INV-000525,ORD-000525,7500.00,"{""base_amount"":6355.93,""cgst"":572.03,""sgst"":572.04,""igst"":0.0,""tax_rate"":0.18}",2026-08-01T15:46:00+00:00
INV-000526,ORD-000526,1299.00,"{""base_amount"":1100.85,""cgst"":99.08,""sgst"":99.07,""igst"":0.0,""tax_rate"":0.18}",2026-08-08T18:03:00+00:00
INV-000527,ORD-000527,4999.00,"{""base_amount"":4236.44,""cgst"":381.28,""sgst"":381.28,""igst"":0.0,""tax_rate"":0.18}",2026-08-15T21:20:00+00:00
INV-000528,ORD-000528,999.00,"{""base_amount"":846.61,""cgst"":76.19,""sgst"":76.2,""igst"":0.0,""tax_rate"":0.18}",2026-08-22T00:37:00+00:00
INV-000529,ORD-000529,49999.00,"{""base_amount"":42372.03,""cgst"":3813.49,""sgst"":3813.48,""igst"":0.0,""tax_rate"":0.18}",2026-08-04T03:54:00+00:00
INV-000530,ORD-000530,999.00,"{""base_amount"":846.61,""cgst"":76.19,""sgst"":76.2,""igst"":0.0,""tax_rate"":0.18}",2026-08-11T06:11:00+00:00
INV-000531,ORD-000531,25000.00,"{""base_amount"":21186.44,""cgst"":1906.78,""sgst"":1906.78,""igst"":0.0,""tax_rate"":0.18}",2026-08-18T09:28:00+00:00
INV-000532,ORD-000532,49999.00,"{""base_amount"":42372.03,""cgst"":3813.49,""sgst"":3813.48,""igst"":0.0,""tax_rate"":0.18}",2026-08-25T12:45:00+00:00
INV-000533,ORD-000533,1299.00,"{""base_amount"":1100.85,""cgst"":99.08,""sgst"":99.07,""igst"":0.0,""tax_rate"":0.18}",2026-08-07T15:02:00+00:00
INV-000534,ORD-000534,1499.50,"{""base_amount"":1270.76,""cgst"":114.37,""sgst"":114.37,""igst"":0.0,""tax_rate"":0.18}",2026-08-14T18:19:00+00:00
INV-000535,ORD-000535,4999.00,"{""base_amount"":4236.44,""cgst"":381.28,""sgst"":381.28,""igst"":0.0,""tax_rate"":0.18}",2026-08-21T21:36:00+00:00
INV-000536,ORD-000536,3499.00,"{""base_amount"":2965.25,""cgst"":266.88,""sgst"":266.87,""igst"":0.0,""tax_rate"":0.18}",2026-08-03T00:53:00+00:00
INV-000537,ORD-000537,1499.50,"{""base_amount"":1270.76,""cgst"":114.37,""sgst"":114.37,""igst"":0.0,""tax_rate"":0.18}",2026-08-10T03:10:00+00:00
INV-000538,ORD-000538,2499.00,"{""base_amount"":2117.8,""cgst"":190.6,""sgst"":190.6,""igst"":0.0,""tax_rate"":0.18}",2026-08-17T06:27:00+00:00
INV-000539,ORD-000539,1299.00,"{""base_amount"":1100.85,""cgst"":99.08,""sgst"":99.07,""igst"":0.0,""tax_rate"":0.18}",2026-08-24T09:44:00+00:00
INV-000540,ORD-000540,299.00,"{""base_amount"":253.39,""cgst"":22.8,""sgst"":22.81,""igst"":0.0,""tax_rate"":0.18}",2026-08-06T12:01:00+00:00
INV-000541,ORD-000541,7500.00,"{""base_amount"":6355.93,""cgst"":572.03,""sgst"":572.04,""igst"":0.0,""tax_rate"":0.18}",2026-08-13T15:18:00+00:00
INV-000542,ORD-000542,1299.00,"{""base_amount"":1100.85,""cgst"":99.08,""sgst"":99.07,""igst"":0.0,""tax_rate"":0.18}",2026-08-20T18:35:00+00:00
INV-000543,ORD-000543,3499.00,"{""base_amount"":2965.25,""cgst"":266.88,""sgst"":266.87,""igst"":0.0,""tax_rate"":0.18}",2026-08-02T21:52:00+00:00
INV-000544,ORD-000544,14999.00,"{""base_amount"":12711.02,""cgst"":1143.99,""sgst"":1143.99,""igst"":0.0,""tax_rate"":0.18}",2026-08-09T00:09:00+00:00
INV-000545,ORD-000545,1299.00,"{""base_amount"":1100.85,""cgst"":99.08,""sgst"":99.07,""igst"":0.0,""tax_rate"":0.18}",2026-08-16T03:26:00+00:00
INV-000546,ORD-000546,25000.00,"{""base_amount"":21186.44,""cgst"":1906.78,""sgst"":1906.78,""igst"":0.0,""tax_rate"":0.18}",2026-08-23T06:43:00+00:00
INV-000547,ORD-000547,7500.00,"{""base_amount"":6355.93,""cgst"":572.03,""sgst"":572.04,""igst"":0.0,""tax_rate"":0.18}",2026-08-05T10:00:00+00:00
INV-000548,ORD-000548,1499.50,"{""base_amount"":1270.76,""cgst"":114.37,""sgst"":114.37,""igst"":0.0,""tax_rate"":0.18}",2026-08-12T12:17:00+00:00
INV-000549,ORD-000549,499.00,"{""base_amount"":422.88,""cgst"":38.06,""sgst"":38.06,""igst"":0.0,""tax_rate"":0.18}",2026-08-19T15:34:00+00:00
INV-000550,ORD-000550,1299.00,"{""base_amount"":1100.85,""cgst"":99.08,""sgst"":99.07,""igst"":0.0,""tax_rate"":0.18}",2026-08-01T18:51:00+00:00
INV-000551,ORD-000551,1499.50,"{""base_amount"":1270.76,""cgst"":114.37,""sgst"":114.37,""igst"":0.0,""tax_rate"":0.18}",2026-08-08T21:08:00+00:00
INV-000552,ORD-000552,7500.00,"{""base_amount"":6355.93,""cgst"":572.03,""sgst"":572.04,""igst"":0.0,""tax_rate"":0.18}",2026-08-15T00:25:00+00:00
INV-000553,ORD-000553,2999.00,"{""base_amount"":2541.53,""cgst"":228.74,""sgst"":228.73,""igst"":0.0,""tax_rate"":0.18}",2026-08-22T03:42:00+00:00
INV-000554,ORD-000554,2999.00,"{""base_amount"":2541.53,""cgst"":228.74,""sgst"":228.73,""igst"":0.0,""tax_rate"":0.18}",2026-08-04T06:59:00+00:00
INV-000555,ORD-000555,799.00,"{""base_amount"":677.12,""cgst"":60.94,""sgst"":60.94,""igst"":0.0,""tax_rate"":0.18}",2026-08-11T09:16:00+00:00
INV-000556,ORD-000556,1499.50,"{""base_amount"":1270.76,""cgst"":114.37,""sgst"":114.37,""igst"":0.0,""tax_rate"":0.18}",2026-08-18T12:33:00+00:00
INV-000557,ORD-000557,299.00,"{""base_amount"":253.39,""cgst"":22.8,""sgst"":22.81,""igst"":0.0,""tax_rate"":0.18}",2026-08-25T15:50:00+00:00
INV-000558,ORD-000558,2999.00,"{""base_amount"":2541.53,""cgst"":228.74,""sgst"":228.73,""igst"":0.0,""tax_rate"":0.18}",2026-08-07T18:07:00+00:00
INV-000559,ORD-000559,299.00,"{""base_amount"":253.39,""cgst"":22.8,""sgst"":22.81,""igst"":0.0,""tax_rate"":0.18}",2026-08-14T21:24:00+00:00
INV-000560,ORD-000560,3499.00,"{""base_amount"":2965.25,""cgst"":266.88,""sgst"":266.87,""igst"":0.0,""tax_rate"":0.18}",2026-08-21T00:41:00+00:00
INV-000561,ORD-000561,2499.00,"{""base_amount"":2117.8,""cgst"":190.6,""sgst"":190.6,""igst"":0.0,""tax_rate"":0.18}",2026-08-03T03:58:00+00:00
INV-000562,ORD-000562,25000.00,"{""base_amount"":21186.44,""cgst"":1906.78,""sgst"":1906.78,""igst"":0.0,""tax_rate"":0.18}",2026-08-10T06:15:00+00:00
INV-000563,ORD-000563,1499.50,"{""base_amount"":1270.76,""cgst"":114.37,""sgst"":114.37,""igst"":0.0,""tax_rate"":0.18}",2026-08-17T09:32:00+00:00
INV-000564,ORD-000564,49999.00,"{""base_amount"":42372.03,""cgst"":3813.49,""sgst"":3813.48,""igst"":0.0,""tax_rate"":0.18}",2026-08-24T12:49:00+00:00
INV-000565,ORD-000565,4999.00,"{""base_amount"":4236.44,""cgst"":381.28,""sgst"":381.28,""igst"":0.0,""tax_rate"":0.18}",2026-08-06T15:06:00+00:00
INV-000566,ORD-000566,4999.00,"{""base_amount"":4236.44,""cgst"":381.28,""sgst"":381.28,""igst"":0.0,""tax_rate"":0.18}",2026-08-13T18:23:00+00:00
INV-000567,ORD-000567,1299.00,"{""base_amount"":1100.85,""cgst"":99.08,""sgst"":99.07,""igst"":0.0,""tax_rate"":0.18}",2026-08-20T21:40:00+00:00
INV-000568,ORD-000568,999.00,"{""base_amount"":846.61,""cgst"":76.19,""sgst"":76.2,""igst"":0.0,""tax_rate"":0.18}",2026-08-02T00:57:00+00:00
INV-000569,ORD-000569,25000.00,"{""base_amount"":21186.44,""cgst"":1906.78,""sgst"":1906.78,""igst"":0.0,""tax_rate"":0.18}",2026-08-09T03:14:00+00:00
INV-000570,ORD-000570,25000.00,"{""base_amount"":21186.44,""cgst"":1906.78,""sgst"":1906.78,""igst"":0.0,""tax_rate"":0.18}",2026-08-16T06:31:00+00:00
INV-000571,ORD-000571,999.00,"{""base_amount"":846.61,""cgst"":76.19,""sgst"":76.2,""igst"":0.0,""tax_rate"":0.18}",2026-08-23T09:48:00+00:00
INV-000572,ORD-000572,9999.00,"{""base_amount"":8473.73,""cgst"":762.63,""sgst"":762.64,""igst"":0.0,""tax_rate"":0.18}",2026-08-05T12:05:00+00:00
INV-000573,ORD-000573,1499.50,"{""base_amount"":1270.76,""cgst"":114.37,""sgst"":114.37,""igst"":0.0,""tax_rate"":0.18}",2026-08-12T15:22:00+00:00
INV-000574,ORD-000574,1999.00,"{""base_amount"":1694.07,""cgst"":152.47,""sgst"":152.46,""igst"":0.0,""tax_rate"":0.18}",2026-08-19T18:39:00+00:00
INV-000575,ORD-000575,25000.00,"{""base_amount"":21186.44,""cgst"":1906.78,""sgst"":1906.78,""igst"":0.0,""tax_rate"":0.18}",2026-08-01T21:56:00+00:00
INV-000576,ORD-000576,49999.00,"{""base_amount"":42372.03,""cgst"":3813.49,""sgst"":3813.48,""igst"":0.0,""tax_rate"":0.18}",2026-08-08T00:13:00+00:00
INV-000577,ORD-000577,9999.00,"{""base_amount"":8473.73,""cgst"":762.63,""sgst"":762.64,""igst"":0.0,""tax_rate"":0.18}",2026-08-15T03:30:00+00:00
INV-000578,ORD-000578,1999.00,"{""base_amount"":1694.07,""cgst"":152.47,""sgst"":152.46,""igst"":0.0,""tax_rate"":0.18}",2026-08-22T06:47:00+00:00
INV-000579,ORD-000579,499.00,"{""base_amount"":422.88,""cgst"":38.06,""sgst"":38.06,""igst"":0.0,""tax_rate"":0.18}",2026-08-04T09:04:00+00:00
INV-000580,ORD-000580,49999.00,"{""base_amount"":42372.03,""cgst"":3813.49,""sgst"":3813.48,""igst"":0.0,""tax_rate"":0.18}",2026-08-11T12:21:00+00:00
INV-000581,ORD-000581,299.00,"{""base_amount"":253.39,""cgst"":22.8,""sgst"":22.81,""igst"":0.0,""tax_rate"":0.18}",2026-08-18T15:38:00+00:00
INV-000582,ORD-000582,1299.00,"{""base_amount"":1100.85,""cgst"":99.08,""sgst"":99.07,""igst"":0.0,""tax_rate"":0.18}",2026-08-25T18:55:00+00:00
INV-000583,ORD-000583,9999.00,"{""base_amount"":8473.73,""cgst"":762.63,""sgst"":762.64,""igst"":0.0,""tax_rate"":0.18}",2026-08-07T21:12:00+00:00
INV-000584,ORD-000584,9999.00,"{""base_amount"":8473.73,""cgst"":762.63,""sgst"":762.64,""igst"":0.0,""tax_rate"":0.18}",2026-08-14T00:29:00+00:00
INV-000585,ORD-000585,1999.00,"{""base_amount"":1694.07,""cgst"":152.47,""sgst"":152.46,""igst"":0.0,""tax_rate"":0.18}",2026-08-21T03:46:00+00:00
INV-000586,ORD-000586,3499.00,"{""base_amount"":2965.25,""cgst"":266.88,""sgst"":266.87,""igst"":0.0,""tax_rate"":0.18}",2026-08-03T06:03:00+00:00
INV-000587,ORD-000587,25000.00,"{""base_amount"":21186.44,""cgst"":1906.78,""sgst"":1906.78,""igst"":0.0,""tax_rate"":0.18}",2026-08-10T09:20:00+00:00
INV-000588,ORD-000588,1299.00,"{""base_amount"":1100.85,""cgst"":99.08,""sgst"":99.07,""igst"":0.0,""tax_rate"":0.18}",2026-08-17T12:37:00+00:00
INV-000589,ORD-000589,7500.00,"{""base_amount"":6355.93,""cgst"":572.03,""sgst"":572.04,""igst"":0.0,""tax_rate"":0.18}",2026-08-24T15:54:00+00:00
INV-000590,ORD-000590,7500.00,"{""base_amount"":6355.93,""cgst"":572.03,""sgst"":572.04,""igst"":0.0,""tax_rate"":0.18}",2026-08-06T18:11:00+00:00
INV-000591,ORD-000591,9999.00,"{""base_amount"":8473.73,""cgst"":762.63,""sgst"":762.64,""igst"":0.0,""tax_rate"":0.18}",2026-08-13T21:28:00+00:00
INV-000592,ORD-000592,499.00,"{""base_amount"":422.88,""cgst"":38.06,""sgst"":38.06,""igst"":0.0,""tax_rate"":0.18}",2026-08-20T00:45:00+00:00
INV-000593,ORD-000593,49999.00,"{""base_amount"":42372.03,""cgst"":3813.49,""sgst"":3813.48,""igst"":0.0,""tax_rate"":0.18}",2026-08-02T03:02:00+00:00
INV-000594,ORD-000594,1299.00,"{""base_amount"":1100.85,""cgst"":99.08,""sgst"":99.07,""igst"":0.0,""tax_rate"":0.18}",2026-08-09T06:19:00+00:00
INV-000595,ORD-000595,1499.50,"{""base_amount"":1270.76,""cgst"":114.37,""sgst"":114.37,""igst"":0.0,""tax_rate"":0.18}",2026-08-16T09:36:00+00:00
INV-000596,ORD-000596,4999.00,"{""base_amount"":4236.44,""cgst"":381.28,""sgst"":381.28,""igst"":0.0,""tax_rate"":0.18}",2026-08-23T12:53:00+00:00
INV-000597,ORD-000597,49999.00,"{""base_amount"":42372.03,""cgst"":3813.49,""sgst"":3813.48,""igst"":0.0,""tax_rate"":0.18}",2026-08-05T15:10:00+00:00
INV-000598,ORD-000598,4999.00,"{""base_amount"":4236.44,""cgst"":381.28,""sgst"":381.28,""igst"":0.0,""tax_rate"":0.18}",2026-08-12T18:27:00+00:00
INV-000599,ORD-000599,3499.00,"{""base_amount"":2965.25,""cgst"":266.88,""sgst"":266.87,""igst"":0.0,""tax_rate"":0.18}",2026-08-19T21:44:00+00:00
INV-000600,ORD-000600,2999.00,"{""base_amount"":2541.53,""cgst"":228.74,""sgst"":228.73,""igst"":0.0,""tax_rate"":0.18}",2026-08-01T00:01:00+00:00
INV-000601,ORD-000601,49999.00,"{""base_amount"":42372.03,""cgst"":3813.49,""sgst"":3813.48,""igst"":0.0,""tax_rate"":0.18}",2026-08-08T03:18:00+00:00
INV-000602,ORD-000602,9999.00,"{""base_amount"":8473.73,""cgst"":762.63,""sgst"":762.64,""igst"":0.0,""tax_rate"":0.18}",2026-08-15T06:35:00+00:00
INV-000603,ORD-000603,499.00,"{""base_amount"":422.88,""cgst"":38.06,""sgst"":38.06,""igst"":0.0,""tax_rate"":0.18}",2026-08-22T09:52:00+00:00
INV-000604,ORD-000604,299.00,"{""base_amount"":253.39,""cgst"":22.8,""sgst"":22.81,""igst"":0.0,""tax_rate"":0.18}",2026-08-04T12:09:00+00:00
INV-000605,ORD-000605,14999.00,"{""base_amount"":12711.02,""cgst"":1143.99,""sgst"":1143.99,""igst"":0.0,""tax_rate"":0.18}",2026-08-11T15:26:00+00:00
INV-000606,ORD-000606,1999.00,"{""base_amount"":1694.07,""cgst"":152.47,""sgst"":152.46,""igst"":0.0,""tax_rate"":0.18}",2026-08-18T18:43:00+00:00
INV-000607,ORD-000607,49999.00,"{""base_amount"":42372.03,""cgst"":3813.49,""sgst"":3813.48,""igst"":0.0,""tax_rate"":0.18}",2026-08-25T22:00:00+00:00
INV-000608,ORD-000608,1999.00,"{""base_amount"":1694.07,""cgst"":152.47,""sgst"":152.46,""igst"":0.0,""tax_rate"":0.18}",2026-08-07T00:17:00+00:00
INV-000609,ORD-000609,9999.00,"{""base_amount"":8473.73,""cgst"":762.63,""sgst"":762.64,""igst"":0.0,""tax_rate"":0.18}",2026-08-14T03:34:00+00:00
INV-000610,ORD-000610,25000.00,"{""base_amount"":21186.44,""cgst"":1906.78,""sgst"":1906.78,""igst"":0.0,""tax_rate"":0.18}",2026-08-21T06:51:00+00:00
INV-000611,ORD-000611,7500.00,"{""base_amount"":6355.93,""cgst"":572.03,""sgst"":572.04,""igst"":0.0,""tax_rate"":0.18}",2026-08-03T09:08:00+00:00
INV-000612,ORD-000612,1999.00,"{""base_amount"":1694.07,""cgst"":152.47,""sgst"":152.46,""igst"":0.0,""tax_rate"":0.18}",2026-08-10T12:25:00+00:00
INV-000613,ORD-000613,3499.00,"{""base_amount"":2965.25,""cgst"":266.88,""sgst"":266.87,""igst"":0.0,""tax_rate"":0.18}",2026-08-17T15:42:00+00:00
INV-000614,ORD-000614,3499.00,"{""base_amount"":2965.25,""cgst"":266.88,""sgst"":266.87,""igst"":0.0,""tax_rate"":0.18}",2026-08-24T18:59:00+00:00
INV-000615,ORD-000615,4999.00,"{""base_amount"":4236.44,""cgst"":381.28,""sgst"":381.28,""igst"":0.0,""tax_rate"":0.18}",2026-08-06T21:16:00+00:00
INV-000616,ORD-000616,2999.00,"{""base_amount"":2541.53,""cgst"":228.74,""sgst"":228.73,""igst"":0.0,""tax_rate"":0.18}",2026-08-13T00:33:00+00:00
INV-000617,ORD-000617,9999.00,"{""base_amount"":8473.73,""cgst"":762.63,""sgst"":762.64,""igst"":0.0,""tax_rate"":0.18}",2026-08-20T03:50:00+00:00
INV-000618,ORD-000618,1299.00,"{""base_amount"":1100.85,""cgst"":99.08,""sgst"":99.07,""igst"":0.0,""tax_rate"":0.18}",2026-08-02T06:07:00+00:00
INV-000619,ORD-000619,3499.00,"{""base_amount"":2965.25,""cgst"":266.88,""sgst"":266.87,""igst"":0.0,""tax_rate"":0.18}",2026-08-09T09:24:00+00:00
INV-000620,ORD-000620,25000.00,"{""base_amount"":21186.44,""cgst"":1906.78,""sgst"":1906.78,""igst"":0.0,""tax_rate"":0.18}",2026-08-16T12:41:00+00:00
INV-000621,ORD-000621,1999.00,"{""base_amount"":1694.07,""cgst"":152.47,""sgst"":152.46,""igst"":0.0,""tax_rate"":0.18}",2026-08-23T15:58:00+00:00
INV-000622,ORD-000622,2999.00,"{""base_amount"":2541.53,""cgst"":228.74,""sgst"":228.73,""igst"":0.0,""tax_rate"":0.18}",2026-08-05T18:15:00+00:00
INV-000623,ORD-000623,999.00,"{""base_amount"":846.61,""cgst"":76.19,""sgst"":76.2,""igst"":0.0,""tax_rate"":0.18}",2026-08-12T21:32:00+00:00
INV-000624,ORD-000624,499.00,"{""base_amount"":422.88,""cgst"":38.06,""sgst"":38.06,""igst"":0.0,""tax_rate"":0.18}",2026-08-19T00:49:00+00:00
INV-000625,ORD-000625,499.00,"{""base_amount"":422.88,""cgst"":38.06,""sgst"":38.06,""igst"":0.0,""tax_rate"":0.18}",2026-08-01T03:06:00+00:00
INV-000626,ORD-000626,4999.00,"{""base_amount"":4236.44,""cgst"":381.28,""sgst"":381.28,""igst"":0.0,""tax_rate"":0.18}",2026-08-08T06:23:00+00:00
INV-000627,ORD-000627,1299.00,"{""base_amount"":1100.85,""cgst"":99.08,""sgst"":99.07,""igst"":0.0,""tax_rate"":0.18}",2026-08-15T09:40:00+00:00
INV-000628,ORD-000628,1499.50,"{""base_amount"":1270.76,""cgst"":114.37,""sgst"":114.37,""igst"":0.0,""tax_rate"":0.18}",2026-08-22T12:57:00+00:00
INV-000629,ORD-000629,49999.00,"{""base_amount"":42372.03,""cgst"":3813.49,""sgst"":3813.48,""igst"":0.0,""tax_rate"":0.18}",2026-08-04T15:14:00+00:00
INV-000630,ORD-000630,4999.00,"{""base_amount"":4236.44,""cgst"":381.28,""sgst"":381.28,""igst"":0.0,""tax_rate"":0.18}",2026-08-11T18:31:00+00:00
INV-000631,ORD-000631,799.00,"{""base_amount"":677.12,""cgst"":60.94,""sgst"":60.94,""igst"":0.0,""tax_rate"":0.18}",2026-08-18T21:48:00+00:00
INV-000632,ORD-000632,499.00,"{""base_amount"":422.88,""cgst"":38.06,""sgst"":38.06,""igst"":0.0,""tax_rate"":0.18}",2026-08-25T00:05:00+00:00
INV-000633,ORD-000633,1499.50,"{""base_amount"":1270.76,""cgst"":114.37,""sgst"":114.37,""igst"":0.0,""tax_rate"":0.18}",2026-08-07T03:22:00+00:00
INV-000634,ORD-000634,49999.00,"{""base_amount"":42372.03,""cgst"":3813.49,""sgst"":3813.48,""igst"":0.0,""tax_rate"":0.18}",2026-08-14T06:39:00+00:00
INV-000635,ORD-000635,499.00,"{""base_amount"":422.88,""cgst"":38.06,""sgst"":38.06,""igst"":0.0,""tax_rate"":0.18}",2026-08-21T09:56:00+00:00
INV-000636,ORD-000636,999.00,"{""base_amount"":846.61,""cgst"":76.19,""sgst"":76.2,""igst"":0.0,""tax_rate"":0.18}",2026-08-03T12:13:00+00:00
INV-000637,ORD-000637,25000.00,"{""base_amount"":21186.44,""cgst"":1906.78,""sgst"":1906.78,""igst"":0.0,""tax_rate"":0.18}",2026-08-10T15:30:00+00:00
INV-000638,ORD-000638,25000.00,"{""base_amount"":21186.44,""cgst"":1906.78,""sgst"":1906.78,""igst"":0.0,""tax_rate"":0.18}",2026-08-17T18:47:00+00:00
INV-000639,ORD-000639,999.00,"{""base_amount"":846.61,""cgst"":76.19,""sgst"":76.2,""igst"":0.0,""tax_rate"":0.18}",2026-08-24T21:04:00+00:00
INV-000640,ORD-000640,25000.00,"{""base_amount"":21186.44,""cgst"":1906.78,""sgst"":1906.78,""igst"":0.0,""tax_rate"":0.18}",2026-08-06T00:21:00+00:00
INV-000641,ORD-000641,299.00,"{""base_amount"":253.39,""cgst"":22.8,""sgst"":22.81,""igst"":0.0,""tax_rate"":0.18}",2026-08-13T03:38:00+00:00
INV-000642,ORD-000642,1999.00,"{""base_amount"":1694.07,""cgst"":152.47,""sgst"":152.46,""igst"":0.0,""tax_rate"":0.18}",2026-08-20T06:55:00+00:00
INV-000643,ORD-000643,14999.00,"{""base_amount"":12711.02,""cgst"":1143.99,""sgst"":1143.99,""igst"":0.0,""tax_rate"":0.18}",2026-08-02T09:12:00+00:00
INV-000644,ORD-000644,9999.00,"{""base_amount"":8473.73,""cgst"":762.63,""sgst"":762.64,""igst"":0.0,""tax_rate"":0.18}",2026-08-09T12:29:00+00:00
INV-000645,ORD-000645,1299.00,"{""base_amount"":1100.85,""cgst"":99.08,""sgst"":99.07,""igst"":0.0,""tax_rate"":0.18}",2026-08-16T15:46:00+00:00
INV-000646,ORD-000646,2499.00,"{""base_amount"":2117.8,""cgst"":190.6,""sgst"":190.6,""igst"":0.0,""tax_rate"":0.18}",2026-08-23T18:03:00+00:00
INV-000647,ORD-000647,9999.00,"{""base_amount"":8473.73,""cgst"":762.63,""sgst"":762.64,""igst"":0.0,""tax_rate"":0.18}",2026-08-05T21:20:00+00:00
INV-000648,ORD-000648,2999.00,"{""base_amount"":2541.53,""cgst"":228.74,""sgst"":228.73,""igst"":0.0,""tax_rate"":0.18}",2026-08-12T00:37:00+00:00
INV-000649,ORD-000649,299.00,"{""base_amount"":253.39,""cgst"":22.8,""sgst"":22.81,""igst"":0.0,""tax_rate"":0.18}",2026-08-19T03:54:00+00:00
INV-000650,ORD-000650,2499.00,"{""base_amount"":2117.8,""cgst"":190.6,""sgst"":190.6,""igst"":0.0,""tax_rate"":0.18}",2026-08-01T06:11:00+00:00
INV-000651,ORD-000651,25000.00,"{""base_amount"":21186.44,""cgst"":1906.78,""sgst"":1906.78,""igst"":0.0,""tax_rate"":0.18}",2026-08-08T09:28:00+00:00
INV-000652,ORD-000652,9999.00,"{""base_amount"":8473.73,""cgst"":762.63,""sgst"":762.64,""igst"":0.0,""tax_rate"":0.18}",2026-08-15T12:45:00+00:00
INV-000653,ORD-000653,3499.00,"{""base_amount"":2965.25,""cgst"":266.88,""sgst"":266.87,""igst"":0.0,""tax_rate"":0.18}",2026-08-22T15:02:00+00:00
INV-000654,ORD-000654,2499.00,"{""base_amount"":2117.8,""cgst"":190.6,""sgst"":190.6,""igst"":0.0,""tax_rate"":0.18}",2026-08-04T18:19:00+00:00
INV-000655,ORD-000655,1299.00,"{""base_amount"":1100.85,""cgst"":99.08,""sgst"":99.07,""igst"":0.0,""tax_rate"":0.18}",2026-08-11T21:36:00+00:00
INV-000656,ORD-000656,14999.00,"{""base_amount"":12711.02,""cgst"":1143.99,""sgst"":1143.99,""igst"":0.0,""tax_rate"":0.18}",2026-08-18T00:53:00+00:00
INV-000657,ORD-000657,1999.00,"{""base_amount"":1694.07,""cgst"":152.47,""sgst"":152.46,""igst"":0.0,""tax_rate"":0.18}",2026-08-25T03:10:00+00:00
INV-000658,ORD-000658,25000.00,"{""base_amount"":21186.44,""cgst"":1906.78,""sgst"":1906.78,""igst"":0.0,""tax_rate"":0.18}",2026-08-07T06:27:00+00:00
INV-000659,ORD-000659,999.00,"{""base_amount"":846.61,""cgst"":76.19,""sgst"":76.2,""igst"":0.0,""tax_rate"":0.18}",2026-08-14T09:44:00+00:00
INV-000660,ORD-000660,1999.00,"{""base_amount"":1694.07,""cgst"":152.47,""sgst"":152.46,""igst"":0.0,""tax_rate"":0.18}",2026-08-21T12:01:00+00:00
INV-000661,ORD-000661,4999.00,"{""base_amount"":4236.44,""cgst"":381.28,""sgst"":381.28,""igst"":0.0,""tax_rate"":0.18}",2026-08-03T15:18:00+00:00
INV-000662,ORD-000662,1999.00,"{""base_amount"":1694.07,""cgst"":152.47,""sgst"":152.46,""igst"":0.0,""tax_rate"":0.18}",2026-08-10T18:35:00+00:00
INV-000663,ORD-000663,25000.00,"{""base_amount"":21186.44,""cgst"":1906.78,""sgst"":1906.78,""igst"":0.0,""tax_rate"":0.18}",2026-08-17T21:52:00+00:00
INV-000664,ORD-000664,1299.00,"{""base_amount"":1100.85,""cgst"":99.08,""sgst"":99.07,""igst"":0.0,""tax_rate"":0.18}",2026-08-24T00:09:00+00:00
INV-000665,ORD-000665,499.00,"{""base_amount"":422.88,""cgst"":38.06,""sgst"":38.06,""igst"":0.0,""tax_rate"":0.18}",2026-08-06T03:26:00+00:00
INV-000666,ORD-000666,299.00,"{""base_amount"":253.39,""cgst"":22.8,""sgst"":22.81,""igst"":0.0,""tax_rate"":0.18}",2026-08-13T06:43:00+00:00
INV-000667,ORD-000667,299.00,"{""base_amount"":253.39,""cgst"":22.8,""sgst"":22.81,""igst"":0.0,""tax_rate"":0.18}",2026-08-20T10:00:00+00:00
INV-000668,ORD-000668,499.00,"{""base_amount"":422.88,""cgst"":38.06,""sgst"":38.06,""igst"":0.0,""tax_rate"":0.18}",2026-08-02T12:17:00+00:00
INV-000669,ORD-000669,799.00,"{""base_amount"":677.12,""cgst"":60.94,""sgst"":60.94,""igst"":0.0,""tax_rate"":0.18}",2026-08-09T15:34:00+00:00
INV-000670,ORD-000670,49999.00,"{""base_amount"":42372.03,""cgst"":3813.49,""sgst"":3813.48,""igst"":0.0,""tax_rate"":0.18}",2026-08-16T18:51:00+00:00
INV-000671,ORD-000671,14999.00,"{""base_amount"":12711.02,""cgst"":1143.99,""sgst"":1143.99,""igst"":0.0,""tax_rate"":0.18}",2026-08-23T21:08:00+00:00
INV-000672,ORD-000672,14999.00,"{""base_amount"":12711.02,""cgst"":1143.99,""sgst"":1143.99,""igst"":0.0,""tax_rate"":0.18}",2026-08-05T00:25:00+00:00
INV-000673,ORD-000673,25000.00,"{""base_amount"":21186.44,""cgst"":1906.78,""sgst"":1906.78,""igst"":0.0,""tax_rate"":0.18}",2026-08-12T03:42:00+00:00
INV-000674,ORD-000674,799.00,"{""base_amount"":677.12,""cgst"":60.94,""sgst"":60.94,""igst"":0.0,""tax_rate"":0.18}",2026-08-19T06:59:00+00:00
INV-000675,ORD-000675,999.00,"{""base_amount"":846.61,""cgst"":76.19,""sgst"":76.2,""igst"":0.0,""tax_rate"":0.18}",2026-08-01T09:16:00+00:00
INV-000676,ORD-000676,9999.00,"{""base_amount"":8473.73,""cgst"":762.63,""sgst"":762.64,""igst"":0.0,""tax_rate"":0.18}",2026-08-08T12:33:00+00:00
INV-000677,ORD-000677,299.00,"{""base_amount"":253.39,""cgst"":22.8,""sgst"":22.81,""igst"":0.0,""tax_rate"":0.18}",2026-08-15T15:50:00+00:00
INV-000678,ORD-000678,25000.00,"{""base_amount"":21186.44,""cgst"":1906.78,""sgst"":1906.78,""igst"":0.0,""tax_rate"":0.18}",2026-08-22T18:07:00+00:00
INV-000679,ORD-000679,9999.00,"{""base_amount"":8473.73,""cgst"":762.63,""sgst"":762.64,""igst"":0.0,""tax_rate"":0.18}",2026-08-04T21:24:00+00:00
INV-000680,ORD-000680,25000.00,"{""base_amount"":21186.44,""cgst"":1906.78,""sgst"":1906.78,""igst"":0.0,""tax_rate"":0.18}",2026-08-11T00:41:00+00:00
INV-000681,ORD-000681,2999.00,"{""base_amount"":2541.53,""cgst"":228.74,""sgst"":228.73,""igst"":0.0,""tax_rate"":0.18}",2026-08-18T03:58:00+00:00
INV-000682,ORD-000682,499.00,"{""base_amount"":422.88,""cgst"":38.06,""sgst"":38.06,""igst"":0.0,""tax_rate"":0.18}",2026-08-25T06:15:00+00:00
INV-000683,ORD-000683,2499.00,"{""base_amount"":2117.8,""cgst"":190.6,""sgst"":190.6,""igst"":0.0,""tax_rate"":0.18}",2026-08-07T09:32:00+00:00
INV-000684,ORD-000684,999.00,"{""base_amount"":846.61,""cgst"":76.19,""sgst"":76.2,""igst"":0.0,""tax_rate"":0.18}",2026-08-14T12:49:00+00:00
INV-000685,ORD-000685,499.00,"{""base_amount"":422.88,""cgst"":38.06,""sgst"":38.06,""igst"":0.0,""tax_rate"":0.18}",2026-08-21T15:06:00+00:00
INV-000686,ORD-000686,9999.00,"{""base_amount"":8473.73,""cgst"":762.63,""sgst"":762.64,""igst"":0.0,""tax_rate"":0.18}",2026-08-03T18:23:00+00:00
INV-000687,ORD-000687,1999.00,"{""base_amount"":1694.07,""cgst"":152.47,""sgst"":152.46,""igst"":0.0,""tax_rate"":0.18}",2026-08-10T21:40:00+00:00
INV-000688,ORD-000688,3499.00,"{""base_amount"":2965.25,""cgst"":266.88,""sgst"":266.87,""igst"":0.0,""tax_rate"":0.18}",2026-08-17T00:57:00+00:00
INV-000689,ORD-000689,4999.00,"{""base_amount"":4236.44,""cgst"":381.28,""sgst"":381.28,""igst"":0.0,""tax_rate"":0.18}",2026-08-24T03:14:00+00:00
INV-000690,ORD-000690,1299.00,"{""base_amount"":1100.85,""cgst"":99.08,""sgst"":99.07,""igst"":0.0,""tax_rate"":0.18}",2026-08-06T06:31:00+00:00
INV-000691,ORD-000691,3499.00,"{""base_amount"":2965.25,""cgst"":266.88,""sgst"":266.87,""igst"":0.0,""tax_rate"":0.18}",2026-08-13T09:48:00+00:00
INV-000692,ORD-000692,1499.50,"{""base_amount"":1270.76,""cgst"":114.37,""sgst"":114.37,""igst"":0.0,""tax_rate"":0.18}",2026-08-20T12:05:00+00:00
INV-000693,ORD-000693,49999.00,"{""base_amount"":42372.03,""cgst"":3813.49,""sgst"":3813.48,""igst"":0.0,""tax_rate"":0.18}",2026-08-02T15:22:00+00:00
INV-000694,ORD-000694,9999.00,"{""base_amount"":8473.73,""cgst"":762.63,""sgst"":762.64,""igst"":0.0,""tax_rate"":0.18}",2026-08-09T18:39:00+00:00
INV-000695,ORD-000695,14999.00,"{""base_amount"":12711.02,""cgst"":1143.99,""sgst"":1143.99,""igst"":0.0,""tax_rate"":0.18}",2026-08-16T21:56:00+00:00
INV-000696,ORD-000696,9999.00,"{""base_amount"":8473.73,""cgst"":762.63,""sgst"":762.64,""igst"":0.0,""tax_rate"":0.18}",2026-08-23T00:13:00+00:00
INV-000697,ORD-000697,49999.00,"{""base_amount"":42372.03,""cgst"":3813.49,""sgst"":3813.48,""igst"":0.0,""tax_rate"":0.18}",2026-08-05T03:30:00+00:00
INV-000698,ORD-000698,3499.00,"{""base_amount"":2965.25,""cgst"":266.88,""sgst"":266.87,""igst"":0.0,""tax_rate"":0.18}",2026-08-12T06:47:00+00:00
INV-000699,ORD-000699,499.00,"{""base_amount"":422.88,""cgst"":38.06,""sgst"":38.06,""igst"":0.0,""tax_rate"":0.18}",2026-08-19T09:04:00+00:00
INV-000700,ORD-000700,1299.00,"{""base_amount"":1100.85,""cgst"":99.08,""sgst"":99.07,""igst"":0.0,""tax_rate"":0.18}",2026-08-01T12:21:00+00:00
INV-000701,ORD-000701,2999.00,"{""base_amount"":2541.53,""cgst"":228.74,""sgst"":228.73,""igst"":0.0,""tax_rate"":0.18}",2026-08-08T15:38:00+00:00
INV-000702,ORD-000702,799.00,"{""base_amount"":677.12,""cgst"":60.94,""sgst"":60.94,""igst"":0.0,""tax_rate"":0.18}",2026-08-15T18:55:00+00:00
INV-000703,ORD-000703,799.00,"{""base_amount"":677.12,""cgst"":60.94,""sgst"":60.94,""igst"":0.0,""tax_rate"":0.18}",2026-08-22T21:12:00+00:00
INV-000704,ORD-000704,2999.00,"{""base_amount"":2541.53,""cgst"":228.74,""sgst"":228.73,""igst"":0.0,""tax_rate"":0.18}",2026-08-04T00:29:00+00:00
INV-000705,ORD-000705,799.00,"{""base_amount"":677.12,""cgst"":60.94,""sgst"":60.94,""igst"":0.0,""tax_rate"":0.18}",2026-08-11T03:46:00+00:00
INV-000706,ORD-000706,1999.00,"{""base_amount"":1694.07,""cgst"":152.47,""sgst"":152.46,""igst"":0.0,""tax_rate"":0.18}",2026-08-18T06:03:00+00:00
INV-000707,ORD-000707,4999.00,"{""base_amount"":4236.44,""cgst"":381.28,""sgst"":381.28,""igst"":0.0,""tax_rate"":0.18}",2026-08-25T09:20:00+00:00
INV-000708,ORD-000708,1999.00,"{""base_amount"":1694.07,""cgst"":152.47,""sgst"":152.46,""igst"":0.0,""tax_rate"":0.18}",2026-08-07T12:37:00+00:00
INV-000709,ORD-000709,49999.00,"{""base_amount"":42372.03,""cgst"":3813.49,""sgst"":3813.48,""igst"":0.0,""tax_rate"":0.18}",2026-08-14T15:54:00+00:00
INV-000710,ORD-000710,9999.00,"{""base_amount"":8473.73,""cgst"":762.63,""sgst"":762.64,""igst"":0.0,""tax_rate"":0.18}",2026-08-21T18:11:00+00:00
INV-000711,ORD-000711,4999.00,"{""base_amount"":4236.44,""cgst"":381.28,""sgst"":381.28,""igst"":0.0,""tax_rate"":0.18}",2026-08-03T21:28:00+00:00
INV-000712,ORD-000712,25000.00,"{""base_amount"":21186.44,""cgst"":1906.78,""sgst"":1906.78,""igst"":0.0,""tax_rate"":0.18}",2026-08-10T00:45:00+00:00
INV-000713,ORD-000713,2999.00,"{""base_amount"":2541.53,""cgst"":228.74,""sgst"":228.73,""igst"":0.0,""tax_rate"":0.18}",2026-08-17T03:02:00+00:00
INV-000714,ORD-000714,49999.00,"{""base_amount"":42372.03,""cgst"":3813.49,""sgst"":3813.48,""igst"":0.0,""tax_rate"":0.18}",2026-08-24T06:19:00+00:00
INV-000715,ORD-000715,49999.00,"{""base_amount"":42372.03,""cgst"":3813.49,""sgst"":3813.48,""igst"":0.0,""tax_rate"":0.18}",2026-08-06T09:36:00+00:00
INV-000716,ORD-000716,7500.00,"{""base_amount"":6355.93,""cgst"":572.03,""sgst"":572.04,""igst"":0.0,""tax_rate"":0.18}",2026-08-13T12:53:00+00:00
INV-000717,ORD-000717,499.00,"{""base_amount"":422.88,""cgst"":38.06,""sgst"":38.06,""igst"":0.0,""tax_rate"":0.18}",2026-08-20T15:10:00+00:00
INV-000718,ORD-000718,299.00,"{""base_amount"":253.39,""cgst"":22.8,""sgst"":22.81,""igst"":0.0,""tax_rate"":0.18}",2026-08-02T18:27:00+00:00
INV-000719,ORD-000719,14999.00,"{""base_amount"":12711.02,""cgst"":1143.99,""sgst"":1143.99,""igst"":0.0,""tax_rate"":0.18}",2026-08-09T21:44:00+00:00
INV-000720,ORD-000720,1999.00,"{""base_amount"":1694.07,""cgst"":152.47,""sgst"":152.46,""igst"":0.0,""tax_rate"":0.18}",2026-08-16T00:01:00+00:00
INV-000721,ORD-000721,9999.00,"{""base_amount"":8473.73,""cgst"":762.63,""sgst"":762.64,""igst"":0.0,""tax_rate"":0.18}",2026-08-06T10:16:00+00:00
INV-000722,ORD-000722,49999.00,"{""base_amount"":42372.03,""cgst"":3813.49,""sgst"":3813.48,""igst"":0.0,""tax_rate"":0.18}",2026-08-11T10:16:00+00:00
INV-000723,ORD-000723,2999.00,"{""base_amount"":2541.53,""cgst"":228.74,""sgst"":228.73,""igst"":0.0,""tax_rate"":0.18}",2026-08-16T10:16:00+00:00
INV-000724,ORD-000724,49999.00,"{""base_amount"":42372.03,""cgst"":3813.49,""sgst"":3813.48,""igst"":0.0,""tax_rate"":0.18}",2026-08-21T10:16:00+00:00
INV-000725,ORD-000725,1499.50,"{""base_amount"":1270.76,""cgst"":114.37,""sgst"":114.37,""igst"":0.0,""tax_rate"":0.18}",2026-08-01T10:16:00+00:00
INV-000726,ORD-000726,1499.50,"{""base_amount"":1270.76,""cgst"":114.37,""sgst"":114.37,""igst"":0.0,""tax_rate"":0.18}",2026-08-06T10:16:00+00:00
INV-000727,ORD-000727,49999.00,"{""base_amount"":42372.03,""cgst"":3813.49,""sgst"":3813.48,""igst"":0.0,""tax_rate"":0.18}",2026-08-11T10:16:00+00:00
INV-000728,ORD-000728,499.00,"{""base_amount"":422.88,""cgst"":38.06,""sgst"":38.06,""igst"":0.0,""tax_rate"":0.18}",2026-08-16T10:16:00+00:00
INV-000729,ORD-000729,799.00,"{""base_amount"":677.12,""cgst"":60.94,""sgst"":60.94,""igst"":0.0,""tax_rate"":0.18}",2026-08-21T10:16:00+00:00
INV-000730,ORD-000730,299.00,"{""base_amount"":253.39,""cgst"":22.8,""sgst"":22.81,""igst"":0.0,""tax_rate"":0.18}",2026-08-01T10:16:00+00:00
INV-000731,ORD-000731,1299.00,"{""base_amount"":1100.85,""cgst"":99.08,""sgst"":99.07,""igst"":0.0,""tax_rate"":0.18}",2026-08-06T10:16:00+00:00
INV-000732,ORD-000732,799.00,"{""base_amount"":677.12,""cgst"":60.94,""sgst"":60.94,""igst"":0.0,""tax_rate"":0.18}",2026-08-11T10:16:00+00:00
INV-000733,ORD-000733,299.00,"{""base_amount"":253.39,""cgst"":22.8,""sgst"":22.81,""igst"":0.0,""tax_rate"":0.18}",2026-08-16T10:16:00+00:00
INV-000734,ORD-000734,25000.00,"{""base_amount"":21186.44,""cgst"":1906.78,""sgst"":1906.78,""igst"":0.0,""tax_rate"":0.18}",2026-08-21T10:16:00+00:00
INV-000735,ORD-000735,499.00,"{""base_amount"":422.88,""cgst"":38.06,""sgst"":38.06,""igst"":0.0,""tax_rate"":0.18}",2026-08-01T10:16:00+00:00
INV-000736,ORD-000736,49999.00,"{""base_amount"":42372.03,""cgst"":3813.49,""sgst"":3813.48,""igst"":0.0,""tax_rate"":0.18}",2026-08-06T10:16:00+00:00
INV-000737,ORD-000737,299.00,"{""base_amount"":253.39,""cgst"":22.8,""sgst"":22.81,""igst"":0.0,""tax_rate"":0.18}",2026-08-11T10:16:00+00:00
INV-000738,ORD-000738,299.00,"{""base_amount"":253.39,""cgst"":22.8,""sgst"":22.81,""igst"":0.0,""tax_rate"":0.18}",2026-08-16T10:16:00+00:00
INV-000739,ORD-000739,2999.00,"{""base_amount"":2541.53,""cgst"":228.74,""sgst"":228.73,""igst"":0.0,""tax_rate"":0.18}",2026-08-21T10:16:00+00:00
INV-000740,ORD-000740,299.00,"{""base_amount"":253.39,""cgst"":22.8,""sgst"":22.81,""igst"":0.0,""tax_rate"":0.18}",2026-08-01T10:16:00+00:00
INV-000741,ORD-000741,1499.50,"{""base_amount"":1270.76,""cgst"":114.37,""sgst"":114.37,""igst"":0.0,""tax_rate"":0.18}",2026-08-06T10:16:00+00:00
INV-000742,ORD-000742,999.00,"{""base_amount"":846.61,""cgst"":76.19,""sgst"":76.2,""igst"":0.0,""tax_rate"":0.18}",2026-08-11T10:16:00+00:00
INV-000743,ORD-000743,2499.00,"{""base_amount"":2117.8,""cgst"":190.6,""sgst"":190.6,""igst"":0.0,""tax_rate"":0.18}",2026-08-16T10:16:00+00:00
INV-000744,ORD-000744,2999.00,"{""base_amount"":2541.53,""cgst"":228.74,""sgst"":228.73,""igst"":0.0,""tax_rate"":0.18}",2026-08-21T10:16:00+00:00
INV-000745,ORD-000745,2999.00,"{""base_amount"":2541.53,""cgst"":228.74,""sgst"":228.73,""igst"":0.0,""tax_rate"":0.18}",2026-08-01T10:16:00+00:00
INV-000746,ORD-000746,799.00,"{""base_amount"":677.12,""cgst"":60.94,""sgst"":60.94,""igst"":0.0,""tax_rate"":0.18}",2026-08-06T10:16:00+00:00
INV-000747,ORD-000747,9999.00,"{""base_amount"":8473.73,""cgst"":762.63,""sgst"":762.64,""igst"":0.0,""tax_rate"":0.18}",2026-08-11T10:16:00+00:00
INV-000748,ORD-000748,2499.00,"{""base_amount"":2117.8,""cgst"":190.6,""sgst"":190.6,""igst"":0.0,""tax_rate"":0.18}",2026-08-16T10:16:00+00:00
INV-000749,ORD-000749,3499.00,"{""base_amount"":2965.25,""cgst"":266.88,""sgst"":266.87,""igst"":0.0,""tax_rate"":0.18}",2026-08-21T10:16:00+00:00
INV-000750,ORD-000750,499.00,"{""base_amount"":422.88,""cgst"":38.06,""sgst"":38.06,""igst"":0.0,""tax_rate"":0.18}",2026-08-01T10:16:00+00:00
INV-000751,ORD-000751,9999.00,"{""base_amount"":8473.73,""cgst"":762.63,""sgst"":762.64,""igst"":0.0,""tax_rate"":0.18}",2026-08-06T10:16:00+00:00
INV-000752,ORD-000752,9999.00,"{""base_amount"":8473.73,""cgst"":762.63,""sgst"":762.64,""igst"":0.0,""tax_rate"":0.18}",2026-08-11T10:16:00+00:00
INV-000753,ORD-000753,499.00,"{""base_amount"":422.88,""cgst"":38.06,""sgst"":38.06,""igst"":0.0,""tax_rate"":0.18}",2026-08-16T10:16:00+00:00
INV-000754,ORD-000754,1499.50,"{""base_amount"":1270.76,""cgst"":114.37,""sgst"":114.37,""igst"":0.0,""tax_rate"":0.18}",2026-08-21T10:16:00+00:00
INV-000755,ORD-000755,49999.00,"{""base_amount"":42372.03,""cgst"":3813.49,""sgst"":3813.48,""igst"":0.0,""tax_rate"":0.18}",2026-08-01T10:16:00+00:00
INV-000756,ORD-000756,4999.00,"{""base_amount"":4236.44,""cgst"":381.28,""sgst"":381.28,""igst"":0.0,""tax_rate"":0.18}",2026-08-06T10:16:00+00:00
INV-000757,ORD-000757,499.00,"{""base_amount"":422.88,""cgst"":38.06,""sgst"":38.06,""igst"":0.0,""tax_rate"":0.18}",2026-08-11T10:16:00+00:00
INV-000758,ORD-000758,1999.00,"{""base_amount"":1694.07,""cgst"":152.47,""sgst"":152.46,""igst"":0.0,""tax_rate"":0.18}",2026-08-16T10:16:00+00:00
INV-000759,ORD-000759,2999.00,"{""base_amount"":2541.53,""cgst"":228.74,""sgst"":228.73,""igst"":0.0,""tax_rate"":0.18}",2026-08-21T10:16:00+00:00
INV-000760,ORD-000760,799.00,"{""base_amount"":677.12,""cgst"":60.94,""sgst"":60.94,""igst"":0.0,""tax_rate"":0.18}",2026-08-01T10:16:00+00:00
INV-000761,ORD-000761,499.00,"{""base_amount"":422.88,""cgst"":38.06,""sgst"":38.06,""igst"":0.0,""tax_rate"":0.18}",2026-08-06T10:16:00+00:00
INV-000762,ORD-000762,4999.00,"{""base_amount"":4236.44,""cgst"":381.28,""sgst"":381.28,""igst"":0.0,""tax_rate"":0.18}",2026-08-11T10:16:00+00:00
INV-000763,ORD-000763,1999.00,"{""base_amount"":1694.07,""cgst"":152.47,""sgst"":152.46,""igst"":0.0,""tax_rate"":0.18}",2026-08-16T10:16:00+00:00
INV-000764,ORD-000764,9999.00,"{""base_amount"":8473.73,""cgst"":762.63,""sgst"":762.64,""igst"":0.0,""tax_rate"":0.18}",2026-08-21T10:16:00+00:00
INV-000765,ORD-000765,3499.00,"{""base_amount"":2965.25,""cgst"":266.88,""sgst"":266.87,""igst"":0.0,""tax_rate"":0.18}",2026-08-01T10:16:00+00:00
INV-000766,ORD-000766,2499.00,"{""base_amount"":2117.8,""cgst"":190.6,""sgst"":190.6,""igst"":0.0,""tax_rate"":0.18}",2026-08-06T10:16:00+00:00
INV-000767,ORD-000767,4999.00,"{""base_amount"":4236.44,""cgst"":381.28,""sgst"":381.28,""igst"":0.0,""tax_rate"":0.18}",2026-08-11T10:16:00+00:00
INV-000768,ORD-000768,1299.00,"{""base_amount"":1100.85,""cgst"":99.08,""sgst"":99.07,""igst"":0.0,""tax_rate"":0.18}",2026-08-16T10:16:00+00:00
INV-000769,ORD-000769,7500.00,"{""base_amount"":6355.93,""cgst"":572.03,""sgst"":572.04,""igst"":0.0,""tax_rate"":0.18}",2026-08-21T10:16:00+00:00
INV-000770,ORD-000770,999.00,"{""base_amount"":846.61,""cgst"":76.19,""sgst"":76.2,""igst"":0.0,""tax_rate"":0.18}",2026-08-01T10:16:00+00:00
INV-000771,ORD-000771,2499.00,"{""base_amount"":2117.8,""cgst"":190.6,""sgst"":190.6,""igst"":0.0,""tax_rate"":0.18}",2026-08-06T10:16:00+00:00
INV-000772,ORD-000772,4999.00,"{""base_amount"":4236.44,""cgst"":381.28,""sgst"":381.28,""igst"":0.0,""tax_rate"":0.18}",2026-08-11T10:16:00+00:00
INV-000773,ORD-000773,4999.00,"{""base_amount"":4236.44,""cgst"":381.28,""sgst"":381.28,""igst"":0.0,""tax_rate"":0.18}",2026-08-16T10:16:00+00:00
INV-000774,ORD-000774,2999.00,"{""base_amount"":2541.53,""cgst"":228.74,""sgst"":228.73,""igst"":0.0,""tax_rate"":0.18}",2026-08-21T10:16:00+00:00
INV-000775,ORD-000775,49999.00,"{""base_amount"":42372.03,""cgst"":3813.49,""sgst"":3813.48,""igst"":0.0,""tax_rate"":0.18}",2026-08-01T10:16:00+00:00
INV-000776,ORD-000776,7500.00,"{""base_amount"":6355.93,""cgst"":572.03,""sgst"":572.04,""igst"":0.0,""tax_rate"":0.18}",2026-08-06T10:16:00+00:00
INV-000777,ORD-000777,14999.00,"{""base_amount"":12711.02,""cgst"":1143.99,""sgst"":1143.99,""igst"":0.0,""tax_rate"":0.18}",2026-08-11T10:16:00+00:00
INV-000778,ORD-000778,9999.00,"{""base_amount"":8473.73,""cgst"":762.63,""sgst"":762.64,""igst"":0.0,""tax_rate"":0.18}",2026-08-16T10:16:00+00:00
INV-000779,ORD-000779,3499.00,"{""base_amount"":2965.25,""cgst"":266.88,""sgst"":266.87,""igst"":0.0,""tax_rate"":0.18}",2026-08-21T10:16:00+00:00
INV-000780,ORD-000780,799.00,"{""base_amount"":677.12,""cgst"":60.94,""sgst"":60.94,""igst"":0.0,""tax_rate"":0.18}",2026-08-01T10:16:00+00:00
INV-000781,ORD-000781,4999.00,"{""base_amount"":4236.44,""cgst"":381.28,""sgst"":381.28,""igst"":0.0,""tax_rate"":0.18}",2026-08-13T14:21:00+00:00
INV-000782,ORD-000782,4999.00,"{""base_amount"":4236.44,""cgst"":381.28,""sgst"":381.28,""igst"":0.0,""tax_rate"":0.18}",2026-08-15T14:21:00+00:00
INV-000783,ORD-000783,4999.00,"{""base_amount"":4236.44,""cgst"":381.28,""sgst"":381.28,""igst"":0.0,""tax_rate"":0.18}",2026-08-17T14:21:00+00:00
INV-000784,ORD-000784,4999.00,"{""base_amount"":4236.44,""cgst"":381.28,""sgst"":381.28,""igst"":0.0,""tax_rate"":0.18}",2026-08-19T14:21:00+00:00
INV-000785,ORD-000785,4999.00,"{""base_amount"":4236.44,""cgst"":381.28,""sgst"":381.28,""igst"":0.0,""tax_rate"":0.18}",2026-08-21T14:21:00+00:00
INV-000786,ORD-000786,4999.00,"{""base_amount"":4236.44,""cgst"":381.28,""sgst"":381.28,""igst"":0.0,""tax_rate"":0.18}",2026-08-23T14:21:00+00:00
INV-000787,ORD-000787,4999.00,"{""base_amount"":4236.44,""cgst"":381.28,""sgst"":381.28,""igst"":0.0,""tax_rate"":0.18}",2026-08-25T14:21:00+00:00
INV-000788,ORD-000788,4999.00,"{""base_amount"":4236.44,""cgst"":381.28,""sgst"":381.28,""igst"":0.0,""tax_rate"":0.18}",2026-08-02T14:21:00+00:00
INV-000789,ORD-000789,4999.00,"{""base_amount"":4236.44,""cgst"":381.28,""sgst"":381.28,""igst"":0.0,""tax_rate"":0.18}",2026-08-04T14:21:00+00:00
INV-000790,ORD-000790,4999.00,"{""base_amount"":4236.44,""cgst"":381.28,""sgst"":381.28,""igst"":0.0,""tax_rate"":0.18}",2026-08-06T14:21:00+00:00
INV-000791,ORD-000791,4999.00,"{""base_amount"":4236.44,""cgst"":381.28,""sgst"":381.28,""igst"":0.0,""tax_rate"":0.18}",2026-08-08T14:21:00+00:00
INV-000792,ORD-000792,4999.00,"{""base_amount"":4236.44,""cgst"":381.28,""sgst"":381.28,""igst"":0.0,""tax_rate"":0.18}",2026-08-10T14:21:00+00:00
INV-000793,ORD-000793,4999.00,"{""base_amount"":4236.44,""cgst"":381.28,""sgst"":381.28,""igst"":0.0,""tax_rate"":0.18}",2026-08-12T14:21:00+00:00
INV-000794,ORD-000794,4999.00,"{""base_amount"":4236.44,""cgst"":381.28,""sgst"":381.28,""igst"":0.0,""tax_rate"":0.18}",2026-08-14T14:21:00+00:00
INV-000795,ORD-000795,4999.00,"{""base_amount"":4236.44,""cgst"":381.28,""sgst"":381.28,""igst"":0.0,""tax_rate"":0.18}",2026-08-16T14:21:00+00:00
INV-000796,ORD-000796,4999.00,"{""base_amount"":4236.44,""cgst"":381.28,""sgst"":381.28,""igst"":0.0,""tax_rate"":0.18}",2026-08-18T14:21:00+00:00
INV-000797,ORD-000797,4999.00,"{""base_amount"":4236.44,""cgst"":381.28,""sgst"":381.28,""igst"":0.0,""tax_rate"":0.18}",2026-08-20T14:21:00+00:00
INV-000798,ORD-000798,4999.00,"{""base_amount"":4236.44,""cgst"":381.28,""sgst"":381.28,""igst"":0.0,""tax_rate"":0.18}",2026-08-22T14:21:00+00:00
INV-000799,ORD-000799,4999.00,"{""base_amount"":4236.44,""cgst"":381.28,""sgst"":381.28,""igst"":0.0,""tax_rate"":0.18}",2026-08-24T14:21:00+00:00
INV-000800,ORD-000800,4999.00,"{""base_amount"":4236.44,""cgst"":381.28,""sgst"":381.28,""igst"":0.0,""tax_rate"":0.18}",2026-08-01T14:21:00+00:00
INV-000801,ORD-000801,4999.00,"{""base_amount"":4236.44,""cgst"":381.28,""sgst"":381.28,""igst"":0.0,""tax_rate"":0.18}",2026-08-03T14:21:00+00:00
INV-000802,ORD-000802,4999.00,"{""base_amount"":4236.44,""cgst"":381.28,""sgst"":381.28,""igst"":0.0,""tax_rate"":0.18}",2026-08-05T14:21:00+00:00
INV-000803,ORD-000803,4999.00,"{""base_amount"":4236.44,""cgst"":381.28,""sgst"":381.28,""igst"":0.0,""tax_rate"":0.18}",2026-08-07T14:21:00+00:00
INV-000804,ORD-000804,4999.00,"{""base_amount"":4236.44,""cgst"":381.28,""sgst"":381.28,""igst"":0.0,""tax_rate"":0.18}",2026-08-09T14:21:00+00:00
INV-000805,ORD-000805,4999.00,"{""base_amount"":4236.44,""cgst"":381.28,""sgst"":381.28,""igst"":0.0,""tax_rate"":0.18}",2026-08-11T14:21:00+00:00
INV-000806,ORD-000806,4999.00,"{""base_amount"":4236.44,""cgst"":381.28,""sgst"":381.28,""igst"":0.0,""tax_rate"":0.18}",2026-08-13T14:21:00+00:00
INV-000807,ORD-000807,4999.00,"{""base_amount"":4236.44,""cgst"":381.28,""sgst"":381.28,""igst"":0.0,""tax_rate"":0.18}",2026-08-15T14:21:00+00:00
INV-000808,ORD-000808,4999.00,"{""base_amount"":4236.44,""cgst"":381.28,""sgst"":381.28,""igst"":0.0,""tax_rate"":0.18}",2026-08-17T14:21:00+00:00
INV-000809,ORD-000809,4999.00,"{""base_amount"":4236.44,""cgst"":381.28,""sgst"":381.28,""igst"":0.0,""tax_rate"":0.18}",2026-08-19T14:21:00+00:00
INV-000810,ORD-000810,4999.00,"{""base_amount"":4236.44,""cgst"":381.28,""sgst"":381.28,""igst"":0.0,""tax_rate"":0.18}",2026-08-21T14:21:00+00:00
INV-000811,ORD-000811,2999.00,"{""base_amount"":2541.53,""cgst"":228.74,""sgst"":228.73,""igst"":0.0,""tax_rate"":0.18}",2026-08-02T11:11:00+00:00
INV-000812,ORD-000812,1299.00,"{""base_amount"":1100.85,""cgst"":99.08,""sgst"":99.07,""igst"":0.0,""tax_rate"":0.18}",2026-08-03T11:11:00+00:00
INV-000813,ORD-000813,9999.00,"{""base_amount"":8473.73,""cgst"":762.63,""sgst"":762.64,""igst"":0.0,""tax_rate"":0.18}",2026-08-04T11:11:00+00:00
INV-000814,ORD-000814,1299.00,"{""base_amount"":1100.85,""cgst"":99.08,""sgst"":99.07,""igst"":0.0,""tax_rate"":0.18}",2026-08-05T11:11:00+00:00
INV-000815,ORD-000815,9999.00,"{""base_amount"":8473.73,""cgst"":762.63,""sgst"":762.64,""igst"":0.0,""tax_rate"":0.18}",2026-08-06T11:11:00+00:00
INV-000816,ORD-000816,4999.00,"{""base_amount"":4236.44,""cgst"":381.28,""sgst"":381.28,""igst"":0.0,""tax_rate"":0.18}",2026-08-07T11:11:00+00:00
INV-000817,ORD-000817,7500.00,"{""base_amount"":6355.93,""cgst"":572.03,""sgst"":572.04,""igst"":0.0,""tax_rate"":0.18}",2026-08-08T11:11:00+00:00
INV-000818,ORD-000818,999.00,"{""base_amount"":846.61,""cgst"":76.19,""sgst"":76.2,""igst"":0.0,""tax_rate"":0.18}",2026-08-09T11:11:00+00:00
INV-000819,ORD-000819,799.00,"{""base_amount"":677.12,""cgst"":60.94,""sgst"":60.94,""igst"":0.0,""tax_rate"":0.18}",2026-08-10T11:11:00+00:00
INV-000820,ORD-000820,299.00,"{""base_amount"":253.39,""cgst"":22.8,""sgst"":22.81,""igst"":0.0,""tax_rate"":0.18}",2026-08-01T11:11:00+00:00
INV-000821,ORD-000821,3499.00,"{""base_amount"":2965.25,""cgst"":266.88,""sgst"":266.87,""igst"":0.0,""tax_rate"":0.18}",2026-08-02T11:11:00+00:00
INV-000822,ORD-000822,25000.00,"{""base_amount"":21186.44,""cgst"":1906.78,""sgst"":1906.78,""igst"":0.0,""tax_rate"":0.18}",2026-08-03T11:11:00+00:00
INV-000823,ORD-000823,7500.00,"{""base_amount"":6355.93,""cgst"":572.03,""sgst"":572.04,""igst"":0.0,""tax_rate"":0.18}",2026-08-04T11:11:00+00:00
INV-000824,ORD-000824,2999.00,"{""base_amount"":2541.53,""cgst"":228.74,""sgst"":228.73,""igst"":0.0,""tax_rate"":0.18}",2026-08-05T11:11:00+00:00
INV-000825,ORD-000825,999.00,"{""base_amount"":846.61,""cgst"":76.19,""sgst"":76.2,""igst"":0.0,""tax_rate"":0.18}",2026-08-06T11:11:00+00:00
INV-000826,ORD-000826,1299.00,"{""base_amount"":1100.85,""cgst"":99.08,""sgst"":99.07,""igst"":0.0,""tax_rate"":0.18}",2026-08-07T11:11:00+00:00
INV-000827,ORD-000827,799.00,"{""base_amount"":677.12,""cgst"":60.94,""sgst"":60.94,""igst"":0.0,""tax_rate"":0.18}",2026-08-08T11:11:00+00:00
INV-000828,ORD-000828,1499.50,"{""base_amount"":1270.76,""cgst"":114.37,""sgst"":114.37,""igst"":0.0,""tax_rate"":0.18}",2026-08-09T11:11:00+00:00
INV-000829,ORD-000829,14999.00,"{""base_amount"":12711.02,""cgst"":1143.99,""sgst"":1143.99,""igst"":0.0,""tax_rate"":0.18}",2026-08-10T11:11:00+00:00
INV-000830,ORD-000830,25000.00,"{""base_amount"":21186.44,""cgst"":1906.78,""sgst"":1906.78,""igst"":0.0,""tax_rate"":0.18}",2026-08-01T11:11:00+00:00
INV-000831,ORD-000831,14999.00,"{""base_amount"":12711.02,""cgst"":1143.99,""sgst"":1143.99,""igst"":0.0,""tax_rate"":0.18}",2026-08-02T11:11:00+00:00
INV-000832,ORD-000832,999.00,"{""base_amount"":846.61,""cgst"":76.19,""sgst"":76.2,""igst"":0.0,""tax_rate"":0.18}",2026-08-03T11:11:00+00:00
INV-000833,ORD-000833,299.00,"{""base_amount"":253.39,""cgst"":22.8,""sgst"":22.81,""igst"":0.0,""tax_rate"":0.18}",2026-08-04T11:11:00+00:00
INV-000834,ORD-000834,799.00,"{""base_amount"":677.12,""cgst"":60.94,""sgst"":60.94,""igst"":0.0,""tax_rate"":0.18}",2026-08-05T11:11:00+00:00
INV-000835,ORD-000835,7500.00,"{""base_amount"":6355.93,""cgst"":572.03,""sgst"":572.04,""igst"":0.0,""tax_rate"":0.18}",2026-08-06T11:11:00+00:00
INV-000836,ORD-000836,799.00,"{""base_amount"":677.12,""cgst"":60.94,""sgst"":60.94,""igst"":0.0,""tax_rate"":0.18}",2026-08-07T11:11:00+00:00
INV-000837,ORD-000837,4999.00,"{""base_amount"":4236.44,""cgst"":381.28,""sgst"":381.28,""igst"":0.0,""tax_rate"":0.18}",2026-08-08T11:11:00+00:00
INV-000838,ORD-000838,9999.00,"{""base_amount"":8473.73,""cgst"":762.63,""sgst"":762.64,""igst"":0.0,""tax_rate"":0.18}",2026-08-09T11:11:00+00:00
INV-000839,ORD-000839,299.00,"{""base_amount"":253.39,""cgst"":22.8,""sgst"":22.81,""igst"":0.0,""tax_rate"":0.18}",2026-08-10T11:11:00+00:00
INV-000840,ORD-000840,3499.00,"{""base_amount"":2965.25,""cgst"":266.88,""sgst"":266.87,""igst"":0.0,""tax_rate"":0.18}",2026-08-01T11:11:00+00:00
INV-000841,ORD-000841,14999.00,"{""base_amount"":12711.02,""cgst"":1143.99,""sgst"":1143.99,""igst"":0.0,""tax_rate"":0.18}",2026-08-24T09:46:00+00:00
INV-000842,ORD-000842,9999.00,"{""base_amount"":8473.73,""cgst"":762.63,""sgst"":762.64,""igst"":0.0,""tax_rate"":0.18}",2026-08-02T09:46:00+00:00
INV-000843,ORD-000843,799.00,"{""base_amount"":677.12,""cgst"":60.94,""sgst"":60.94,""igst"":0.0,""tax_rate"":0.18}",2026-08-05T09:46:00+00:00
INV-000844,ORD-000844,2499.00,"{""base_amount"":2117.8,""cgst"":190.6,""sgst"":190.6,""igst"":0.0,""tax_rate"":0.18}",2026-08-08T09:46:00+00:00
INV-000845,ORD-000845,1499.50,"{""base_amount"":1270.76,""cgst"":114.37,""sgst"":114.37,""igst"":0.0,""tax_rate"":0.18}",2026-08-11T09:46:00+00:00
INV-000846,ORD-000846,9999.00,"{""base_amount"":8473.73,""cgst"":762.63,""sgst"":762.64,""igst"":0.0,""tax_rate"":0.18}",2026-08-14T09:46:00+00:00
INV-000847,ORD-000847,1499.50,"{""base_amount"":1270.76,""cgst"":114.37,""sgst"":114.37,""igst"":0.0,""tax_rate"":0.18}",2026-08-17T09:46:00+00:00
INV-000848,ORD-000848,1299.00,"{""base_amount"":1100.85,""cgst"":99.08,""sgst"":99.07,""igst"":0.0,""tax_rate"":0.18}",2026-08-20T09:46:00+00:00
INV-000849,ORD-000849,2999.00,"{""base_amount"":2541.53,""cgst"":228.74,""sgst"":228.73,""igst"":0.0,""tax_rate"":0.18}",2026-08-23T09:46:00+00:00
INV-000850,ORD-000850,3499.00,"{""base_amount"":2965.25,""cgst"":266.88,""sgst"":266.87,""igst"":0.0,""tax_rate"":0.18}",2026-08-01T09:46:00+00:00
INV-000851,ORD-000851,2999.00,"{""base_amount"":2541.53,""cgst"":228.74,""sgst"":228.73,""igst"":0.0,""tax_rate"":0.18}",2026-08-04T09:46:00+00:00
INV-000852,ORD-000852,49999.00,"{""base_amount"":42372.03,""cgst"":3813.49,""sgst"":3813.48,""igst"":0.0,""tax_rate"":0.18}",2026-08-07T09:46:00+00:00
INV-000853,ORD-000853,1299.00,"{""base_amount"":1100.85,""cgst"":99.08,""sgst"":99.07,""igst"":0.0,""tax_rate"":0.18}",2026-08-10T09:46:00+00:00
INV-000854,ORD-000854,799.00,"{""base_amount"":677.12,""cgst"":60.94,""sgst"":60.94,""igst"":0.0,""tax_rate"":0.18}",2026-08-13T09:46:00+00:00
INV-000855,ORD-000855,1499.50,"{""base_amount"":1270.76,""cgst"":114.37,""sgst"":114.37,""igst"":0.0,""tax_rate"":0.18}",2026-08-16T09:46:00+00:00
INV-000856,ORD-000856,14999.00,"{""base_amount"":12711.02,""cgst"":1143.99,""sgst"":1143.99,""igst"":0.0,""tax_rate"":0.18}",2026-08-19T09:46:00+00:00
INV-000857,ORD-000857,2999.00,"{""base_amount"":2541.53,""cgst"":228.74,""sgst"":228.73,""igst"":0.0,""tax_rate"":0.18}",2026-08-22T09:46:00+00:00
INV-000858,ORD-000858,14999.00,"{""base_amount"":12711.02,""cgst"":1143.99,""sgst"":1143.99,""igst"":0.0,""tax_rate"":0.18}",2026-08-25T09:46:00+00:00
INV-000859,ORD-000859,3499.00,"{""base_amount"":2965.25,""cgst"":266.88,""sgst"":266.87,""igst"":0.0,""tax_rate"":0.18}",2026-08-03T09:46:00+00:00
INV-000860,ORD-000860,49999.00,"{""base_amount"":42372.03,""cgst"":3813.49,""sgst"":3813.48,""igst"":0.0,""tax_rate"":0.18}",2026-08-06T09:46:00+00:00
INV-000861,ORD-000861,799.00,"{""base_amount"":677.12,""cgst"":60.94,""sgst"":60.94,""igst"":0.0,""tax_rate"":0.18}",2026-08-09T09:46:00+00:00
INV-000862,ORD-000862,7500.00,"{""base_amount"":6355.93,""cgst"":572.03,""sgst"":572.04,""igst"":0.0,""tax_rate"":0.18}",2026-08-12T09:46:00+00:00
INV-000863,ORD-000863,2999.00,"{""base_amount"":2541.53,""cgst"":228.74,""sgst"":228.73,""igst"":0.0,""tax_rate"":0.18}",2026-08-15T09:46:00+00:00
INV-000864,ORD-000864,2499.00,"{""base_amount"":2117.8,""cgst"":190.6,""sgst"":190.6,""igst"":0.0,""tax_rate"":0.18}",2026-08-18T09:46:00+00:00
INV-000865,ORD-000865,49999.00,"{""base_amount"":42372.03,""cgst"":3813.49,""sgst"":3813.48,""igst"":0.0,""tax_rate"":0.18}",2026-08-21T09:46:00+00:00
INV-000866,ORD-000866,1999.00,"{""base_amount"":1694.07,""cgst"":152.47,""sgst"":152.46,""igst"":0.0,""tax_rate"":0.18}",2026-08-24T09:46:00+00:00
INV-000867,ORD-000867,25000.00,"{""base_amount"":21186.44,""cgst"":1906.78,""sgst"":1906.78,""igst"":0.0,""tax_rate"":0.18}",2026-08-02T09:46:00+00:00
INV-000868,ORD-000868,999.00,"{""base_amount"":846.61,""cgst"":76.19,""sgst"":76.2,""igst"":0.0,""tax_rate"":0.18}",2026-08-05T09:46:00+00:00
INV-000869,ORD-000869,1299.00,"{""base_amount"":1100.85,""cgst"":99.08,""sgst"":99.07,""igst"":0.0,""tax_rate"":0.18}",2026-08-08T09:46:00+00:00
INV-000870,ORD-000870,3499.00,"{""base_amount"":2965.25,""cgst"":266.88,""sgst"":266.87,""igst"":0.0,""tax_rate"":0.18}",2026-08-11T09:46:00+00:00
INV-000871,ORD-000871,299.00,"{""base_amount"":253.39,""cgst"":22.8,""sgst"":22.81,""igst"":0.0,""tax_rate"":0.18}",2026-08-05T16:31:00+00:00
INV-000872,ORD-000872,9999.00,"{""base_amount"":8473.73,""cgst"":762.63,""sgst"":762.64,""igst"":0.0,""tax_rate"":0.18}",2026-08-09T16:31:00+00:00
INV-000873,ORD-000873,4999.00,"{""base_amount"":4236.44,""cgst"":381.28,""sgst"":381.28,""igst"":0.0,""tax_rate"":0.18}",2026-08-13T16:31:00+00:00
INV-000874,ORD-000874,9999.00,"{""base_amount"":8473.73,""cgst"":762.63,""sgst"":762.64,""igst"":0.0,""tax_rate"":0.18}",2026-08-17T16:31:00+00:00
INV-000875,ORD-000875,4999.00,"{""base_amount"":4236.44,""cgst"":381.28,""sgst"":381.28,""igst"":0.0,""tax_rate"":0.18}",2026-08-01T16:31:00+00:00
INV-000876,ORD-000876,25000.00,"{""base_amount"":21186.44,""cgst"":1906.78,""sgst"":1906.78,""igst"":0.0,""tax_rate"":0.18}",2026-08-05T16:31:00+00:00
INV-000877,ORD-000877,4999.00,"{""base_amount"":4236.44,""cgst"":381.28,""sgst"":381.28,""igst"":0.0,""tax_rate"":0.18}",2026-08-09T16:31:00+00:00
INV-000878,ORD-000878,14999.00,"{""base_amount"":12711.02,""cgst"":1143.99,""sgst"":1143.99,""igst"":0.0,""tax_rate"":0.18}",2026-08-13T16:31:00+00:00
INV-000879,ORD-000879,1299.00,"{""base_amount"":1100.85,""cgst"":99.08,""sgst"":99.07,""igst"":0.0,""tax_rate"":0.18}",2026-08-17T16:31:00+00:00
INV-000880,ORD-000880,3499.00,"{""base_amount"":2965.25,""cgst"":266.88,""sgst"":266.87,""igst"":0.0,""tax_rate"":0.18}",2026-08-01T16:31:00+00:00
INV-000881,ORD-000881,4999.00,"{""base_amount"":4236.44,""cgst"":381.28,""sgst"":381.28,""igst"":0.0,""tax_rate"":0.18}",2026-08-05T16:31:00+00:00
INV-000882,ORD-000882,1999.00,"{""base_amount"":1694.07,""cgst"":152.47,""sgst"":152.46,""igst"":0.0,""tax_rate"":0.18}",2026-08-09T16:31:00+00:00
INV-000883,ORD-000883,49999.00,"{""base_amount"":42372.03,""cgst"":3813.49,""sgst"":3813.48,""igst"":0.0,""tax_rate"":0.18}",2026-08-13T16:31:00+00:00
INV-000884,ORD-000884,4999.00,"{""base_amount"":4236.44,""cgst"":381.28,""sgst"":381.28,""igst"":0.0,""tax_rate"":0.18}",2026-08-17T16:31:00+00:00
INV-000885,ORD-000885,1499.50,"{""base_amount"":1270.76,""cgst"":114.37,""sgst"":114.37,""igst"":0.0,""tax_rate"":0.18}",2026-08-01T16:31:00+00:00
INV-000886,ORD-000886,9999.00,"{""base_amount"":8473.73,""cgst"":762.63,""sgst"":762.64,""igst"":0.0,""tax_rate"":0.18}",2026-08-05T16:31:00+00:00
INV-000887,ORD-000887,4999.00,"{""base_amount"":4236.44,""cgst"":381.28,""sgst"":381.28,""igst"":0.0,""tax_rate"":0.18}",2026-08-09T16:31:00+00:00
INV-000888,ORD-000888,3499.00,"{""base_amount"":2965.25,""cgst"":266.88,""sgst"":266.87,""igst"":0.0,""tax_rate"":0.18}",2026-08-13T16:31:00+00:00
INV-000889,ORD-000889,49999.00,"{""base_amount"":42372.03,""cgst"":3813.49,""sgst"":3813.48,""igst"":0.0,""tax_rate"":0.18}",2026-08-17T16:31:00+00:00
INV-000890,ORD-000890,2499.00,"{""base_amount"":2117.8,""cgst"":190.6,""sgst"":190.6,""igst"":0.0,""tax_rate"":0.18}",2026-08-01T16:31:00+00:00
INV-000891,ORD-000891,4999.00,"{""base_amount"":4236.44,""cgst"":381.28,""sgst"":381.28,""igst"":0.0,""tax_rate"":0.18}",2026-08-05T16:31:00+00:00
INV-000892,ORD-000892,9999.00,"{""base_amount"":8473.73,""cgst"":762.63,""sgst"":762.64,""igst"":0.0,""tax_rate"":0.18}",2026-08-09T16:31:00+00:00
INV-000893,ORD-000893,2999.00,"{""base_amount"":2541.53,""cgst"":228.74,""sgst"":228.73,""igst"":0.0,""tax_rate"":0.18}",2026-08-13T16:31:00+00:00
INV-000894,ORD-000894,9999.00,"{""base_amount"":8473.73,""cgst"":762.63,""sgst"":762.64,""igst"":0.0,""tax_rate"":0.18}",2026-08-17T16:31:00+00:00
INV-000895,ORD-000895,7500.00,"{""base_amount"":6355.93,""cgst"":572.03,""sgst"":572.04,""igst"":0.0,""tax_rate"":0.18}",2026-08-01T16:31:00+00:00
INV-000896,ORD-000896,999.00,"{""base_amount"":846.61,""cgst"":76.19,""sgst"":76.2,""igst"":0.0,""tax_rate"":0.18}",2026-08-05T16:31:00+00:00
INV-000897,ORD-000897,1999.00,"{""base_amount"":1694.07,""cgst"":152.47,""sgst"":152.46,""igst"":0.0,""tax_rate"":0.18}",2026-08-09T16:31:00+00:00
INV-000898,ORD-000898,1499.50,"{""base_amount"":1270.76,""cgst"":114.37,""sgst"":114.37,""igst"":0.0,""tax_rate"":0.18}",2026-08-13T16:31:00+00:00
INV-000899,ORD-000899,299.00,"{""base_amount"":253.39,""cgst"":22.8,""sgst"":22.81,""igst"":0.0,""tax_rate"":0.18}",2026-08-17T16:31:00+00:00
INV-000900,ORD-000900,25000.00,"{""base_amount"":21186.44,""cgst"":1906.78,""sgst"":1906.78,""igst"":0.0,""tax_rate"":0.18}",2026-08-01T16:31:00+00:00
INV-000901,ORD-000901,1499.50,"{""base_amount"":1270.76,""cgst"":114.37,""sgst"":114.37,""igst"":0.0,""tax_rate"":0.18}",2026-08-03T12:01:00+00:00
INV-000902,ORD-000902,1499.50,"{""base_amount"":1270.76,""cgst"":114.37,""sgst"":114.37,""igst"":0.0,""tax_rate"":0.18}",2026-08-05T12:01:00+00:00
INV-000903,ORD-000903,1499.50,"{""base_amount"":1270.76,""cgst"":114.37,""sgst"":114.37,""igst"":0.0,""tax_rate"":0.18}",2026-08-07T12:01:00+00:00
INV-000904,ORD-000904,1499.50,"{""base_amount"":1270.76,""cgst"":114.37,""sgst"":114.37,""igst"":0.0,""tax_rate"":0.18}",2026-08-09T12:01:00+00:00
INV-000905,ORD-000905,1499.50,"{""base_amount"":1270.76,""cgst"":114.37,""sgst"":114.37,""igst"":0.0,""tax_rate"":0.18}",2026-08-11T12:01:00+00:00
INV-000906,ORD-000906,1499.50,"{""base_amount"":1270.76,""cgst"":114.37,""sgst"":114.37,""igst"":0.0,""tax_rate"":0.18}",2026-08-13T12:01:00+00:00
INV-000907,ORD-000907,1499.50,"{""base_amount"":1270.76,""cgst"":114.37,""sgst"":114.37,""igst"":0.0,""tax_rate"":0.18}",2026-08-15T12:01:00+00:00
INV-000908,ORD-000908,1499.50,"{""base_amount"":1270.76,""cgst"":114.37,""sgst"":114.37,""igst"":0.0,""tax_rate"":0.18}",2026-08-17T12:01:00+00:00
INV-000909,ORD-000909,1499.50,"{""base_amount"":1270.76,""cgst"":114.37,""sgst"":114.37,""igst"":0.0,""tax_rate"":0.18}",2026-08-19T12:01:00+00:00
INV-000910,ORD-000910,1499.50,"{""base_amount"":1270.76,""cgst"":114.37,""sgst"":114.37,""igst"":0.0,""tax_rate"":0.18}",2026-08-21T12:01:00+00:00
INV-000911,ORD-000911,1499.50,"{""base_amount"":1270.76,""cgst"":114.37,""sgst"":114.37,""igst"":0.0,""tax_rate"":0.18}",2026-08-23T12:01:00+00:00
INV-000912,ORD-000912,1499.50,"{""base_amount"":1270.76,""cgst"":114.37,""sgst"":114.37,""igst"":0.0,""tax_rate"":0.18}",2026-08-25T12:01:00+00:00
INV-000913,ORD-000913,1499.50,"{""base_amount"":1270.76,""cgst"":114.37,""sgst"":114.37,""igst"":0.0,""tax_rate"":0.18}",2026-08-02T12:01:00+00:00
INV-000914,ORD-000914,1499.50,"{""base_amount"":1270.76,""cgst"":114.37,""sgst"":114.37,""igst"":0.0,""tax_rate"":0.18}",2026-08-04T12:01:00+00:00
INV-000915,ORD-000915,1499.50,"{""base_amount"":1270.76,""cgst"":114.37,""sgst"":114.37,""igst"":0.0,""tax_rate"":0.18}",2026-08-06T12:01:00+00:00
INV-000916,ORD-000916,1499.50,"{""base_amount"":1270.76,""cgst"":114.37,""sgst"":114.37,""igst"":0.0,""tax_rate"":0.18}",2026-08-08T12:01:00+00:00
INV-000917,ORD-000917,1499.50,"{""base_amount"":1270.76,""cgst"":114.37,""sgst"":114.37,""igst"":0.0,""tax_rate"":0.18}",2026-08-10T12:01:00+00:00
INV-000918,ORD-000918,1499.50,"{""base_amount"":1270.76,""cgst"":114.37,""sgst"":114.37,""igst"":0.0,""tax_rate"":0.18}",2026-08-12T12:01:00+00:00
INV-000919,ORD-000919,1499.50,"{""base_amount"":1270.76,""cgst"":114.37,""sgst"":114.37,""igst"":0.0,""tax_rate"":0.18}",2026-08-14T12:01:00+00:00
INV-000920,ORD-000920,1499.50,"{""base_amount"":1270.76,""cgst"":114.37,""sgst"":114.37,""igst"":0.0,""tax_rate"":0.18}",2026-08-16T12:01:00+00:00
INV-000921,ORD-000921,1999.00,"{""base_amount"":1694.07,""cgst"":152.47,""sgst"":152.46,""igst"":0.0,""tax_rate"":0.18}",2026-08-14T15:31:00+00:00
INV-000922,ORD-000922,25000.00,"{""base_amount"":21186.44,""cgst"":1906.78,""sgst"":1906.78,""igst"":0.0,""tax_rate"":0.18}",2026-08-17T15:31:00+00:00
INV-000923,ORD-000923,3499.00,"{""base_amount"":2965.25,""cgst"":266.88,""sgst"":266.87,""igst"":0.0,""tax_rate"":0.18}",2026-08-20T15:31:00+00:00
INV-000924,ORD-000924,799.00,"{""base_amount"":677.12,""cgst"":60.94,""sgst"":60.94,""igst"":0.0,""tax_rate"":0.18}",2026-08-23T15:31:00+00:00
INV-000925,ORD-000925,14999.00,"{""base_amount"":12711.02,""cgst"":1143.99,""sgst"":1143.99,""igst"":0.0,""tax_rate"":0.18}",2026-08-01T15:31:00+00:00
INV-000926,ORD-000926,49999.00,"{""base_amount"":42372.03,""cgst"":3813.49,""sgst"":3813.48,""igst"":0.0,""tax_rate"":0.18}",2026-08-04T15:31:00+00:00
INV-000927,ORD-000927,1299.00,"{""base_amount"":1100.85,""cgst"":99.08,""sgst"":99.07,""igst"":0.0,""tax_rate"":0.18}",2026-08-07T15:31:00+00:00
INV-000928,ORD-000928,3499.00,"{""base_amount"":2965.25,""cgst"":266.88,""sgst"":266.87,""igst"":0.0,""tax_rate"":0.18}",2026-08-10T15:31:00+00:00
INV-000929,ORD-000929,2499.00,"{""base_amount"":2117.8,""cgst"":190.6,""sgst"":190.6,""igst"":0.0,""tax_rate"":0.18}",2026-08-13T15:31:00+00:00
INV-000930,ORD-000930,2999.00,"{""base_amount"":2541.53,""cgst"":228.74,""sgst"":228.73,""igst"":0.0,""tax_rate"":0.18}",2026-08-16T15:31:00+00:00
INV-000931,ORD-000931,1299.00,"{""base_amount"":1100.85,""cgst"":99.08,""sgst"":99.07,""igst"":0.0,""tax_rate"":0.18}",2026-08-19T15:31:00+00:00
INV-000932,ORD-000932,14999.00,"{""base_amount"":12711.02,""cgst"":1143.99,""sgst"":1143.99,""igst"":0.0,""tax_rate"":0.18}",2026-08-22T15:31:00+00:00
INV-000933,ORD-000933,9999.00,"{""base_amount"":8473.73,""cgst"":762.63,""sgst"":762.64,""igst"":0.0,""tax_rate"":0.18}",2026-08-25T15:31:00+00:00
INV-000934,ORD-000934,799.00,"{""base_amount"":677.12,""cgst"":60.94,""sgst"":60.94,""igst"":0.0,""tax_rate"":0.18}",2026-08-03T15:31:00+00:00
INV-000935,ORD-000935,25000.00,"{""base_amount"":21186.44,""cgst"":1906.78,""sgst"":1906.78,""igst"":0.0,""tax_rate"":0.18}",2026-08-06T15:31:00+00:00
INV-000936,ORD-000936,49999.00,"{""base_amount"":42372.03,""cgst"":3813.49,""sgst"":3813.48,""igst"":0.0,""tax_rate"":0.18}",2026-08-09T15:31:00+00:00
INV-000937,ORD-000937,9999.00,"{""base_amount"":8473.73,""cgst"":762.63,""sgst"":762.64,""igst"":0.0,""tax_rate"":0.18}",2026-08-12T15:31:00+00:00
INV-000938,ORD-000938,14999.00,"{""base_amount"":12711.02,""cgst"":1143.99,""sgst"":1143.99,""igst"":0.0,""tax_rate"":0.18}",2026-08-15T15:31:00+00:00
INV-000939,ORD-000939,499.00,"{""base_amount"":422.88,""cgst"":38.06,""sgst"":38.06,""igst"":0.0,""tax_rate"":0.18}",2026-08-18T15:31:00+00:00
INV-000940,ORD-000940,7500.00,"{""base_amount"":6355.93,""cgst"":572.03,""sgst"":572.04,""igst"":0.0,""tax_rate"":0.18}",2026-08-21T15:31:00+00:00
INV-000941,ORD-000951,2499.00,"{""base_amount"":2117.8,""cgst"":190.6,""sgst"":190.6,""igst"":0.0,""tax_rate"":0.18}",2026-08-03T18:21:00+00:00
INV-000942,ORD-000952,2499.00,"{""base_amount"":2117.8,""cgst"":190.6,""sgst"":190.6,""igst"":0.0,""tax_rate"":0.18}",2026-08-05T18:21:00+00:00
INV-000943,ORD-000953,2499.00,"{""base_amount"":2117.8,""cgst"":190.6,""sgst"":190.6,""igst"":0.0,""tax_rate"":0.18}",2026-08-07T18:21:00+00:00
INV-000944,ORD-000954,2499.00,"{""base_amount"":2117.8,""cgst"":190.6,""sgst"":190.6,""igst"":0.0,""tax_rate"":0.18}",2026-08-09T18:21:00+00:00
INV-000945,ORD-000955,2499.00,"{""base_amount"":2117.8,""cgst"":190.6,""sgst"":190.6,""igst"":0.0,""tax_rate"":0.18}",2026-08-11T18:21:00+00:00
INV-000946,ORD-000956,2499.00,"{""base_amount"":2117.8,""cgst"":190.6,""sgst"":190.6,""igst"":0.0,""tax_rate"":0.18}",2026-08-13T18:21:00+00:00
INV-000947,ORD-000957,2499.00,"{""base_amount"":2117.8,""cgst"":190.6,""sgst"":190.6,""igst"":0.0,""tax_rate"":0.18}",2026-08-15T18:21:00+00:00
INV-000948,ORD-000958,2499.00,"{""base_amount"":2117.8,""cgst"":190.6,""sgst"":190.6,""igst"":0.0,""tax_rate"":0.18}",2026-08-17T18:21:00+00:00
INV-000949,ORD-000959,2499.00,"{""base_amount"":2117.8,""cgst"":190.6,""sgst"":190.6,""igst"":0.0,""tax_rate"":0.18}",2026-08-19T18:21:00+00:00
INV-000950,ORD-000960,2499.00,"{""base_amount"":2117.8,""cgst"":190.6,""sgst"":190.6,""igst"":0.0,""tax_rate"":0.18}",2026-08-21T18:21:00+00:00
INV-000951,ORD-000961,2499.00,"{""base_amount"":2117.8,""cgst"":190.6,""sgst"":190.6,""igst"":0.0,""tax_rate"":0.18}",2026-08-23T18:21:00+00:00
INV-000952,ORD-000962,2499.00,"{""base_amount"":2117.8,""cgst"":190.6,""sgst"":190.6,""igst"":0.0,""tax_rate"":0.18}",2026-08-25T18:21:00+00:00
INV-000953,ORD-000963,2499.00,"{""base_amount"":2117.8,""cgst"":190.6,""sgst"":190.6,""igst"":0.0,""tax_rate"":0.18}",2026-08-02T18:21:00+00:00
INV-000954,ORD-000964,2499.00,"{""base_amount"":2117.8,""cgst"":190.6,""sgst"":190.6,""igst"":0.0,""tax_rate"":0.18}",2026-08-04T18:21:00+00:00
INV-000955,ORD-000965,2499.00,"{""base_amount"":2117.8,""cgst"":190.6,""sgst"":190.6,""igst"":0.0,""tax_rate"":0.18}",2026-08-06T18:21:00+00:00
INV-000956,ORD-000966,2499.00,"{""base_amount"":2117.8,""cgst"":190.6,""sgst"":190.6,""igst"":0.0,""tax_rate"":0.18}",2026-08-08T18:21:00+00:00
INV-000957,ORD-000967,2499.00,"{""base_amount"":2117.8,""cgst"":190.6,""sgst"":190.6,""igst"":0.0,""tax_rate"":0.18}",2026-08-10T18:21:00+00:00
INV-000958,ORD-000968,2499.00,"{""base_amount"":2117.8,""cgst"":190.6,""sgst"":190.6,""igst"":0.0,""tax_rate"":0.18}",2026-08-12T18:21:00+00:00
INV-000959,ORD-000969,2499.00,"{""base_amount"":2117.8,""cgst"":190.6,""sgst"":190.6,""igst"":0.0,""tax_rate"":0.18}",2026-08-14T18:21:00+00:00
INV-000960,ORD-000970,2499.00,"{""base_amount"":2117.8,""cgst"":190.6,""sgst"":190.6,""igst"":0.0,""tax_rate"":0.18}",2026-08-16T18:21:00+00:00
INV-000961,ORD-000991,299.00,"{""base_amount"":253.39,""cgst"":22.8,""sgst"":22.81,""igst"":0.0,""tax_rate"":0.18}",2026-08-24T10:31:00+00:00
INV-000962,ORD-000992,999.00,"{""base_amount"":846.61,""cgst"":76.19,""sgst"":76.2,""igst"":0.0,""tax_rate"":0.18}",2026-08-02T10:31:00+00:00
INV-000963,ORD-000993,2999.00,"{""base_amount"":2541.53,""cgst"":228.74,""sgst"":228.73,""igst"":0.0,""tax_rate"":0.18}",2026-08-05T10:31:00+00:00
INV-000964,ORD-000994,2499.00,"{""base_amount"":2117.8,""cgst"":190.6,""sgst"":190.6,""igst"":0.0,""tax_rate"":0.18}",2026-08-08T10:31:00+00:00
INV-000965,ORD-000995,2499.00,"{""base_amount"":2117.8,""cgst"":190.6,""sgst"":190.6,""igst"":0.0,""tax_rate"":0.18}",2026-08-11T10:31:00+00:00
INV-000966,ORD-000996,25000.00,"{""base_amount"":21186.44,""cgst"":1906.78,""sgst"":1906.78,""igst"":0.0,""tax_rate"":0.18}",2026-08-14T10:31:00+00:00
INV-000967,ORD-000997,7500.00,"{""base_amount"":6355.93,""cgst"":572.03,""sgst"":572.04,""igst"":0.0,""tax_rate"":0.18}",2026-08-17T10:31:00+00:00
INV-000968,ORD-000998,9999.00,"{""base_amount"":8473.73,""cgst"":762.63,""sgst"":762.64,""igst"":0.0,""tax_rate"":0.18}",2026-08-20T10:31:00+00:00
INV-000969,ORD-000999,25000.00,"{""base_amount"":21186.44,""cgst"":1906.78,""sgst"":1906.78,""igst"":0.0,""tax_rate"":0.18}",2026-08-23T10:31:00+00:00
INV-000970,ORD-001000,1299.00,"{""base_amount"":1100.85,""cgst"":99.08,""sgst"":99.07,""igst"":0.0,""tax_rate"":0.18}",2026-08-01T10:31:00+00:00
